Added Component: Designator=C1(SMD 10.3x10.3x10.0mm)
Add component (AddParameter): Name = "DNP"; Value = ""; VariantName = "[No Variations]"
Add component (AddParameter): Name = "Manufacturer"; Value = "Nichicon"; VariantName = "[No Variations]"
Add component (AddParameter): Name = "Manufacturer Part Number"; Value = "PCV1H101MCL2GS"; VariantName = "[No Variations]"
Add component (AddParameter): Name = "Supplier Part Number"; Value = "493-4558-1-ND"; VariantName = "[No Variations]"
Add component (AddParameter): Name = "Value"; Value = "100uF"; VariantName = "[No Variations]"
Added Component: Designator=C2(CAP1206)
Add component (AddParameter): Name = "Assembly"; Value = ""; VariantName = "[No Variations]"
Add component (AddParameter): Name = "Manufacturer Part Number"; Value = "12061Z475KAT2A"; VariantName = "[No Variations]"
Add component (AddParameter): Name = "Order Code"; Value = "DIGI : 445-180362-1-ND"; VariantName = "[No Variations]"
Add component (AddParameter): Name = "Value"; Value = "4.7uF 100V"; VariantName = "[No Variations]"
Added Component: Designator=C3(CAP1206)
Add component (AddParameter): Name = "Assembly"; Value = ""; VariantName = "[No Variations]"
Add component (AddParameter): Name = "Manufacturer Part Number"; Value = "12061Z475KAT2A"; VariantName = "[No Variations]"
Add component (AddParameter): Name = "Order Code"; Value = "DIGI : 445-180362-1-ND"; VariantName = "[No Variations]"
Add component (AddParameter): Name = "Value"; Value = "4.7uF 100V"; VariantName = "[No Variations]"
Added Component: Designator=C4(CAP1206)
Add component (AddParameter): Name = "Assembly"; Value = ""; VariantName = "[No Variations]"
Add component (AddParameter): Name = "Manufacturer Part Number"; Value = "12061Z475KAT2A"; VariantName = "[No Variations]"
Add component (AddParameter): Name = "Order Code"; Value = "DIGI : 445-180362-1-ND"; VariantName = "[No Variations]"
Add component (AddParameter): Name = "Value"; Value = "4.7uF 100V"; VariantName = "[No Variations]"
Added Component: Designator=C5(CAP1206)
Add component (AddParameter): Name = "Assembly"; Value = ""; VariantName = "[No Variations]"
Add component (AddParameter): Name = "Manufacturer Part Number"; Value = "12061Z475KAT2A"; VariantName = "[No Variations]"
Add component (AddParameter): Name = "Order Code"; Value = "DIGI : 445-180362-1-ND"; VariantName = "[No Variations]"
Add component (AddParameter): Name = "Value"; Value = "4.7uF 100V"; VariantName = "[No Variations]"
Added Component: Designator=C6(0402_C)
Add component (AddParameter): Name = "Manufacturer"; Value = "TDK Corporation"; VariantName = "[No Variations]"
Add component (AddParameter): Name = "Manufacturer Part Number"; Value = "C1005X7R1H104K050BB"; VariantName = "[No Variations]"
Add component (AddParameter): Name = "Supplier Part Number"; Value = "445-5932-1-ND"; VariantName = "[No Variations]"
Add component (AddParameter): Name = "Value"; Value = "0.1uF"; VariantName = "[No Variations]"
Added Component: Designator=C7(CAPC0603X03L_C)
Add component (AddParameter): Name = "Artikkelnr Noca"; Value = "N.A."; VariantName = "[No Variations]"
Add component (AddParameter): Name = "Assembly"; Value = ""; VariantName = "[No Variations]"
Add component (AddParameter): Name = "Author"; Value = "rsk"; VariantName = "[No Variations]"
Add component (AddParameter): Name = "Component Class"; Value = "Capacitors"; VariantName = "[No Variations]"
Add component (AddParameter): Name = "Component Status"; Value = "Active"; VariantName = "[No Variations]"
Add component (AddParameter): Name = "ComponentLink1Description"; Value = "Datasheet"; VariantName = "[No Variations]"
Add component (AddParameter): Name = "ComponentLink1URL"; Value = "N.A."; VariantName = "[No Variations]"
Add component (AddParameter): Name = "ComponentLink2Description"; Value = "Supplier link"; VariantName = "[No Variations]"
Add component (AddParameter): Name = "ComponentLink2URL"; Value = "N.A."; VariantName = "[No Variations]"
Add component (AddParameter): Name = "Footprint Doc"; Value = "0201"; VariantName = "[No Variations]"
Add component (AddParameter): Name = "HelpURL"; Value = "N.A."; VariantName = "[No Variations]"
Add component (AddParameter): Name = "LatestRevisionDate"; Value = "2017-11-09"; VariantName = "[No Variations]"
Add component (AddParameter): Name = "Manufacturer"; Value = "N.A."; VariantName = "[No Variations]"
Add component (AddParameter): Name = "Manufacturer Part Number"; Value = "N.A."; VariantName = "[No Variations]"
Add component (AddParameter): Name = "Note"; Value = "16V"; VariantName = "[No Variations]"
Add component (AddParameter): Name = "Pad Count"; Value = "2"; VariantName = "[No Variations]"
Add component (AddParameter): Name = "Part Number"; Value = "C0201-100n"; VariantName = "[No Variations]"
Add component (AddParameter): Name = "Part number IPS"; Value = "00000001248, 00000002505"; VariantName = "[No Variations]"
Add component (AddParameter): Name = "Part number NEMS"; Value = "100200078"; VariantName = "[No Variations]"
Add component (AddParameter): Name = "Part number Norautron"; Value = "262071862"; VariantName = "[No Variations]"
Add component (AddParameter): Name = "PartId"; Value = "100200078"; VariantName = "[No Variations]"
Add component (AddParameter): Name = "Published"; Value = "2014-11-13"; VariantName = "[No Variations]"
Add component (AddParameter): Name = "Supplier 1"; Value = "N.A."; VariantName = "[No Variations]"
Add component (AddParameter): Name = "Supplier 2"; Value = "N.A."; VariantName = "[No Variations]"
Add component (AddParameter): Name = "Supplier Part Number 1"; Value = "N.A."; VariantName = "[No Variations]"
Add component (AddParameter): Name = "Supplier Part Number 2"; Value = "N.A."; VariantName = "[No Variations]"
Add component (AddParameter): Name = "Value"; Value = "100nF"; VariantName = "[No Variations]"
Added Component: Designator=C8(0402_C)
Add component (AddParameter): Name = "Manufacturer"; Value = "TDK Corporation"; VariantName = "[No Variations]"
Add component (AddParameter): Name = "Manufacturer Part Number"; Value = "C1005X7R1H104K050BB"; VariantName = "[No Variations]"
Add component (AddParameter): Name = "Supplier Part Number"; Value = "445-5932-1-ND"; VariantName = "[No Variations]"
Add component (AddParameter): Name = "Value"; Value = "0.1uF"; VariantName = "[No Variations]"
Added Component: Designator=C9(SMD 10.3x10.3x10.0mm)
Add component (AddParameter): Name = "DNP"; Value = ""; VariantName = "[No Variations]"
Add component (AddParameter): Name = "Manufacturer"; Value = "Nichicon"; VariantName = "[No Variations]"
Add component (AddParameter): Name = "Manufacturer Part Number"; Value = "PCV1H101MCL2GS"; VariantName = "[No Variations]"
Add component (AddParameter): Name = "Supplier Part Number"; Value = "493-4558-1-ND"; VariantName = "[No Variations]"
Add component (AddParameter): Name = "Value"; Value = "100uF"; VariantName = "[No Variations]"
Added Component: Designator=C10(SMD 10.3x10.3x10.0mm)
Add component (AddParameter): Name = "DNP"; Value = ""; VariantName = "[No Variations]"
Add component (AddParameter): Name = "Manufacturer"; Value = "Nichicon"; VariantName = "[No Variations]"
Add component (AddParameter): Name = "Manufacturer Part Number"; Value = "PCV1H101MCL2GS"; VariantName = "[No Variations]"
Add component (AddParameter): Name = "Supplier Part Number"; Value = "493-4558-1-ND"; VariantName = "[No Variations]"
Add component (AddParameter): Name = "Value"; Value = "100uF"; VariantName = "[No Variations]"
Added Component: Designator=C11(CAP 0805_2012)
Add component (AddParameter): Name = "Applications"; Value = "General Purpose"; VariantName = "[No Variations]"
Add component (AddParameter): Name = "Capacitance"; Value = "4.7 µF"; VariantName = "[No Variations]"
Add component (AddParameter): Name = "componentlink1description"; Value = "Datasheet"; VariantName = "[No Variations]"
Add component (AddParameter): Name = "componentlink1url"; Value = "https://search.murata.co.jp/Ceramy/image/img/A01X/G101/ENG/GRM21BZ71H475KE15-01.pdf"; VariantName = "[No Variations]"
Add component (AddParameter): Name = "componentlink2description"; Value = "DigiKey Link"; VariantName = "[No Variations]"
Add component (AddParameter): Name = "componentlink2url"; Value = "https://www.digikey.com/en/products/detail/murata-electronics/GRM21BZ71H475KE15K/13904908"; VariantName = "[No Variations]"
Add component (AddParameter): Name = "Device Package"; Value = "0805 (2012 Metric)"; VariantName = "[No Variations]"
Add component (AddParameter): Name = "lastupdated"; Value = "6.04.2026 19:31:51"; VariantName = "[No Variations]"
Add component (AddParameter): Name = "Lifecycle Status"; Value = "Active"; VariantName = "[No Variations]"
Add component (AddParameter): Name = "manufacturer"; Value = "Murata Electronics"; VariantName = "[No Variations]"
Add component (AddParameter): Name = "Minimum Order"; Value = "1"; VariantName = "[No Variations]"
Add component (AddParameter): Name = "Mounting Type"; Value = "Surface Mount, MLCC"; VariantName = "[No Variations]"
Add component (AddParameter): Name = "Operating Temperature"; Value = "-55°C ~ 125°C"; VariantName = "[No Variations]"
Add component (AddParameter): Name = "Package / Case"; Value = "0805 (2012 Metric)"; VariantName = "[No Variations]"
Add component (AddParameter): Name = "packaging"; Value = "TapeAndReel"; VariantName = "[No Variations]"
Add component (AddParameter): Name = "Part Number"; Value = "GRM21BZ71H475KE15K"; VariantName = "[No Variations]"
Add component (AddParameter): Name = "Part Status"; Value = "Active"; VariantName = "[No Variations]"
Add component (AddParameter): Name = "partid"; Value = "39591"; VariantName = "[No Variations]"
Add component (AddParameter): Name = "price"; Value = "0.17"; VariantName = "[No Variations]"
Add component (AddParameter): Name = "series"; Value = "GRM"; VariantName = "[No Variations]"
Add component (AddParameter): Name = "Size / Dimension"; Value = "0.079" L x 0.049" W (2.00mm x 1.25mm)"; VariantName = "[No Variations]"
Add component (AddParameter): Name = "Supplier 1"; Value = "DigiKey"; VariantName = "[No Variations]"
Add component (AddParameter): Name = "Supplier Part Number 1"; Value = "490-GRM21BZ71H475KE15KCT-ND"; VariantName = "[No Variations]"
Add component (AddParameter): Name = "Temperature Coefficient"; Value = "X7R"; VariantName = "[No Variations]"
Add component (AddParameter): Name = "Thickness (Max)"; Value = "0.057" (1.45mm)"; VariantName = "[No Variations]"
Add component (AddParameter): Name = "Tolerance"; Value = "±10%"; VariantName = "[No Variations]"
Add component (AddParameter): Name = "value"; Value = "4.7 µF"; VariantName = "[No Variations]"
Add component (AddParameter): Name = "Voltage - Rated"; Value = "50V"; VariantName = "[No Variations]"
Added Component: Designator=C12(CAP 0603_1608)
Add component (AddParameter): Name = "Applications"; Value = "Automotive"; VariantName = "[No Variations]"
Add component (AddParameter): Name = "Capacitance"; Value = "0.1 µF"; VariantName = "[No Variations]"
Add component (AddParameter): Name = "componentlink1description"; Value = "Datasheet"; VariantName = "[No Variations]"
Add component (AddParameter): Name = "componentlink1url"; Value = "https://psearch.en.murata.com/capacitor/product/GCM188R71H104KA57%23.pdf"; VariantName = "[No Variations]"
Add component (AddParameter): Name = "componentlink2description"; Value = "DigiKey Link"; VariantName = "[No Variations]"
Add component (AddParameter): Name = "componentlink2url"; Value = "https://www.digikey.com/en/products/detail/murata-electronics/GCM188R71H104KA57J/2591942"; VariantName = "[No Variations]"
Add component (AddParameter): Name = "Device Package"; Value = "0603 (1608 Metric)"; VariantName = "[No Variations]"
Add component (AddParameter): Name = "lastupdated"; Value = "6.04.2026 19:22:36"; VariantName = "[No Variations]"
Add component (AddParameter): Name = "Lifecycle Status"; Value = "Active"; VariantName = "[No Variations]"
Add component (AddParameter): Name = "manufacturer"; Value = "Murata Electronics"; VariantName = "[No Variations]"
Add component (AddParameter): Name = "Minimum Order"; Value = "1"; VariantName = "[No Variations]"
Add component (AddParameter): Name = "Mounting Type"; Value = "Surface Mount, MLCC"; VariantName = "[No Variations]"
Add component (AddParameter): Name = "Operating Temperature"; Value = "-55°C ~ 125°C"; VariantName = "[No Variations]"
Add component (AddParameter): Name = "Package / Case"; Value = "0603 (1608 Metric)"; VariantName = "[No Variations]"
Add component (AddParameter): Name = "packaging"; Value = "TapeAndReel"; VariantName = "[No Variations]"
Add component (AddParameter): Name = "Part Number"; Value = "GCM188R71H104KA57J"; VariantName = "[No Variations]"
Add component (AddParameter): Name = "Part Status"; Value = "Not For New Designs"; VariantName = "[No Variations]"
Add component (AddParameter): Name = "partid"; Value = "60442"; VariantName = "[No Variations]"
Add component (AddParameter): Name = "price"; Value = "0.03"; VariantName = "[No Variations]"
Add component (AddParameter): Name = "Ratings"; Value = "AEC-Q200"; VariantName = "[No Variations]"
Add component (AddParameter): Name = "series"; Value = "GCM"; VariantName = "[No Variations]"
Add component (AddParameter): Name = "Size / Dimension"; Value = "0.063" L x 0.031" W (1.60mm x 0.80mm)"; VariantName = "[No Variations]"
Add component (AddParameter): Name = "Supplier 1"; Value = "DigiKey"; VariantName = "[No Variations]"
Add component (AddParameter): Name = "Supplier Part Number 1"; Value = "490-8020-1-ND"; VariantName = "[No Variations]"
Add component (AddParameter): Name = "Temperature Coefficient"; Value = "X7R"; VariantName = "[No Variations]"
Add component (AddParameter): Name = "Thickness (Max)"; Value = "0.035" (0.90mm)"; VariantName = "[No Variations]"
Add component (AddParameter): Name = "Tolerance"; Value = "±10%"; VariantName = "[No Variations]"
Add component (AddParameter): Name = "Voltage - Rated"; Value = "50V"; VariantName = "[No Variations]"
Added Component: Designator=C13(CAP 0603_1608)
Add component (AddParameter): Name = "Applications"; Value = "Automotive"; VariantName = "[No Variations]"
Add component (AddParameter): Name = "Capacitance"; Value = "0.1 µF"; VariantName = "[No Variations]"
Add component (AddParameter): Name = "componentlink1description"; Value = "Datasheet"; VariantName = "[No Variations]"
Add component (AddParameter): Name = "componentlink1url"; Value = "https://psearch.en.murata.com/capacitor/product/GCM188R71H104KA57%23.pdf"; VariantName = "[No Variations]"
Add component (AddParameter): Name = "componentlink2description"; Value = "DigiKey Link"; VariantName = "[No Variations]"
Add component (AddParameter): Name = "componentlink2url"; Value = "https://www.digikey.com/en/products/detail/murata-electronics/GCM188R71H104KA57J/2591942"; VariantName = "[No Variations]"
Add component (AddParameter): Name = "Device Package"; Value = "0603 (1608 Metric)"; VariantName = "[No Variations]"
Add component (AddParameter): Name = "lastupdated"; Value = "6.04.2026 19:22:36"; VariantName = "[No Variations]"
Add component (AddParameter): Name = "Lifecycle Status"; Value = "Active"; VariantName = "[No Variations]"
Add component (AddParameter): Name = "manufacturer"; Value = "Murata Electronics"; VariantName = "[No Variations]"
Add component (AddParameter): Name = "Minimum Order"; Value = "1"; VariantName = "[No Variations]"
Add component (AddParameter): Name = "Mounting Type"; Value = "Surface Mount, MLCC"; VariantName = "[No Variations]"
Add component (AddParameter): Name = "Operating Temperature"; Value = "-55°C ~ 125°C"; VariantName = "[No Variations]"
Add component (AddParameter): Name = "Package / Case"; Value = "0603 (1608 Metric)"; VariantName = "[No Variations]"
Add component (AddParameter): Name = "packaging"; Value = "TapeAndReel"; VariantName = "[No Variations]"
Add component (AddParameter): Name = "Part Number"; Value = "GCM188R71H104KA57J"; VariantName = "[No Variations]"
Add component (AddParameter): Name = "Part Status"; Value = "Not For New Designs"; VariantName = "[No Variations]"
Add component (AddParameter): Name = "partid"; Value = "60442"; VariantName = "[No Variations]"
Add component (AddParameter): Name = "price"; Value = "0.03"; VariantName = "[No Variations]"
Add component (AddParameter): Name = "Ratings"; Value = "AEC-Q200"; VariantName = "[No Variations]"
Add component (AddParameter): Name = "series"; Value = "GCM"; VariantName = "[No Variations]"
Add component (AddParameter): Name = "Size / Dimension"; Value = "0.063" L x 0.031" W (1.60mm x 0.80mm)"; VariantName = "[No Variations]"
Add component (AddParameter): Name = "Supplier 1"; Value = "DigiKey"; VariantName = "[No Variations]"
Add component (AddParameter): Name = "Supplier Part Number 1"; Value = "490-8020-1-ND"; VariantName = "[No Variations]"
Add component (AddParameter): Name = "Temperature Coefficient"; Value = "X7R"; VariantName = "[No Variations]"
Add component (AddParameter): Name = "Thickness (Max)"; Value = "0.035" (0.90mm)"; VariantName = "[No Variations]"
Add component (AddParameter): Name = "Tolerance"; Value = "±10%"; VariantName = "[No Variations]"
Add component (AddParameter): Name = "Voltage - Rated"; Value = "50V"; VariantName = "[No Variations]"
Added Component: Designator=C14(CAP 0603_1608)
Add component (AddParameter): Name = "Applications"; Value = "Automotive"; VariantName = "[No Variations]"
Add component (AddParameter): Name = "Capacitance"; Value = "0.1 µF"; VariantName = "[No Variations]"
Add component (AddParameter): Name = "componentlink1description"; Value = "Datasheet"; VariantName = "[No Variations]"
Add component (AddParameter): Name = "componentlink1url"; Value = "https://psearch.en.murata.com/capacitor/product/GCM188R71H104KA57%23.pdf"; VariantName = "[No Variations]"
Add component (AddParameter): Name = "componentlink2description"; Value = "DigiKey Link"; VariantName = "[No Variations]"
Add component (AddParameter): Name = "componentlink2url"; Value = "https://www.digikey.com/en/products/detail/murata-electronics/GCM188R71H104KA57J/2591942"; VariantName = "[No Variations]"
Add component (AddParameter): Name = "Device Package"; Value = "0603 (1608 Metric)"; VariantName = "[No Variations]"
Add component (AddParameter): Name = "lastupdated"; Value = "6.04.2026 19:22:36"; VariantName = "[No Variations]"
Add component (AddParameter): Name = "Lifecycle Status"; Value = "Active"; VariantName = "[No Variations]"
Add component (AddParameter): Name = "manufacturer"; Value = "Murata Electronics"; VariantName = "[No Variations]"
Add component (AddParameter): Name = "Minimum Order"; Value = "1"; VariantName = "[No Variations]"
Add component (AddParameter): Name = "Mounting Type"; Value = "Surface Mount, MLCC"; VariantName = "[No Variations]"
Add component (AddParameter): Name = "Operating Temperature"; Value = "-55°C ~ 125°C"; VariantName = "[No Variations]"
Add component (AddParameter): Name = "Package / Case"; Value = "0603 (1608 Metric)"; VariantName = "[No Variations]"
Add component (AddParameter): Name = "packaging"; Value = "TapeAndReel"; VariantName = "[No Variations]"
Add component (AddParameter): Name = "Part Number"; Value = "GCM188R71H104KA57J"; VariantName = "[No Variations]"
Add component (AddParameter): Name = "Part Status"; Value = "Not For New Designs"; VariantName = "[No Variations]"
Add component (AddParameter): Name = "partid"; Value = "60442"; VariantName = "[No Variations]"
Add component (AddParameter): Name = "price"; Value = "0.03"; VariantName = "[No Variations]"
Add component (AddParameter): Name = "Ratings"; Value = "AEC-Q200"; VariantName = "[No Variations]"
Add component (AddParameter): Name = "series"; Value = "GCM"; VariantName = "[No Variations]"
Add component (AddParameter): Name = "Size / Dimension"; Value = "0.063" L x 0.031" W (1.60mm x 0.80mm)"; VariantName = "[No Variations]"
Add component (AddParameter): Name = "Supplier 1"; Value = "DigiKey"; VariantName = "[No Variations]"
Add component (AddParameter): Name = "Supplier Part Number 1"; Value = "490-8020-1-ND"; VariantName = "[No Variations]"
Add component (AddParameter): Name = "Temperature Coefficient"; Value = "X7R"; VariantName = "[No Variations]"
Add component (AddParameter): Name = "Thickness (Max)"; Value = "0.035" (0.90mm)"; VariantName = "[No Variations]"
Add component (AddParameter): Name = "Tolerance"; Value = "±10%"; VariantName = "[No Variations]"
Add component (AddParameter): Name = "Voltage - Rated"; Value = "50V"; VariantName = "[No Variations]"
Added Component: Designator=C15(CAP 0603_1608)
Add component (AddParameter): Name = "Applications"; Value = "Automotive"; VariantName = "[No Variations]"
Add component (AddParameter): Name = "Capacitance"; Value = "0.1 µF"; VariantName = "[No Variations]"
Add component (AddParameter): Name = "componentlink1description"; Value = "Datasheet"; VariantName = "[No Variations]"
Add component (AddParameter): Name = "componentlink1url"; Value = "https://psearch.en.murata.com/capacitor/product/GCM188R71H104KA57%23.pdf"; VariantName = "[No Variations]"
Add component (AddParameter): Name = "componentlink2description"; Value = "DigiKey Link"; VariantName = "[No Variations]"
Add component (AddParameter): Name = "componentlink2url"; Value = "https://www.digikey.com/en/products/detail/murata-electronics/GCM188R71H104KA57J/2591942"; VariantName = "[No Variations]"
Add component (AddParameter): Name = "Device Package"; Value = "0603 (1608 Metric)"; VariantName = "[No Variations]"
Add component (AddParameter): Name = "lastupdated"; Value = "6.04.2026 19:22:36"; VariantName = "[No Variations]"
Add component (AddParameter): Name = "Lifecycle Status"; Value = "Active"; VariantName = "[No Variations]"
Add component (AddParameter): Name = "manufacturer"; Value = "Murata Electronics"; VariantName = "[No Variations]"
Add component (AddParameter): Name = "Minimum Order"; Value = "1"; VariantName = "[No Variations]"
Add component (AddParameter): Name = "Mounting Type"; Value = "Surface Mount, MLCC"; VariantName = "[No Variations]"
Add component (AddParameter): Name = "Operating Temperature"; Value = "-55°C ~ 125°C"; VariantName = "[No Variations]"
Add component (AddParameter): Name = "Package / Case"; Value = "0603 (1608 Metric)"; VariantName = "[No Variations]"
Add component (AddParameter): Name = "packaging"; Value = "TapeAndReel"; VariantName = "[No Variations]"
Add component (AddParameter): Name = "Part Number"; Value = "GCM188R71H104KA57J"; VariantName = "[No Variations]"
Add component (AddParameter): Name = "Part Status"; Value = "Not For New Designs"; VariantName = "[No Variations]"
Add component (AddParameter): Name = "partid"; Value = "60442"; VariantName = "[No Variations]"
Add component (AddParameter): Name = "price"; Value = "0.03"; VariantName = "[No Variations]"
Add component (AddParameter): Name = "Ratings"; Value = "AEC-Q200"; VariantName = "[No Variations]"
Add component (AddParameter): Name = "series"; Value = "GCM"; VariantName = "[No Variations]"
Add component (AddParameter): Name = "Size / Dimension"; Value = "0.063" L x 0.031" W (1.60mm x 0.80mm)"; VariantName = "[No Variations]"
Add component (AddParameter): Name = "Supplier 1"; Value = "DigiKey"; VariantName = "[No Variations]"
Add component (AddParameter): Name = "Supplier Part Number 1"; Value = "490-8020-1-ND"; VariantName = "[No Variations]"
Add component (AddParameter): Name = "Temperature Coefficient"; Value = "X7R"; VariantName = "[No Variations]"
Add component (AddParameter): Name = "Thickness (Max)"; Value = "0.035" (0.90mm)"; VariantName = "[No Variations]"
Add component (AddParameter): Name = "Tolerance"; Value = "±10%"; VariantName = "[No Variations]"
Add component (AddParameter): Name = "Voltage - Rated"; Value = "50V"; VariantName = "[No Variations]"
Added Component: Designator=C16(CAP 0603_1608)
Add component (AddParameter): Name = "Applications"; Value = "Automotive"; VariantName = "[No Variations]"
Add component (AddParameter): Name = "Capacitance"; Value = "0.1 µF"; VariantName = "[No Variations]"
Add component (AddParameter): Name = "componentlink1description"; Value = "Datasheet"; VariantName = "[No Variations]"
Add component (AddParameter): Name = "componentlink1url"; Value = "https://psearch.en.murata.com/capacitor/product/GCM188R71H104KA57%23.pdf"; VariantName = "[No Variations]"
Add component (AddParameter): Name = "componentlink2description"; Value = "DigiKey Link"; VariantName = "[No Variations]"
Add component (AddParameter): Name = "componentlink2url"; Value = "https://www.digikey.com/en/products/detail/murata-electronics/GCM188R71H104KA57J/2591942"; VariantName = "[No Variations]"
Add component (AddParameter): Name = "Device Package"; Value = "0603 (1608 Metric)"; VariantName = "[No Variations]"
Add component (AddParameter): Name = "lastupdated"; Value = "6.04.2026 19:22:36"; VariantName = "[No Variations]"
Add component (AddParameter): Name = "Lifecycle Status"; Value = "Active"; VariantName = "[No Variations]"
Add component (AddParameter): Name = "manufacturer"; Value = "Murata Electronics"; VariantName = "[No Variations]"
Add component (AddParameter): Name = "Minimum Order"; Value = "1"; VariantName = "[No Variations]"
Add component (AddParameter): Name = "Mounting Type"; Value = "Surface Mount, MLCC"; VariantName = "[No Variations]"
Add component (AddParameter): Name = "Operating Temperature"; Value = "-55°C ~ 125°C"; VariantName = "[No Variations]"
Add component (AddParameter): Name = "Package / Case"; Value = "0603 (1608 Metric)"; VariantName = "[No Variations]"
Add component (AddParameter): Name = "packaging"; Value = "TapeAndReel"; VariantName = "[No Variations]"
Add component (AddParameter): Name = "Part Number"; Value = "GCM188R71H104KA57J"; VariantName = "[No Variations]"
Add component (AddParameter): Name = "Part Status"; Value = "Not For New Designs"; VariantName = "[No Variations]"
Add component (AddParameter): Name = "partid"; Value = "60442"; VariantName = "[No Variations]"
Add component (AddParameter): Name = "price"; Value = "0.03"; VariantName = "[No Variations]"
Add component (AddParameter): Name = "Ratings"; Value = "AEC-Q200"; VariantName = "[No Variations]"
Add component (AddParameter): Name = "series"; Value = "GCM"; VariantName = "[No Variations]"
Add component (AddParameter): Name = "Size / Dimension"; Value = "0.063" L x 0.031" W (1.60mm x 0.80mm)"; VariantName = "[No Variations]"
Add component (AddParameter): Name = "Supplier 1"; Value = "DigiKey"; VariantName = "[No Variations]"
Add component (AddParameter): Name = "Supplier Part Number 1"; Value = "490-8020-1-ND"; VariantName = "[No Variations]"
Add component (AddParameter): Name = "Temperature Coefficient"; Value = "X7R"; VariantName = "[No Variations]"
Add component (AddParameter): Name = "Thickness (Max)"; Value = "0.035" (0.90mm)"; VariantName = "[No Variations]"
Add component (AddParameter): Name = "Tolerance"; Value = "±10%"; VariantName = "[No Variations]"
Add component (AddParameter): Name = "Voltage - Rated"; Value = "50V"; VariantName = "[No Variations]"
Added Component: Designator=C17(CAP 0402_1005)
Add component (AddParameter): Name = "Applications"; Value = "General Purpose"; VariantName = "[No Variations]"
Add component (AddParameter): Name = "Capacitance"; Value = "8.2 pF"; VariantName = "[No Variations]"
Add component (AddParameter): Name = "componentlink1description"; Value = "Datasheet"; VariantName = "[No Variations]"
Add component (AddParameter): Name = "componentlink1url"; Value = "https://calchip.com/wp-content/uploads/2025/05/GMC-Series-3.pdf"; VariantName = "[No Variations]"
Add component (AddParameter): Name = "componentlink2description"; Value = "DigiKey Link"; VariantName = "[No Variations]"
Add component (AddParameter): Name = "componentlink2url"; Value = "https://www.digikey.com/en/products/detail/cal-chip-electronics-inc/GMC04CG8R2J25NT/27784357"; VariantName = "[No Variations]"
Add component (AddParameter): Name = "Device Package"; Value = "0402 (1005 Metric)"; VariantName = "[No Variations]"
Add component (AddParameter): Name = "Features"; Value = "General Purpose"; VariantName = "[No Variations]"
Add component (AddParameter): Name = "lastupdated"; Value = "6.04.2026 19:06:51"; VariantName = "[No Variations]"
Add component (AddParameter): Name = "Lifecycle Status"; Value = "Active"; VariantName = "[No Variations]"
Add component (AddParameter): Name = "manufacturer"; Value = "Cal-Chip Electronics, Inc."; VariantName = "[No Variations]"
Add component (AddParameter): Name = "Minimum Order"; Value = "1"; VariantName = "[No Variations]"
Add component (AddParameter): Name = "Mounting Type"; Value = "Surface Mount, MLCC"; VariantName = "[No Variations]"
Add component (AddParameter): Name = "Operating Temperature"; Value = "-55°C ~ 125°C"; VariantName = "[No Variations]"
Add component (AddParameter): Name = "Package / Case"; Value = "0402 (1005 Metric)"; VariantName = "[No Variations]"
Add component (AddParameter): Name = "packaging"; Value = "TapeAndReel"; VariantName = "[No Variations]"
Add component (AddParameter): Name = "Part Number"; Value = "GMC04CG8R2J25NT"; VariantName = "[No Variations]"
Add component (AddParameter): Name = "partid"; Value = "61382"; VariantName = "[No Variations]"
Add component (AddParameter): Name = "price"; Value = "0.07"; VariantName = "[No Variations]"
Add component (AddParameter): Name = "series"; Value = "GMC"; VariantName = "[No Variations]"
Add component (AddParameter): Name = "Size / Dimension"; Value = "0.039" L x 0.020" W (1.00mm x 0.50mm)"; VariantName = "[No Variations]"
Add component (AddParameter): Name = "Supplier 1"; Value = "DigiKey"; VariantName = "[No Variations]"
Add component (AddParameter): Name = "Supplier Part Number 1"; Value = "4713-GMC04CG8R2J25NTCT-ND"; VariantName = "[No Variations]"
Add component (AddParameter): Name = "Temperature Coefficient"; Value = "C0G, NP0"; VariantName = "[No Variations]"
Add component (AddParameter): Name = "Thickness (Max)"; Value = "0.022" (0.55mm)"; VariantName = "[No Variations]"
Add component (AddParameter): Name = "Tolerance"; Value = "±5%"; VariantName = "[No Variations]"
Add component (AddParameter): Name = "value"; Value = "8.2 pF"; VariantName = "[No Variations]"
Add component (AddParameter): Name = "Voltage - Rated"; Value = "25V"; VariantName = "[No Variations]"
Added Component: Designator=C18(CAP 0402_1005)
Add component (AddParameter): Name = "Applications"; Value = "General Purpose"; VariantName = "[No Variations]"
Add component (AddParameter): Name = "Capacitance"; Value = "8.2 pF"; VariantName = "[No Variations]"
Add component (AddParameter): Name = "componentlink1description"; Value = "Datasheet"; VariantName = "[No Variations]"
Add component (AddParameter): Name = "componentlink1url"; Value = "https://calchip.com/wp-content/uploads/2025/05/GMC-Series-3.pdf"; VariantName = "[No Variations]"
Add component (AddParameter): Name = "componentlink2description"; Value = "DigiKey Link"; VariantName = "[No Variations]"
Add component (AddParameter): Name = "componentlink2url"; Value = "https://www.digikey.com/en/products/detail/cal-chip-electronics-inc/GMC04CG8R2J25NT/27784357"; VariantName = "[No Variations]"
Add component (AddParameter): Name = "Device Package"; Value = "0402 (1005 Metric)"; VariantName = "[No Variations]"
Add component (AddParameter): Name = "Features"; Value = "General Purpose"; VariantName = "[No Variations]"
Add component (AddParameter): Name = "lastupdated"; Value = "6.04.2026 19:06:51"; VariantName = "[No Variations]"
Add component (AddParameter): Name = "Lifecycle Status"; Value = "Active"; VariantName = "[No Variations]"
Add component (AddParameter): Name = "manufacturer"; Value = "Cal-Chip Electronics, Inc."; VariantName = "[No Variations]"
Add component (AddParameter): Name = "Minimum Order"; Value = "1"; VariantName = "[No Variations]"
Add component (AddParameter): Name = "Mounting Type"; Value = "Surface Mount, MLCC"; VariantName = "[No Variations]"
Add component (AddParameter): Name = "Operating Temperature"; Value = "-55°C ~ 125°C"; VariantName = "[No Variations]"
Add component (AddParameter): Name = "Package / Case"; Value = "0402 (1005 Metric)"; VariantName = "[No Variations]"
Add component (AddParameter): Name = "packaging"; Value = "TapeAndReel"; VariantName = "[No Variations]"
Add component (AddParameter): Name = "Part Number"; Value = "GMC04CG8R2J25NT"; VariantName = "[No Variations]"
Add component (AddParameter): Name = "partid"; Value = "61382"; VariantName = "[No Variations]"
Add component (AddParameter): Name = "price"; Value = "0.07"; VariantName = "[No Variations]"
Add component (AddParameter): Name = "series"; Value = "GMC"; VariantName = "[No Variations]"
Add component (AddParameter): Name = "Size / Dimension"; Value = "0.039" L x 0.020" W (1.00mm x 0.50mm)"; VariantName = "[No Variations]"
Add component (AddParameter): Name = "Supplier 1"; Value = "DigiKey"; VariantName = "[No Variations]"
Add component (AddParameter): Name = "Supplier Part Number 1"; Value = "4713-GMC04CG8R2J25NTCT-ND"; VariantName = "[No Variations]"
Add component (AddParameter): Name = "Temperature Coefficient"; Value = "C0G, NP0"; VariantName = "[No Variations]"
Add component (AddParameter): Name = "Thickness (Max)"; Value = "0.022" (0.55mm)"; VariantName = "[No Variations]"
Add component (AddParameter): Name = "Tolerance"; Value = "±5%"; VariantName = "[No Variations]"
Add component (AddParameter): Name = "value"; Value = "8.2 pF"; VariantName = "[No Variations]"
Add component (AddParameter): Name = "Voltage - Rated"; Value = "25V"; VariantName = "[No Variations]"
Added Component: Designator=C19(CAP 0603_1608)
Add component (AddParameter): Name = "Applications"; Value = "General Purpose"; VariantName = "[No Variations]"
Add component (AddParameter): Name = "Capacitance"; Value = "1 µF"; VariantName = "[No Variations]"
Add component (AddParameter): Name = "componentlink1description"; Value = "Datasheet"; VariantName = "[No Variations]"
Add component (AddParameter): Name = "componentlink1url"; Value = "https://calchip.com/wp-content/uploads/2023/05/gmc_series.pdf"; VariantName = "[No Variations]"
Add component (AddParameter): Name = "componentlink2description"; Value = "DigiKey Link"; VariantName = "[No Variations]"
Add component (AddParameter): Name = "componentlink2url"; Value = "https://www.digikey.com/en/products/detail/cal-chip-electronics-inc/GMC10X7R105K25NT/22461338"; VariantName = "[No Variations]"
Add component (AddParameter): Name = "Device Package"; Value = "0603 (1608 Metric)"; VariantName = "[No Variations]"
Add component (AddParameter): Name = "lastupdated"; Value = "6.04.2026 19:18:33"; VariantName = "[No Variations]"
Add component (AddParameter): Name = "Lifecycle Status"; Value = "Active"; VariantName = "[No Variations]"
Add component (AddParameter): Name = "manufacturer"; Value = "Cal-Chip Electronics, Inc."; VariantName = "[No Variations]"
Add component (AddParameter): Name = "Minimum Order"; Value = "1"; VariantName = "[No Variations]"
Add component (AddParameter): Name = "Mounting Type"; Value = "Surface Mount, MLCC"; VariantName = "[No Variations]"
Add component (AddParameter): Name = "Operating Temperature"; Value = "-55°C ~ 125°C"; VariantName = "[No Variations]"
Add component (AddParameter): Name = "Package / Case"; Value = "0603 (1608 Metric)"; VariantName = "[No Variations]"
Add component (AddParameter): Name = "packaging"; Value = "TapeAndReel"; VariantName = "[No Variations]"
Add component (AddParameter): Name = "Part Number"; Value = "GMC10X7R105K25NT"; VariantName = "[No Variations]"
Add component (AddParameter): Name = "partid"; Value = "68086"; VariantName = "[No Variations]"
Add component (AddParameter): Name = "price"; Value = "0.01"; VariantName = "[No Variations]"
Add component (AddParameter): Name = "series"; Value = "GMC"; VariantName = "[No Variations]"
Add component (AddParameter): Name = "Size / Dimension"; Value = "0.063" L x 0.031" W (1.60mm x 0.80mm)"; VariantName = "[No Variations]"
Add component (AddParameter): Name = "Supplier 1"; Value = "DigiKey"; VariantName = "[No Variations]"
Add component (AddParameter): Name = "Supplier Part Number 1"; Value = "4713-GMC10X7R105K25NTCT-ND"; VariantName = "[No Variations]"
Add component (AddParameter): Name = "Temperature Coefficient"; Value = "X7R"; VariantName = "[No Variations]"
Add component (AddParameter): Name = "Thickness (Max)"; Value = "0.037" (0.95mm)"; VariantName = "[No Variations]"
Add component (AddParameter): Name = "Tolerance"; Value = "±10%"; VariantName = "[No Variations]"
Add component (AddParameter): Name = "value"; Value = "1 µF"; VariantName = "[No Variations]"
Add component (AddParameter): Name = "Voltage - Rated"; Value = "25V"; VariantName = "[No Variations]"
Added Component: Designator=C20(CAP 0603_1608)
Add component (AddParameter): Name = "Applications"; Value = "ESD Protection"; VariantName = "[No Variations]"
Add component (AddParameter): Name = "Capacitance"; Value = "10000 pF"; VariantName = "[No Variations]"
Add component (AddParameter): Name = "componentlink1description"; Value = "Datasheet"; VariantName = "[No Variations]"
Add component (AddParameter): Name = "componentlink1url"; Value = "https://search.kemet.com/download/datasheet/C0603C103K4REC7867"; VariantName = "[No Variations]"
Add component (AddParameter): Name = "componentlink2description"; Value = "DigiKey Link"; VariantName = "[No Variations]"
Add component (AddParameter): Name = "componentlink2url"; Value = "https://www.digikey.com/en/products/detail/kemet/C0603C103K4RECTU/8643658"; VariantName = "[No Variations]"
Add component (AddParameter): Name = "Device Package"; Value = "0603 (1608 Metric)"; VariantName = "[No Variations]"
Add component (AddParameter): Name = "lastupdated"; Value = "6.04.2026 19:17:55"; VariantName = "[No Variations]"
Add component (AddParameter): Name = "Lifecycle Status"; Value = "Active"; VariantName = "[No Variations]"
Add component (AddParameter): Name = "manufacturer"; Value = "KEMET"; VariantName = "[No Variations]"
Add component (AddParameter): Name = "Minimum Order"; Value = "1"; VariantName = "[No Variations]"
Add component (AddParameter): Name = "Mounting Type"; Value = "Surface Mount, MLCC"; VariantName = "[No Variations]"
Add component (AddParameter): Name = "Operating Temperature"; Value = "-55°C ~ 125°C"; VariantName = "[No Variations]"
Add component (AddParameter): Name = "Package / Case"; Value = "0603 (1608 Metric)"; VariantName = "[No Variations]"
Add component (AddParameter): Name = "packaging"; Value = "TapeAndReel"; VariantName = "[No Variations]"
Add component (AddParameter): Name = "Part Number"; Value = "C0603C103K4RECTU"; VariantName = "[No Variations]"
Add component (AddParameter): Name = "partid"; Value = "66152"; VariantName = "[No Variations]"
Add component (AddParameter): Name = "price"; Value = "0.01"; VariantName = "[No Variations]"
Add component (AddParameter): Name = "series"; Value = "ESD SMD Comm X7R"; VariantName = "[No Variations]"
Add component (AddParameter): Name = "Size / Dimension"; Value = "0.063" L x 0.031" W (1.60mm x 0.80mm)"; VariantName = "[No Variations]"
Add component (AddParameter): Name = "Supplier 1"; Value = "DigiKey"; VariantName = "[No Variations]"
Add component (AddParameter): Name = "Supplier Part Number 1"; Value = "399-C0603C103K4RECTUCT-ND"; VariantName = "[No Variations]"
Add component (AddParameter): Name = "Temperature Coefficient"; Value = "X7R"; VariantName = "[No Variations]"
Add component (AddParameter): Name = "Thickness (Max)"; Value = "0.034" (0.87mm)"; VariantName = "[No Variations]"
Add component (AddParameter): Name = "Tolerance"; Value = "±10%"; VariantName = "[No Variations]"
Add component (AddParameter): Name = "value"; Value = "10000 pF"; VariantName = "[No Variations]"
Add component (AddParameter): Name = "Voltage - Rated"; Value = "16V"; VariantName = "[No Variations]"
Added Component: Designator=C21(CAPC1608X100N)
Add component (AddParameter): Name = "Manufacturer"; Value = "Cal-Chip Electronics, Inc."; VariantName = "[No Variations]"
Add component (AddParameter): Name = "MPN"; Value = "GMC10CG470F200NT"; VariantName = "[No Variations]"
Add component (AddParameter): Name = "Supplier"; Value = "4713-GMC10CG470F200NTDKR-ND"; VariantName = "[No Variations]"
Added Component: Designator=C22(0603_C)
Add component (AddParameter): Name = "Manufacturer"; Value = "Murata Electronics North America"; VariantName = "[No Variations]"
Add component (AddParameter): Name = "Manufacturer Part Number"; Value = "GRM188R61E106MA73D"; VariantName = "[No Variations]"
Add component (AddParameter): Name = "Revision"; Value = "1"; VariantName = "[No Variations]"
Add component (AddParameter): Name = "Supplier Part Number"; Value = "490-7202-1-ND"; VariantName = "[No Variations]"
Add component (AddParameter): Name = "Value"; Value = "10uF"; VariantName = "[No Variations]"
Add component (AddParameter): Name = "Voltage"; Value = "25V"; VariantName = "[No Variations]"
Added Component: Designator=C23(CAP0603)
Add component (AddParameter): Name = "Assembly"; Value = ""; VariantName = "[No Variations]"
Add component (AddParameter): Name = "Order Code"; Value = "DIGI : 399-5089-1-ND"; VariantName = "[No Variations]"
Add component (AddParameter): Name = "P/N"; Value = "C0603C104K5RACTU"; VariantName = "[No Variations]"
Add component (AddParameter): Name = "Value"; Value = "100nF 50V"; VariantName = "[No Variations]"
Added Component: Designator=C24(CAPC1608X100N)
Add component (AddParameter): Name = "Manufacturer"; Value = "Cal-Chip Electronics, Inc."; VariantName = "[No Variations]"
Add component (AddParameter): Name = "MPN"; Value = "GMC10CG470F200NT"; VariantName = "[No Variations]"
Add component (AddParameter): Name = "Supplier"; Value = "4713-GMC10CG470F200NTDKR-ND"; VariantName = "[No Variations]"
Added Component: Designator=C25(CAP1206)
Add component (AddParameter): Name = "Assembly"; Value = ""; VariantName = "[No Variations]"
Add component (AddParameter): Name = "Manufacturer Part Number"; Value = "C3216X5R1V226M160AC"; VariantName = "[No Variations]"
Add component (AddParameter): Name = "Order Code"; Value = "DIGI : 445-180362-1-ND"; VariantName = "[No Variations]"
Add component (AddParameter): Name = "Value"; Value = "22uF 35V"; VariantName = "[No Variations]"
Added Component: Designator=C26(CAP1206)
Add component (AddParameter): Name = "Assembly"; Value = ""; VariantName = "[No Variations]"
Add component (AddParameter): Name = "Manufacturer Part Number"; Value = "C3216X5R1V226M160AC"; VariantName = "[No Variations]"
Add component (AddParameter): Name = "Order Code"; Value = "DIGI : 445-180362-1-ND"; VariantName = "[No Variations]"
Add component (AddParameter): Name = "Value"; Value = "22uF 35V"; VariantName = "[No Variations]"
Added Component: Designator=C27(CAP1206)
Add component (AddParameter): Name = "Assembly"; Value = ""; VariantName = "[No Variations]"
Add component (AddParameter): Name = "Manufacturer Part Number"; Value = "C3216X5R1V226M160AC"; VariantName = "[No Variations]"
Add component (AddParameter): Name = "Order Code"; Value = "DIGI : 445-180362-1-ND"; VariantName = "[No Variations]"
Add component (AddParameter): Name = "Value"; Value = "22uF 35V"; VariantName = "[No Variations]"
Added Component: Designator=C28(CAP1206)
Add component (AddParameter): Name = "Assembly"; Value = ""; VariantName = "[No Variations]"
Add component (AddParameter): Name = "Manufacturer Part Number"; Value = "C3216X5R1V226M160AC"; VariantName = "[No Variations]"
Add component (AddParameter): Name = "Order Code"; Value = "DIGI : 445-180362-1-ND"; VariantName = "[No Variations]"
Add component (AddParameter): Name = "Value"; Value = "22uF 35V"; VariantName = "[No Variations]"
Added Component: Designator=C29(CAP1206)
Add component (AddParameter): Name = "Assembly"; Value = ""; VariantName = "[No Variations]"
Add component (AddParameter): Name = "Manufacturer Part Number"; Value = "C3216X5R1V226M160AC"; VariantName = "[No Variations]"
Add component (AddParameter): Name = "Order Code"; Value = "DIGI : 445-180362-1-ND"; VariantName = "[No Variations]"
Add component (AddParameter): Name = "Value"; Value = "22uF 35V"; VariantName = "[No Variations]"
Added Component: Designator=C30(SMC0603)
Add component (AddParameter): Name = "LCSC Manufacturer Part Number"; Value = "CC0603CRNPO9BN8R2"; VariantName = "[No Variations]"
Add component (AddParameter): Name = "LCSC Part Number"; Value = "C277519"; VariantName = "[No Variations]"
Add component (AddParameter): Name = "Manufacturer Part Number"; Value = "CC0603CRNPO9BN8R2"; VariantName = "[No Variations]"
Add component (AddParameter): Name = "Order Code"; Value = "DIGI : 311-3865-2-ND"; VariantName = "[No Variations]"
Add component (AddParameter): Name = "Value"; Value = "8.2pF"; VariantName = "[No Variations]"
Added Component: Designator=C31(SMC0603)
Add component (AddParameter): Name = "Manufacturer Part Number"; Value = "GRT188C71C225KE13D"; VariantName = "[No Variations]"
Add component (AddParameter): Name = "Order Code"; Value = "DIGI: 490-GRT188C71C225KE13DTR-ND"; VariantName = "[No Variations]"
Add component (AddParameter): Name = "Value"; Value = "2.2uF"; VariantName = "[No Variations]"
Added Component: Designator=C32(CAPC0603X03L_C)
Add component (AddParameter): Name = "Artikkelnr Noca"; Value = "N.A."; VariantName = "[No Variations]"
Add component (AddParameter): Name = "Assembly"; Value = ""; VariantName = "[No Variations]"
Add component (AddParameter): Name = "Author"; Value = "rsk"; VariantName = "[No Variations]"
Add component (AddParameter): Name = "Component Class"; Value = "Capacitors"; VariantName = "[No Variations]"
Add component (AddParameter): Name = "Component Status"; Value = "Active"; VariantName = "[No Variations]"
Add component (AddParameter): Name = "ComponentLink1Description"; Value = "Datasheet"; VariantName = "[No Variations]"
Add component (AddParameter): Name = "ComponentLink1URL"; Value = "N.A."; VariantName = "[No Variations]"
Add component (AddParameter): Name = "ComponentLink2Description"; Value = "Supplier link"; VariantName = "[No Variations]"
Add component (AddParameter): Name = "ComponentLink2URL"; Value = "N.A."; VariantName = "[No Variations]"
Add component (AddParameter): Name = "Footprint Doc"; Value = "0201"; VariantName = "[No Variations]"
Add component (AddParameter): Name = "HelpURL"; Value = "N.A."; VariantName = "[No Variations]"
Add component (AddParameter): Name = "LatestRevisionDate"; Value = "2017-11-09"; VariantName = "[No Variations]"
Add component (AddParameter): Name = "Manufacturer"; Value = "N.A."; VariantName = "[No Variations]"
Add component (AddParameter): Name = "Manufacturer Part Number"; Value = "N.A."; VariantName = "[No Variations]"
Add component (AddParameter): Name = "Note"; Value = "16V"; VariantName = "[No Variations]"
Add component (AddParameter): Name = "Pad Count"; Value = "2"; VariantName = "[No Variations]"
Add component (AddParameter): Name = "Part Number"; Value = "C0201-100n"; VariantName = "[No Variations]"
Add component (AddParameter): Name = "Part number IPS"; Value = "00000001248, 00000002505"; VariantName = "[No Variations]"
Add component (AddParameter): Name = "Part number NEMS"; Value = "100200078"; VariantName = "[No Variations]"
Add component (AddParameter): Name = "Part number Norautron"; Value = "262071862"; VariantName = "[No Variations]"
Add component (AddParameter): Name = "PartId"; Value = "100200078"; VariantName = "[No Variations]"
Add component (AddParameter): Name = "Published"; Value = "2014-11-13"; VariantName = "[No Variations]"
Add component (AddParameter): Name = "Supplier 1"; Value = "N.A."; VariantName = "[No Variations]"
Add component (AddParameter): Name = "Supplier 2"; Value = "N.A."; VariantName = "[No Variations]"
Add component (AddParameter): Name = "Supplier Part Number 1"; Value = "N.A."; VariantName = "[No Variations]"
Add component (AddParameter): Name = "Supplier Part Number 2"; Value = "N.A."; VariantName = "[No Variations]"
Add component (AddParameter): Name = "Value"; Value = "100nF"; VariantName = "[No Variations]"
Added Component: Designator=C33(CAPC0603X03L_C)
Add component (AddParameter): Name = "Artikkelnr Noca"; Value = "N.A."; VariantName = "[No Variations]"
Add component (AddParameter): Name = "Assembly"; Value = ""; VariantName = "[No Variations]"
Add component (AddParameter): Name = "Author"; Value = "rsk"; VariantName = "[No Variations]"
Add component (AddParameter): Name = "Component Class"; Value = "Capacitors"; VariantName = "[No Variations]"
Add component (AddParameter): Name = "Component Status"; Value = "Active"; VariantName = "[No Variations]"
Add component (AddParameter): Name = "ComponentLink1Description"; Value = "Datasheet"; VariantName = "[No Variations]"
Add component (AddParameter): Name = "ComponentLink1URL"; Value = "N.A."; VariantName = "[No Variations]"
Add component (AddParameter): Name = "ComponentLink2Description"; Value = "Supplier link"; VariantName = "[No Variations]"
Add component (AddParameter): Name = "ComponentLink2URL"; Value = "N.A."; VariantName = "[No Variations]"
Add component (AddParameter): Name = "Footprint Doc"; Value = "0201"; VariantName = "[No Variations]"
Add component (AddParameter): Name = "HelpURL"; Value = "N.A."; VariantName = "[No Variations]"
Add component (AddParameter): Name = "LatestRevisionDate"; Value = "2017-11-09"; VariantName = "[No Variations]"
Add component (AddParameter): Name = "Manufacturer"; Value = "N.A."; VariantName = "[No Variations]"
Add component (AddParameter): Name = "Manufacturer Part Number"; Value = "N.A."; VariantName = "[No Variations]"
Add component (AddParameter): Name = "Note"; Value = "16V"; VariantName = "[No Variations]"
Add component (AddParameter): Name = "Pad Count"; Value = "2"; VariantName = "[No Variations]"
Add component (AddParameter): Name = "Part Number"; Value = "C0201-100n"; VariantName = "[No Variations]"
Add component (AddParameter): Name = "Part number IPS"; Value = "00000001248, 00000002505"; VariantName = "[No Variations]"
Add component (AddParameter): Name = "Part number NEMS"; Value = "100200078"; VariantName = "[No Variations]"
Add component (AddParameter): Name = "Part number Norautron"; Value = "262071862"; VariantName = "[No Variations]"
Add component (AddParameter): Name = "PartId"; Value = "100200078"; VariantName = "[No Variations]"
Add component (AddParameter): Name = "Published"; Value = "2014-11-13"; VariantName = "[No Variations]"
Add component (AddParameter): Name = "Supplier 1"; Value = "N.A."; VariantName = "[No Variations]"
Add component (AddParameter): Name = "Supplier 2"; Value = "N.A."; VariantName = "[No Variations]"
Add component (AddParameter): Name = "Supplier Part Number 1"; Value = "N.A."; VariantName = "[No Variations]"
Add component (AddParameter): Name = "Supplier Part Number 2"; Value = "N.A."; VariantName = "[No Variations]"
Add component (AddParameter): Name = "Value"; Value = "100nF"; VariantName = "[No Variations]"
Added Component: Designator=C34(CAPC0603X03L_C)
Add component (AddParameter): Name = "Artikkelnr Noca"; Value = "N.A."; VariantName = "[No Variations]"
Add component (AddParameter): Name = "Assembly"; Value = ""; VariantName = "[No Variations]"
Add component (AddParameter): Name = "Author"; Value = "rsk"; VariantName = "[No Variations]"
Add component (AddParameter): Name = "Component Class"; Value = "Capacitors"; VariantName = "[No Variations]"
Add component (AddParameter): Name = "Component Status"; Value = "Active"; VariantName = "[No Variations]"
Add component (AddParameter): Name = "ComponentLink1Description"; Value = "Datasheet"; VariantName = "[No Variations]"
Add component (AddParameter): Name = "ComponentLink1URL"; Value = "N.A."; VariantName = "[No Variations]"
Add component (AddParameter): Name = "ComponentLink2Description"; Value = "Supplier link"; VariantName = "[No Variations]"
Add component (AddParameter): Name = "ComponentLink2URL"; Value = "N.A."; VariantName = "[No Variations]"
Add component (AddParameter): Name = "Footprint Doc"; Value = "0201"; VariantName = "[No Variations]"
Add component (AddParameter): Name = "HelpURL"; Value = "N.A."; VariantName = "[No Variations]"
Add component (AddParameter): Name = "LatestRevisionDate"; Value = "2017-11-09"; VariantName = "[No Variations]"
Add component (AddParameter): Name = "Manufacturer"; Value = "N.A."; VariantName = "[No Variations]"
Add component (AddParameter): Name = "Manufacturer Part Number"; Value = "N.A."; VariantName = "[No Variations]"
Add component (AddParameter): Name = "Note"; Value = "16V"; VariantName = "[No Variations]"
Add component (AddParameter): Name = "Pad Count"; Value = "2"; VariantName = "[No Variations]"
Add component (AddParameter): Name = "Part Number"; Value = "C0201-100n"; VariantName = "[No Variations]"
Add component (AddParameter): Name = "Part number IPS"; Value = "00000001248, 00000002505"; VariantName = "[No Variations]"
Add component (AddParameter): Name = "Part number NEMS"; Value = "100200078"; VariantName = "[No Variations]"
Add component (AddParameter): Name = "Part number Norautron"; Value = "262071862"; VariantName = "[No Variations]"
Add component (AddParameter): Name = "PartId"; Value = "100200078"; VariantName = "[No Variations]"
Add component (AddParameter): Name = "Published"; Value = "2014-11-13"; VariantName = "[No Variations]"
Add component (AddParameter): Name = "Supplier 1"; Value = "N.A."; VariantName = "[No Variations]"
Add component (AddParameter): Name = "Supplier 2"; Value = "N.A."; VariantName = "[No Variations]"
Add component (AddParameter): Name = "Supplier Part Number 1"; Value = "N.A."; VariantName = "[No Variations]"
Add component (AddParameter): Name = "Supplier Part Number 2"; Value = "N.A."; VariantName = "[No Variations]"
Add component (AddParameter): Name = "Value"; Value = "100nF"; VariantName = "[No Variations]"
Added Component: Designator=C35(CAPC0603X03L_C)
Add component (AddParameter): Name = "Artikkelnr Noca"; Value = "N.A."; VariantName = "[No Variations]"
Add component (AddParameter): Name = "Assembly"; Value = ""; VariantName = "[No Variations]"
Add component (AddParameter): Name = "Author"; Value = "rsk"; VariantName = "[No Variations]"
Add component (AddParameter): Name = "Component Class"; Value = "Capacitors"; VariantName = "[No Variations]"
Add component (AddParameter): Name = "Component Status"; Value = "Active"; VariantName = "[No Variations]"
Add component (AddParameter): Name = "ComponentLink1Description"; Value = "Datasheet"; VariantName = "[No Variations]"
Add component (AddParameter): Name = "ComponentLink1URL"; Value = "N.A."; VariantName = "[No Variations]"
Add component (AddParameter): Name = "ComponentLink2Description"; Value = "Supplier link"; VariantName = "[No Variations]"
Add component (AddParameter): Name = "ComponentLink2URL"; Value = "N.A."; VariantName = "[No Variations]"
Add component (AddParameter): Name = "Footprint Doc"; Value = "0201"; VariantName = "[No Variations]"
Add component (AddParameter): Name = "HelpURL"; Value = "N.A."; VariantName = "[No Variations]"
Add component (AddParameter): Name = "LatestRevisionDate"; Value = "2017-11-09"; VariantName = "[No Variations]"
Add component (AddParameter): Name = "Manufacturer"; Value = "N.A."; VariantName = "[No Variations]"
Add component (AddParameter): Name = "Manufacturer Part Number"; Value = "N.A."; VariantName = "[No Variations]"
Add component (AddParameter): Name = "Note"; Value = "16V"; VariantName = "[No Variations]"
Add component (AddParameter): Name = "Pad Count"; Value = "2"; VariantName = "[No Variations]"
Add component (AddParameter): Name = "Part Number"; Value = "C0201-100n"; VariantName = "[No Variations]"
Add component (AddParameter): Name = "Part number IPS"; Value = "00000001248, 00000002505"; VariantName = "[No Variations]"
Add component (AddParameter): Name = "Part number NEMS"; Value = "100200078"; VariantName = "[No Variations]"
Add component (AddParameter): Name = "Part number Norautron"; Value = "262071862"; VariantName = "[No Variations]"
Add component (AddParameter): Name = "PartId"; Value = "100200078"; VariantName = "[No Variations]"
Add component (AddParameter): Name = "Published"; Value = "2014-11-13"; VariantName = "[No Variations]"
Add component (AddParameter): Name = "Supplier 1"; Value = "N.A."; VariantName = "[No Variations]"
Add component (AddParameter): Name = "Supplier 2"; Value = "N.A."; VariantName = "[No Variations]"
Add component (AddParameter): Name = "Supplier Part Number 1"; Value = "N.A."; VariantName = "[No Variations]"
Add component (AddParameter): Name = "Supplier Part Number 2"; Value = "N.A."; VariantName = "[No Variations]"
Add component (AddParameter): Name = "Value"; Value = "100nF"; VariantName = "[No Variations]"
Added Component: Designator=C36(CAPC0603X03L_C)
Add component (AddParameter): Name = "Artikkelnr Noca"; Value = "N.A."; VariantName = "[No Variations]"
Add component (AddParameter): Name = "Assembly"; Value = ""; VariantName = "[No Variations]"
Add component (AddParameter): Name = "Author"; Value = "rsk"; VariantName = "[No Variations]"
Add component (AddParameter): Name = "Component Class"; Value = "Capacitors"; VariantName = "[No Variations]"
Add component (AddParameter): Name = "Component Status"; Value = "Active"; VariantName = "[No Variations]"
Add component (AddParameter): Name = "ComponentLink1Description"; Value = "Datasheet"; VariantName = "[No Variations]"
Add component (AddParameter): Name = "ComponentLink1URL"; Value = "N.A."; VariantName = "[No Variations]"
Add component (AddParameter): Name = "ComponentLink2Description"; Value = "Supplier link"; VariantName = "[No Variations]"
Add component (AddParameter): Name = "ComponentLink2URL"; Value = "N.A."; VariantName = "[No Variations]"
Add component (AddParameter): Name = "Footprint Doc"; Value = "0201"; VariantName = "[No Variations]"
Add component (AddParameter): Name = "HelpURL"; Value = "N.A."; VariantName = "[No Variations]"
Add component (AddParameter): Name = "LatestRevisionDate"; Value = "2017-11-09"; VariantName = "[No Variations]"
Add component (AddParameter): Name = "Manufacturer"; Value = "N.A."; VariantName = "[No Variations]"
Add component (AddParameter): Name = "Manufacturer Part Number"; Value = "N.A."; VariantName = "[No Variations]"
Add component (AddParameter): Name = "Note"; Value = "10V"; VariantName = "[No Variations]"
Add component (AddParameter): Name = "Pad Count"; Value = "2"; VariantName = "[No Variations]"
Add component (AddParameter): Name = "Part Number"; Value = "C0201-10n"; VariantName = "[No Variations]"
Add component (AddParameter): Name = "Part number IPS"; Value = "00000003480"; VariantName = "[No Variations]"
Add component (AddParameter): Name = "Part number NEMS"; Value = "100200067"; VariantName = "[No Variations]"
Add component (AddParameter): Name = "Part number Norautron"; Value = "26621779"; VariantName = "[No Variations]"
Add component (AddParameter): Name = "PartId"; Value = "100200067"; VariantName = "[No Variations]"
Add component (AddParameter): Name = "Published"; Value = "2014-11-13"; VariantName = "[No Variations]"
Add component (AddParameter): Name = "Supplier 1"; Value = "N.A."; VariantName = "[No Variations]"
Add component (AddParameter): Name = "Supplier 2"; Value = "N.A."; VariantName = "[No Variations]"
Add component (AddParameter): Name = "Supplier Part Number 1"; Value = "N.A."; VariantName = "[No Variations]"
Add component (AddParameter): Name = "Supplier Part Number 2"; Value = "N.A."; VariantName = "[No Variations]"
Add component (AddParameter): Name = "Value"; Value = "10nF"; VariantName = "[No Variations]"
Added Component: Designator=C37(CAPC0603X03L_C)
Add component (AddParameter): Name = "Artikkelnr Noca"; Value = "N.A."; VariantName = "[No Variations]"
Add component (AddParameter): Name = "Assembly"; Value = ""; VariantName = "[No Variations]"
Add component (AddParameter): Name = "Author"; Value = "rsk"; VariantName = "[No Variations]"
Add component (AddParameter): Name = "Component Class"; Value = "Capacitors"; VariantName = "[No Variations]"
Add component (AddParameter): Name = "Component Status"; Value = "Active"; VariantName = "[No Variations]"
Add component (AddParameter): Name = "ComponentLink1Description"; Value = "Datasheet"; VariantName = "[No Variations]"
Add component (AddParameter): Name = "ComponentLink1URL"; Value = "N.A."; VariantName = "[No Variations]"
Add component (AddParameter): Name = "ComponentLink2Description"; Value = "Supplier link"; VariantName = "[No Variations]"
Add component (AddParameter): Name = "ComponentLink2URL"; Value = "N.A."; VariantName = "[No Variations]"
Add component (AddParameter): Name = "Footprint Doc"; Value = "0201"; VariantName = "[No Variations]"
Add component (AddParameter): Name = "HelpURL"; Value = "N.A."; VariantName = "[No Variations]"
Add component (AddParameter): Name = "LatestRevisionDate"; Value = "2017-11-09"; VariantName = "[No Variations]"
Add component (AddParameter): Name = "Manufacturer"; Value = "N.A."; VariantName = "[No Variations]"
Add component (AddParameter): Name = "Manufacturer Part Number"; Value = "N.A."; VariantName = "[No Variations]"
Add component (AddParameter): Name = "Note"; Value = "16V"; VariantName = "[No Variations]"
Add component (AddParameter): Name = "Pad Count"; Value = "2"; VariantName = "[No Variations]"
Add component (AddParameter): Name = "Part Number"; Value = "C0201-100n"; VariantName = "[No Variations]"
Add component (AddParameter): Name = "Part number IPS"; Value = "00000001248, 00000002505"; VariantName = "[No Variations]"
Add component (AddParameter): Name = "Part number NEMS"; Value = "100200078"; VariantName = "[No Variations]"
Add component (AddParameter): Name = "Part number Norautron"; Value = "262071862"; VariantName = "[No Variations]"
Add component (AddParameter): Name = "PartId"; Value = "100200078"; VariantName = "[No Variations]"
Add component (AddParameter): Name = "Published"; Value = "2014-11-13"; VariantName = "[No Variations]"
Add component (AddParameter): Name = "Supplier 1"; Value = "N.A."; VariantName = "[No Variations]"
Add component (AddParameter): Name = "Supplier 2"; Value = "N.A."; VariantName = "[No Variations]"
Add component (AddParameter): Name = "Supplier Part Number 1"; Value = "N.A."; VariantName = "[No Variations]"
Add component (AddParameter): Name = "Supplier Part Number 2"; Value = "N.A."; VariantName = "[No Variations]"
Add component (AddParameter): Name = "Value"; Value = "100nF"; VariantName = "[No Variations]"
Added Component: Designator=C38(CAPC0603X03L_C)
Add component (AddParameter): Name = "Artikkelnr Noca"; Value = "N.A."; VariantName = "[No Variations]"
Add component (AddParameter): Name = "Assembly"; Value = ""; VariantName = "[No Variations]"
Add component (AddParameter): Name = "Author"; Value = "rsk"; VariantName = "[No Variations]"
Add component (AddParameter): Name = "Component Class"; Value = "Capacitors"; VariantName = "[No Variations]"
Add component (AddParameter): Name = "Component Status"; Value = "Active"; VariantName = "[No Variations]"
Add component (AddParameter): Name = "ComponentLink1Description"; Value = "Datasheet"; VariantName = "[No Variations]"
Add component (AddParameter): Name = "ComponentLink1URL"; Value = "N.A."; VariantName = "[No Variations]"
Add component (AddParameter): Name = "ComponentLink2Description"; Value = "Supplier link"; VariantName = "[No Variations]"
Add component (AddParameter): Name = "ComponentLink2URL"; Value = "N.A."; VariantName = "[No Variations]"
Add component (AddParameter): Name = "Footprint Doc"; Value = "0201"; VariantName = "[No Variations]"
Add component (AddParameter): Name = "HelpURL"; Value = "N.A."; VariantName = "[No Variations]"
Add component (AddParameter): Name = "LatestRevisionDate"; Value = "2017-11-09"; VariantName = "[No Variations]"
Add component (AddParameter): Name = "Manufacturer"; Value = "N.A."; VariantName = "[No Variations]"
Add component (AddParameter): Name = "Manufacturer Part Number"; Value = "N.A."; VariantName = "[No Variations]"
Add component (AddParameter): Name = "Note"; Value = "10V"; VariantName = "[No Variations]"
Add component (AddParameter): Name = "Pad Count"; Value = "2"; VariantName = "[No Variations]"
Add component (AddParameter): Name = "Part Number"; Value = "C0201-10n"; VariantName = "[No Variations]"
Add component (AddParameter): Name = "Part number IPS"; Value = "00000003480"; VariantName = "[No Variations]"
Add component (AddParameter): Name = "Part number NEMS"; Value = "100200067"; VariantName = "[No Variations]"
Add component (AddParameter): Name = "Part number Norautron"; Value = "26621779"; VariantName = "[No Variations]"
Add component (AddParameter): Name = "PartId"; Value = "100200067"; VariantName = "[No Variations]"
Add component (AddParameter): Name = "Published"; Value = "2014-11-13"; VariantName = "[No Variations]"
Add component (AddParameter): Name = "Supplier 1"; Value = "N.A."; VariantName = "[No Variations]"
Add component (AddParameter): Name = "Supplier 2"; Value = "N.A."; VariantName = "[No Variations]"
Add component (AddParameter): Name = "Supplier Part Number 1"; Value = "N.A."; VariantName = "[No Variations]"
Add component (AddParameter): Name = "Supplier Part Number 2"; Value = "N.A."; VariantName = "[No Variations]"
Add component (AddParameter): Name = "Value"; Value = "10nF"; VariantName = "[No Variations]"
Added Component: Designator=C39(CAP TH ALUM ELEC D10.00mm S5.00mm H22.00mm)
Add component (AddParameter): Name = "Applications"; Value = "General Purpose"; VariantName = "[No Variations]"
Add component (AddParameter): Name = "Capacitance"; Value = "470µF"; VariantName = "[No Variations]"
Add component (AddParameter): Name = "componentlink1description"; Value = "Datasheet"; VariantName = "[No Variations]"
Add component (AddParameter): Name = "componentlink1url"; Value = "//media.digikey.com/pdf/Data%20Sheets/Panasonic%20Electronic%20Components/ECA-xxM%20Series,TypeA.pdf"; VariantName = "[No Variations]"
Add component (AddParameter): Name = "componentlink2description"; Value = "DigiKey Link"; VariantName = "[No Variations]"
Add component (AddParameter): Name = "componentlink2url"; Value = "http://digikey.com/product-detail/en/panasonic-electronic-components/ECA-1HM471/P5185-ND/245044"; VariantName = "[No Variations]"
Add component (AddParameter): Name = "Device Package"; Value = "Radial, Can"; VariantName = "[No Variations]"
Add component (AddParameter): Name = "Height - Seated (Max)"; Value = "0.866" (22.00mm)"; VariantName = "[No Variations]"
Add component (AddParameter): Name = "lastupdated"; Value = "2.09.2020 01:31:40"; VariantName = "[No Variations]"
Add component (AddParameter): Name = "Lead Spacing"; Value = "0.197" (5.00mm)"; VariantName = "[No Variations]"
Add component (AddParameter): Name = "Lifecycle Status"; Value = "Active"; VariantName = "[No Variations]"
Add component (AddParameter): Name = "Lifetime @ Temp."; Value = "2000 Hrs @ 85°C"; VariantName = "[No Variations]"
Add component (AddParameter): Name = "manufacturer"; Value = "Panasonic Electronic Components"; VariantName = "[No Variations]"
Add component (AddParameter): Name = "Minimum Order"; Value = "1"; VariantName = "[No Variations]"
Add component (AddParameter): Name = "Mounting Type"; Value = "Through Hole"; VariantName = "[No Variations]"
Add component (AddParameter): Name = "Operating Temperature"; Value = "-40°C ~ 85°C"; VariantName = "[No Variations]"
Add component (AddParameter): Name = "Package / Case"; Value = "Radial, Can"; VariantName = "[No Variations]"
Add component (AddParameter): Name = "packaging"; Value = "Bulk"; VariantName = "[No Variations]"
Add component (AddParameter): Name = "Part Number"; Value = "ECA-1HM471"; VariantName = "[No Variations]"
Add component (AddParameter): Name = "Part Status"; Value = "Active"; VariantName = "[No Variations]"
Add component (AddParameter): Name = "partid"; Value = "13256"; VariantName = "[No Variations]"
Add component (AddParameter): Name = "Polarization"; Value = "Polar"; VariantName = "[No Variations]"
Add component (AddParameter): Name = "price"; Value = "0.64"; VariantName = "[No Variations]"
Add component (AddParameter): Name = "Ripple Current @ High Frequency"; Value = "1.105A @ 10kHz"; VariantName = "[No Variations]"
Add component (AddParameter): Name = "Ripple Current @ Low Frequency"; Value = "650mA @ 120Hz"; VariantName = "[No Variations]"
Add component (AddParameter): Name = "series"; Value = "M"; VariantName = "[No Variations]"
Add component (AddParameter): Name = "Size / Dimension"; Value = "0.394" Dia (10.00mm)"; VariantName = "[No Variations]"
Add component (AddParameter): Name = "Supplier 1"; Value = "DigiKey"; VariantName = "[No Variations]"
Add component (AddParameter): Name = "Supplier Part Number 1"; Value = "P5185-ND"; VariantName = "[No Variations]"
Add component (AddParameter): Name = "Tolerance"; Value = "±20%"; VariantName = "[No Variations]"
Add component (AddParameter): Name = "value"; Value = "470µF"; VariantName = "[No Variations]"
Add component (AddParameter): Name = "Voltage - Rated"; Value = "50V"; VariantName = "[No Variations]"
Added Component: Designator=C40(CAP TH ALUM ELEC D10.00mm S5.00mm H22.00mm)
Add component (AddParameter): Name = "Applications"; Value = "General Purpose"; VariantName = "[No Variations]"
Add component (AddParameter): Name = "Capacitance"; Value = "470µF"; VariantName = "[No Variations]"
Add component (AddParameter): Name = "componentlink1description"; Value = "Datasheet"; VariantName = "[No Variations]"
Add component (AddParameter): Name = "componentlink1url"; Value = "//media.digikey.com/pdf/Data%20Sheets/Panasonic%20Electronic%20Components/ECA-xxM%20Series,TypeA.pdf"; VariantName = "[No Variations]"
Add component (AddParameter): Name = "componentlink2description"; Value = "DigiKey Link"; VariantName = "[No Variations]"
Add component (AddParameter): Name = "componentlink2url"; Value = "http://digikey.com/product-detail/en/panasonic-electronic-components/ECA-1HM471/P5185-ND/245044"; VariantName = "[No Variations]"
Add component (AddParameter): Name = "Device Package"; Value = "Radial, Can"; VariantName = "[No Variations]"
Add component (AddParameter): Name = "Height - Seated (Max)"; Value = "0.866" (22.00mm)"; VariantName = "[No Variations]"
Add component (AddParameter): Name = "lastupdated"; Value = "2.09.2020 01:31:40"; VariantName = "[No Variations]"
Add component (AddParameter): Name = "Lead Spacing"; Value = "0.197" (5.00mm)"; VariantName = "[No Variations]"
Add component (AddParameter): Name = "Lifecycle Status"; Value = "Active"; VariantName = "[No Variations]"
Add component (AddParameter): Name = "Lifetime @ Temp."; Value = "2000 Hrs @ 85°C"; VariantName = "[No Variations]"
Add component (AddParameter): Name = "manufacturer"; Value = "Panasonic Electronic Components"; VariantName = "[No Variations]"
Add component (AddParameter): Name = "Minimum Order"; Value = "1"; VariantName = "[No Variations]"
Add component (AddParameter): Name = "Mounting Type"; Value = "Through Hole"; VariantName = "[No Variations]"
Add component (AddParameter): Name = "Operating Temperature"; Value = "-40°C ~ 85°C"; VariantName = "[No Variations]"
Add component (AddParameter): Name = "Package / Case"; Value = "Radial, Can"; VariantName = "[No Variations]"
Add component (AddParameter): Name = "packaging"; Value = "Bulk"; VariantName = "[No Variations]"
Add component (AddParameter): Name = "Part Number"; Value = "ECA-1HM471"; VariantName = "[No Variations]"
Add component (AddParameter): Name = "Part Status"; Value = "Active"; VariantName = "[No Variations]"
Add component (AddParameter): Name = "partid"; Value = "13256"; VariantName = "[No Variations]"
Add component (AddParameter): Name = "Polarization"; Value = "Polar"; VariantName = "[No Variations]"
Add component (AddParameter): Name = "price"; Value = "0.64"; VariantName = "[No Variations]"
Add component (AddParameter): Name = "Ripple Current @ High Frequency"; Value = "1.105A @ 10kHz"; VariantName = "[No Variations]"
Add component (AddParameter): Name = "Ripple Current @ Low Frequency"; Value = "650mA @ 120Hz"; VariantName = "[No Variations]"
Add component (AddParameter): Name = "series"; Value = "M"; VariantName = "[No Variations]"
Add component (AddParameter): Name = "Size / Dimension"; Value = "0.394" Dia (10.00mm)"; VariantName = "[No Variations]"
Add component (AddParameter): Name = "Supplier 1"; Value = "DigiKey"; VariantName = "[No Variations]"
Add component (AddParameter): Name = "Supplier Part Number 1"; Value = "P5185-ND"; VariantName = "[No Variations]"
Add component (AddParameter): Name = "Tolerance"; Value = "±20%"; VariantName = "[No Variations]"
Add component (AddParameter): Name = "value"; Value = "470µF"; VariantName = "[No Variations]"
Add component (AddParameter): Name = "Voltage - Rated"; Value = "50V"; VariantName = "[No Variations]"
Added Component: Designator=C41(CAP 0805_2012)
Add component (AddParameter): Name = "Applications"; Value = "Automotive"; VariantName = "[No Variations]"
Add component (AddParameter): Name = "Capacitance"; Value = "1µF"; VariantName = "[No Variations]"
Add component (AddParameter): Name = "componentlink1description"; Value = "Datasheet"; VariantName = "[No Variations]"
Add component (AddParameter): Name = "componentlink1url"; Value = "http://datasheets.avx.com/AutoMLCC.pdf"; VariantName = "[No Variations]"
Add component (AddParameter): Name = "componentlink2description"; Value = "DigiKey Link"; VariantName = "[No Variations]"
Add component (AddParameter): Name = "componentlink2url"; Value = "http://digikey.com/product-detail/en/avx-corporation/08051C105K4T2A/478-12142-1-ND/9374711"; VariantName = "[No Variations]"
Add component (AddParameter): Name = "Device Package"; Value = "0805 (2012 Metric)"; VariantName = "[No Variations]"
Add component (AddParameter): Name = "lastupdated"; Value = "2.09.2020 01:04:22"; VariantName = "[No Variations]"
Add component (AddParameter): Name = "Lifecycle Status"; Value = "Active"; VariantName = "[No Variations]"
Add component (AddParameter): Name = "manufacturer"; Value = "AVX Corporation"; VariantName = "[No Variations]"
Add component (AddParameter): Name = "Minimum Order"; Value = "1"; VariantName = "[No Variations]"
Add component (AddParameter): Name = "Mounting Type"; Value = "Surface Mount, MLCC"; VariantName = "[No Variations]"
Add component (AddParameter): Name = "Operating Temperature"; Value = "-55°C ~ 125°C"; VariantName = "[No Variations]"
Add component (AddParameter): Name = "Package / Case"; Value = "0805 (2012 Metric)"; VariantName = "[No Variations]"
Add component (AddParameter): Name = "packaging"; Value = "TapeAndReel"; VariantName = "[No Variations]"
Add component (AddParameter): Name = "Part Number"; Value = "08051C105K4T2A"; VariantName = "[No Variations]"
Add component (AddParameter): Name = "Part Status"; Value = "Active"; VariantName = "[No Variations]"
Add component (AddParameter): Name = "partid"; Value = "13414"; VariantName = "[No Variations]"
Add component (AddParameter): Name = "price"; Value = "0.09"; VariantName = "[No Variations]"
Add component (AddParameter): Name = "Ratings"; Value = "AEC-Q200"; VariantName = "[No Variations]"
Add component (AddParameter): Name = "series"; Value = "-"; VariantName = "[No Variations]"
Add component (AddParameter): Name = "Size / Dimension"; Value = "0.079" L x 0.049" W (2.01mm x 1.25mm)"; VariantName = "[No Variations]"
Add component (AddParameter): Name = "Supplier 1"; Value = "DigiKey"; VariantName = "[No Variations]"
Add component (AddParameter): Name = "Supplier Part Number 1"; Value = "478-12142-1-ND"; VariantName = "[No Variations]"
Add component (AddParameter): Name = "Temperature Coefficient"; Value = "X7R"; VariantName = "[No Variations]"
Add component (AddParameter): Name = "Tolerance"; Value = "±10%"; VariantName = "[No Variations]"
Add component (AddParameter): Name = "value"; Value = "1µF"; VariantName = "[No Variations]"
Add component (AddParameter): Name = "Voltage - Rated"; Value = "100V"; VariantName = "[No Variations]"
Added Component: Designator=C42(CAP 0603_1608)
Add component (AddParameter): Name = "Applications"; Value = "General Purpose"; VariantName = "[No Variations]"
Add component (AddParameter): Name = "Capacitance"; Value = "0.47 µF"; VariantName = "[No Variations]"
Add component (AddParameter): Name = "componentlink1description"; Value = "Datasheet"; VariantName = "[No Variations]"
Add component (AddParameter): Name = "componentlink1url"; Value = "http://www.samsungsem.com/kr/support/product-search/mlcc/CL10A474KA8NNNC.jsp"; VariantName = "[No Variations]"
Add component (AddParameter): Name = "componentlink2description"; Value = "DigiKey Link"; VariantName = "[No Variations]"
Add component (AddParameter): Name = "componentlink2url"; Value = "https://www.digikey.com/en/products/detail/samsung-electro-mechanics/CL10A474KA8NNNC/3887553"; VariantName = "[No Variations]"
Add component (AddParameter): Name = "Device Package"; Value = "0603 (1608 Metric)"; VariantName = "[No Variations]"
Add component (AddParameter): Name = "lastupdated"; Value = "6.04.2026 19:23:45"; VariantName = "[No Variations]"
Add component (AddParameter): Name = "Lifecycle Status"; Value = "Active"; VariantName = "[No Variations]"
Add component (AddParameter): Name = "manufacturer"; Value = "Samsung Electro-Mechanics"; VariantName = "[No Variations]"
Add component (AddParameter): Name = "Minimum Order"; Value = "1"; VariantName = "[No Variations]"
Add component (AddParameter): Name = "Mounting Type"; Value = "Surface Mount, MLCC"; VariantName = "[No Variations]"
Add component (AddParameter): Name = "Operating Temperature"; Value = "-55°C ~ 85°C"; VariantName = "[No Variations]"
Add component (AddParameter): Name = "Package / Case"; Value = "0603 (1608 Metric)"; VariantName = "[No Variations]"
Add component (AddParameter): Name = "packaging"; Value = "TapeAndReel"; VariantName = "[No Variations]"
Add component (AddParameter): Name = "Part Number"; Value = "CL10A474KA8NNNC"; VariantName = "[No Variations]"
Add component (AddParameter): Name = "Part Status"; Value = "Active"; VariantName = "[No Variations]"
Add component (AddParameter): Name = "partid"; Value = "4224"; VariantName = "[No Variations]"
Add component (AddParameter): Name = "price"; Value = "0.01"; VariantName = "[No Variations]"
Add component (AddParameter): Name = "series"; Value = "CL"; VariantName = "[No Variations]"
Add component (AddParameter): Name = "Size / Dimension"; Value = "0.063" L x 0.031" W (1.60mm x 0.80mm)"; VariantName = "[No Variations]"
Add component (AddParameter): Name = "Supplier 1"; Value = "DigiKey"; VariantName = "[No Variations]"
Add component (AddParameter): Name = "Supplier Part Number 1"; Value = "1276-1895-1-ND"; VariantName = "[No Variations]"
Add component (AddParameter): Name = "Temperature Coefficient"; Value = "X5R"; VariantName = "[No Variations]"
Add component (AddParameter): Name = "Thickness (Max)"; Value = "0.035" (0.90mm)"; VariantName = "[No Variations]"
Add component (AddParameter): Name = "Tolerance"; Value = "±10%"; VariantName = "[No Variations]"
Add component (AddParameter): Name = "value"; Value = "0.47 µF"; VariantName = "[No Variations]"
Add component (AddParameter): Name = "Voltage - Rated"; Value = "25V"; VariantName = "[No Variations]"
Added Component: Designator=C43(CAP 0805_2012)
Add component (AddParameter): Name = "Applications"; Value = "Automotive"; VariantName = "[No Variations]"
Add component (AddParameter): Name = "Capacitance"; Value = "1µF"; VariantName = "[No Variations]"
Add component (AddParameter): Name = "componentlink1description"; Value = "Datasheet"; VariantName = "[No Variations]"
Add component (AddParameter): Name = "componentlink1url"; Value = "http://datasheets.avx.com/AutoMLCC.pdf"; VariantName = "[No Variations]"
Add component (AddParameter): Name = "componentlink2description"; Value = "DigiKey Link"; VariantName = "[No Variations]"
Add component (AddParameter): Name = "componentlink2url"; Value = "http://digikey.com/product-detail/en/avx-corporation/08051C105K4T2A/478-12142-1-ND/9374711"; VariantName = "[No Variations]"
Add component (AddParameter): Name = "Device Package"; Value = "0805 (2012 Metric)"; VariantName = "[No Variations]"
Add component (AddParameter): Name = "lastupdated"; Value = "2.09.2020 01:04:22"; VariantName = "[No Variations]"
Add component (AddParameter): Name = "Lifecycle Status"; Value = "Active"; VariantName = "[No Variations]"
Add component (AddParameter): Name = "manufacturer"; Value = "AVX Corporation"; VariantName = "[No Variations]"
Add component (AddParameter): Name = "Minimum Order"; Value = "1"; VariantName = "[No Variations]"
Add component (AddParameter): Name = "Mounting Type"; Value = "Surface Mount, MLCC"; VariantName = "[No Variations]"
Add component (AddParameter): Name = "Operating Temperature"; Value = "-55°C ~ 125°C"; VariantName = "[No Variations]"
Add component (AddParameter): Name = "Package / Case"; Value = "0805 (2012 Metric)"; VariantName = "[No Variations]"
Add component (AddParameter): Name = "packaging"; Value = "TapeAndReel"; VariantName = "[No Variations]"
Add component (AddParameter): Name = "Part Number"; Value = "08051C105K4T2A"; VariantName = "[No Variations]"
Add component (AddParameter): Name = "Part Status"; Value = "Active"; VariantName = "[No Variations]"
Add component (AddParameter): Name = "partid"; Value = "13414"; VariantName = "[No Variations]"
Add component (AddParameter): Name = "price"; Value = "0.09"; VariantName = "[No Variations]"
Add component (AddParameter): Name = "Ratings"; Value = "AEC-Q200"; VariantName = "[No Variations]"
Add component (AddParameter): Name = "series"; Value = "-"; VariantName = "[No Variations]"
Add component (AddParameter): Name = "Size / Dimension"; Value = "0.079" L x 0.049" W (2.01mm x 1.25mm)"; VariantName = "[No Variations]"
Add component (AddParameter): Name = "Supplier 1"; Value = "DigiKey"; VariantName = "[No Variations]"
Add component (AddParameter): Name = "Supplier Part Number 1"; Value = "478-12142-1-ND"; VariantName = "[No Variations]"
Add component (AddParameter): Name = "Temperature Coefficient"; Value = "X7R"; VariantName = "[No Variations]"
Add component (AddParameter): Name = "Tolerance"; Value = "±10%"; VariantName = "[No Variations]"
Add component (AddParameter): Name = "value"; Value = "1µF"; VariantName = "[No Variations]"
Add component (AddParameter): Name = "Voltage - Rated"; Value = "100V"; VariantName = "[No Variations]"
Added Component: Designator=C44(CAP 0805_2012)
Add component (AddParameter): Name = "Applications"; Value = "Automotive"; VariantName = "[No Variations]"
Add component (AddParameter): Name = "Capacitance"; Value = "1µF"; VariantName = "[No Variations]"
Add component (AddParameter): Name = "componentlink1description"; Value = "Datasheet"; VariantName = "[No Variations]"
Add component (AddParameter): Name = "componentlink1url"; Value = "http://datasheets.avx.com/AutoMLCC.pdf"; VariantName = "[No Variations]"
Add component (AddParameter): Name = "componentlink2description"; Value = "DigiKey Link"; VariantName = "[No Variations]"
Add component (AddParameter): Name = "componentlink2url"; Value = "http://digikey.com/product-detail/en/avx-corporation/08051C105K4T2A/478-12142-1-ND/9374711"; VariantName = "[No Variations]"
Add component (AddParameter): Name = "Device Package"; Value = "0805 (2012 Metric)"; VariantName = "[No Variations]"
Add component (AddParameter): Name = "lastupdated"; Value = "2.09.2020 01:04:22"; VariantName = "[No Variations]"
Add component (AddParameter): Name = "Lifecycle Status"; Value = "Active"; VariantName = "[No Variations]"
Add component (AddParameter): Name = "manufacturer"; Value = "AVX Corporation"; VariantName = "[No Variations]"
Add component (AddParameter): Name = "Minimum Order"; Value = "1"; VariantName = "[No Variations]"
Add component (AddParameter): Name = "Mounting Type"; Value = "Surface Mount, MLCC"; VariantName = "[No Variations]"
Add component (AddParameter): Name = "Operating Temperature"; Value = "-55°C ~ 125°C"; VariantName = "[No Variations]"
Add component (AddParameter): Name = "Package / Case"; Value = "0805 (2012 Metric)"; VariantName = "[No Variations]"
Add component (AddParameter): Name = "packaging"; Value = "TapeAndReel"; VariantName = "[No Variations]"
Add component (AddParameter): Name = "Part Number"; Value = "08051C105K4T2A"; VariantName = "[No Variations]"
Add component (AddParameter): Name = "Part Status"; Value = "Active"; VariantName = "[No Variations]"
Add component (AddParameter): Name = "partid"; Value = "13414"; VariantName = "[No Variations]"
Add component (AddParameter): Name = "price"; Value = "0.09"; VariantName = "[No Variations]"
Add component (AddParameter): Name = "Ratings"; Value = "AEC-Q200"; VariantName = "[No Variations]"
Add component (AddParameter): Name = "series"; Value = "-"; VariantName = "[No Variations]"
Add component (AddParameter): Name = "Size / Dimension"; Value = "0.079" L x 0.049" W (2.01mm x 1.25mm)"; VariantName = "[No Variations]"
Add component (AddParameter): Name = "Supplier 1"; Value = "DigiKey"; VariantName = "[No Variations]"
Add component (AddParameter): Name = "Supplier Part Number 1"; Value = "478-12142-1-ND"; VariantName = "[No Variations]"
Add component (AddParameter): Name = "Temperature Coefficient"; Value = "X7R"; VariantName = "[No Variations]"
Add component (AddParameter): Name = "Tolerance"; Value = "±10%"; VariantName = "[No Variations]"
Add component (AddParameter): Name = "value"; Value = "1µF"; VariantName = "[No Variations]"
Add component (AddParameter): Name = "Voltage - Rated"; Value = "100V"; VariantName = "[No Variations]"
Added Component: Designator=C45(CAP 0603_1608)
Add component (AddParameter): Name = "Applications"; Value = "SMPS Filtering"; VariantName = "[No Variations]"
Add component (AddParameter): Name = "Capacitance"; Value = "0.1 µF"; VariantName = "[No Variations]"
Add component (AddParameter): Name = "componentlink1description"; Value = "Datasheet"; VariantName = "[No Variations]"
Add component (AddParameter): Name = "componentlink1url"; Value = "https://ds.yuden.co.jp/TYCOMPAS/ut/detail?pn=HMK107BJ104KA-T  &u=M"; VariantName = "[No Variations]"
Add component (AddParameter): Name = "componentlink2description"; Value = "DigiKey Link"; VariantName = "[No Variations]"
Add component (AddParameter): Name = "componentlink2url"; Value = "https://www.digikey.com/en/products/detail/taiyo-yuden/HMK107BJ104KA-T/4970694"; VariantName = "[No Variations]"
Add component (AddParameter): Name = "Device Package"; Value = "0603 (1608 Metric)"; VariantName = "[No Variations]"
Add component (AddParameter): Name = "Features"; Value = "High Voltage"; VariantName = "[No Variations]"
Add component (AddParameter): Name = "lastupdated"; Value = "6.04.2026 19:23:31"; VariantName = "[No Variations]"
Add component (AddParameter): Name = "Lifecycle Status"; Value = "Active"; VariantName = "[No Variations]"
Add component (AddParameter): Name = "manufacturer"; Value = "Taiyo Yuden"; VariantName = "[No Variations]"
Add component (AddParameter): Name = "Minimum Order"; Value = "1"; VariantName = "[No Variations]"
Add component (AddParameter): Name = "Mounting Type"; Value = "Surface Mount, MLCC"; VariantName = "[No Variations]"
Add component (AddParameter): Name = "Operating Temperature"; Value = "-55°C ~ 85°C"; VariantName = "[No Variations]"
Add component (AddParameter): Name = "Package / Case"; Value = "0603 (1608 Metric)"; VariantName = "[No Variations]"
Add component (AddParameter): Name = "packaging"; Value = "TapeAndReel"; VariantName = "[No Variations]"
Add component (AddParameter): Name = "Part Number"; Value = "HMK107BJ104KA-T"; VariantName = "[No Variations]"
Add component (AddParameter): Name = "Part Status"; Value = "Active"; VariantName = "[No Variations]"
Add component (AddParameter): Name = "partid"; Value = "8162"; VariantName = "[No Variations]"
Add component (AddParameter): Name = "price"; Value = "0.01"; VariantName = "[No Variations]"
Add component (AddParameter): Name = "series"; Value = "M"; VariantName = "[No Variations]"
Add component (AddParameter): Name = "Size / Dimension"; Value = "0.063" L x 0.031" W (1.60mm x 0.80mm)"; VariantName = "[No Variations]"
Add component (AddParameter): Name = "Supplier 1"; Value = "DigiKey"; VariantName = "[No Variations]"
Add component (AddParameter): Name = "Supplier Part Number 1"; Value = "587-5862-1-ND"; VariantName = "[No Variations]"
Add component (AddParameter): Name = "Temperature Coefficient"; Value = "X5R"; VariantName = "[No Variations]"
Add component (AddParameter): Name = "Thickness (Max)"; Value = "0.035" (0.90mm)"; VariantName = "[No Variations]"
Add component (AddParameter): Name = "Tolerance"; Value = "±10%"; VariantName = "[No Variations]"
Add component (AddParameter): Name = "value"; Value = "0.1 µF"; VariantName = "[No Variations]"
Add component (AddParameter): Name = "Voltage - Rated"; Value = "100V"; VariantName = "[No Variations]"
Added Component: Designator=C46(CAP 0603_1608)
Add component (AddParameter): Name = "Applications"; Value = "Automotive"; VariantName = "[No Variations]"
Add component (AddParameter): Name = "Capacitance"; Value = "0.022 µF"; VariantName = "[No Variations]"
Add component (AddParameter): Name = "componentlink1description"; Value = "Datasheet"; VariantName = "[No Variations]"
Add component (AddParameter): Name = "componentlink1url"; Value = "https://mm.digikey.com/Volume0/opasdata/d220001/medias/docus/5458/CL10B223KO8WPNC_Spec.pdf"; VariantName = "[No Variations]"
Add component (AddParameter): Name = "componentlink2description"; Value = "DigiKey Link"; VariantName = "[No Variations]"
Add component (AddParameter): Name = "componentlink2url"; Value = "https://www.digikey.com/en/products/detail/samsung-electro-mechanics/CL10B223KO8WPNC/20498563"; VariantName = "[No Variations]"
Add component (AddParameter): Name = "Device Package"; Value = "0603 (1608 Metric)"; VariantName = "[No Variations]"
Add component (AddParameter): Name = "Features"; Value = "Open Mode"; VariantName = "[No Variations]"
Add component (AddParameter): Name = "lastupdated"; Value = "6.04.2026 19:17:38"; VariantName = "[No Variations]"
Add component (AddParameter): Name = "Lifecycle Status"; Value = "Active"; VariantName = "[No Variations]"
Add component (AddParameter): Name = "manufacturer"; Value = "Samsung Electro-Mechanics"; VariantName = "[No Variations]"
Add component (AddParameter): Name = "Minimum Order"; Value = "1"; VariantName = "[No Variations]"
Add component (AddParameter): Name = "Mounting Type"; Value = "Surface Mount, MLCC, Epoxy"; VariantName = "[No Variations]"
Add component (AddParameter): Name = "Operating Temperature"; Value = "-55°C ~ 125°C"; VariantName = "[No Variations]"
Add component (AddParameter): Name = "Package / Case"; Value = "0603 (1608 Metric)"; VariantName = "[No Variations]"
Add component (AddParameter): Name = "packaging"; Value = "TapeAndReel"; VariantName = "[No Variations]"
Add component (AddParameter): Name = "Part Number"; Value = "CL10B223KO8WPNC"; VariantName = "[No Variations]"
Add component (AddParameter): Name = "partid"; Value = "64880"; VariantName = "[No Variations]"
Add component (AddParameter): Name = "price"; Value = "0.01"; VariantName = "[No Variations]"
Add component (AddParameter): Name = "Ratings"; Value = "AEC-Q200"; VariantName = "[No Variations]"
Add component (AddParameter): Name = "series"; Value = "CL"; VariantName = "[No Variations]"
Add component (AddParameter): Name = "Size / Dimension"; Value = "0.063" L x 0.031" W (1.60mm x 0.80mm)"; VariantName = "[No Variations]"
Add component (AddParameter): Name = "Supplier 1"; Value = "DigiKey"; VariantName = "[No Variations]"
Add component (AddParameter): Name = "Supplier Part Number 1"; Value = "1276-CL10B223KO8WPNCCT-ND"; VariantName = "[No Variations]"
Add component (AddParameter): Name = "Temperature Coefficient"; Value = "X7R"; VariantName = "[No Variations]"
Add component (AddParameter): Name = "Thickness (Max)"; Value = "0.035" (0.88mm)"; VariantName = "[No Variations]"
Add component (AddParameter): Name = "Tolerance"; Value = "±10%"; VariantName = "[No Variations]"
Add component (AddParameter): Name = "value"; Value = "0.022 µF"; VariantName = "[No Variations]"
Add component (AddParameter): Name = "Voltage - Rated"; Value = "16V"; VariantName = "[No Variations]"
Added Component: Designator=C47(CAP 0603_1608)
Add component (AddParameter): Name = "Applications"; Value = "ESD Protection"; VariantName = "[No Variations]"
Add component (AddParameter): Name = "Capacitance"; Value = "10000 pF"; VariantName = "[No Variations]"
Add component (AddParameter): Name = "componentlink1description"; Value = "Datasheet"; VariantName = "[No Variations]"
Add component (AddParameter): Name = "componentlink1url"; Value = "https://connect.kemet.com:7667/gateway/IntelliData-ComponentDocumentation/1.0/download/datasheet/C0603C103M4REC7411"; VariantName = "[No Variations]"
Add component (AddParameter): Name = "componentlink2description"; Value = "DigiKey Link"; VariantName = "[No Variations]"
Add component (AddParameter): Name = "componentlink2url"; Value = "https://www.digikey.com/en/products/detail/kemet/C0603C103M4REC7411/8645113"; VariantName = "[No Variations]"
Add component (AddParameter): Name = "Device Package"; Value = "0603 (1608 Metric)"; VariantName = "[No Variations]"
Add component (AddParameter): Name = "lastupdated"; Value = "6.04.2026 19:20:47"; VariantName = "[No Variations]"
Add component (AddParameter): Name = "Lifecycle Status"; Value = "Active"; VariantName = "[No Variations]"
Add component (AddParameter): Name = "manufacturer"; Value = "KEMET"; VariantName = "[No Variations]"
Add component (AddParameter): Name = "Minimum Order"; Value = "1"; VariantName = "[No Variations]"
Add component (AddParameter): Name = "Mounting Type"; Value = "Surface Mount, MLCC"; VariantName = "[No Variations]"
Add component (AddParameter): Name = "Operating Temperature"; Value = "-55°C ~ 125°C"; VariantName = "[No Variations]"
Add component (AddParameter): Name = "Package / Case"; Value = "0603 (1608 Metric)"; VariantName = "[No Variations]"
Add component (AddParameter): Name = "packaging"; Value = "TapeAndReel"; VariantName = "[No Variations]"
Add component (AddParameter): Name = "Part Number"; Value = "C0603C103M4REC7411"; VariantName = "[No Variations]"
Add component (AddParameter): Name = "Part Status"; Value = "Active"; VariantName = "[No Variations]"
Add component (AddParameter): Name = "partid"; Value = "52195"; VariantName = "[No Variations]"
Add component (AddParameter): Name = "price"; Value = "0.01"; VariantName = "[No Variations]"
Add component (AddParameter): Name = "series"; Value = "ESD SMD Comm X7R"; VariantName = "[No Variations]"
Add component (AddParameter): Name = "Size / Dimension"; Value = "0.063" L x 0.031" W (1.60mm x 0.80mm)"; VariantName = "[No Variations]"
Add component (AddParameter): Name = "Supplier 1"; Value = "DigiKey"; VariantName = "[No Variations]"
Add component (AddParameter): Name = "Supplier Part Number 1"; Value = "399-C0603C103M4REC7411CT-ND"; VariantName = "[No Variations]"
Add component (AddParameter): Name = "Temperature Coefficient"; Value = "X7R"; VariantName = "[No Variations]"
Add component (AddParameter): Name = "Thickness (Max)"; Value = "0.034" (0.87mm)"; VariantName = "[No Variations]"
Add component (AddParameter): Name = "Tolerance"; Value = "±20%"; VariantName = "[No Variations]"
Add component (AddParameter): Name = "value"; Value = "10000 pF"; VariantName = "[No Variations]"
Add component (AddParameter): Name = "Voltage - Rated"; Value = "16V"; VariantName = "[No Variations]"
Added Component: Designator=C48(CAP 0603_1608)
Add component (AddParameter): Name = "Applications"; Value = "General Purpose"; VariantName = "[No Variations]"
Add component (AddParameter): Name = "Capacitance"; Value = "4.7 µF"; VariantName = "[No Variations]"
Add component (AddParameter): Name = "componentlink1description"; Value = "Datasheet"; VariantName = "[No Variations]"
Add component (AddParameter): Name = "componentlink1url"; Value = "http://www.samsungsem.com/kr/support/product-search/mlcc/CL10A475KL8NRNC.jsp"; VariantName = "[No Variations]"
Add component (AddParameter): Name = "componentlink2description"; Value = "DigiKey Link"; VariantName = "[No Variations]"
Add component (AddParameter): Name = "componentlink2url"; Value = "https://www.digikey.com/en/products/detail/samsung-electro-mechanics/CL10A475KL8NRNC/5961278"; VariantName = "[No Variations]"
Add component (AddParameter): Name = "Device Package"; Value = "0603 (1608 Metric)"; VariantName = "[No Variations]"
Add component (AddParameter): Name = "lastupdated"; Value = "6.04.2026 19:23:51"; VariantName = "[No Variations]"
Add component (AddParameter): Name = "Lifecycle Status"; Value = "Active"; VariantName = "[No Variations]"
Add component (AddParameter): Name = "manufacturer"; Value = "Samsung Electro-Mechanics"; VariantName = "[No Variations]"
Add component (AddParameter): Name = "Minimum Order"; Value = "1"; VariantName = "[No Variations]"
Add component (AddParameter): Name = "Mounting Type"; Value = "Surface Mount, MLCC"; VariantName = "[No Variations]"
Add component (AddParameter): Name = "Operating Temperature"; Value = "-55°C ~ 85°C"; VariantName = "[No Variations]"
Add component (AddParameter): Name = "Package / Case"; Value = "0603 (1608 Metric)"; VariantName = "[No Variations]"
Add component (AddParameter): Name = "packaging"; Value = "TapeAndReel"; VariantName = "[No Variations]"
Add component (AddParameter): Name = "Part Number"; Value = "CL10A475KL8NRNC"; VariantName = "[No Variations]"
Add component (AddParameter): Name = "Part Status"; Value = "Active"; VariantName = "[No Variations]"
Add component (AddParameter): Name = "partid"; Value = "2652"; VariantName = "[No Variations]"
Add component (AddParameter): Name = "price"; Value = "0.08"; VariantName = "[No Variations]"
Add component (AddParameter): Name = "series"; Value = "CL"; VariantName = "[No Variations]"
Add component (AddParameter): Name = "Size / Dimension"; Value = "0.063" L x 0.031" W (1.60mm x 0.80mm)"; VariantName = "[No Variations]"
Add component (AddParameter): Name = "Supplier 1"; Value = "DigiKey"; VariantName = "[No Variations]"
Add component (AddParameter): Name = "Supplier Part Number 1"; Value = "1276-6794-1-ND"; VariantName = "[No Variations]"
Add component (AddParameter): Name = "Temperature Coefficient"; Value = "X5R"; VariantName = "[No Variations]"
Add component (AddParameter): Name = "Thickness (Max)"; Value = "0.035" (0.90mm)"; VariantName = "[No Variations]"
Add component (AddParameter): Name = "Tolerance"; Value = "±10%"; VariantName = "[No Variations]"
Add component (AddParameter): Name = "value"; Value = "4.7 µF"; VariantName = "[No Variations]"
Add component (AddParameter): Name = "Voltage - Rated"; Value = "35V"; VariantName = "[No Variations]"
Added Component: Designator=C49(CAP 0603_1608)
Add component (AddParameter): Name = "Applications"; Value = "General Purpose"; VariantName = "[No Variations]"
Add component (AddParameter): Name = "Capacitance"; Value = "4.7 µF"; VariantName = "[No Variations]"
Add component (AddParameter): Name = "componentlink1description"; Value = "Datasheet"; VariantName = "[No Variations]"
Add component (AddParameter): Name = "componentlink1url"; Value = "http://www.samsungsem.com/kr/support/product-search/mlcc/CL10A475KL8NRNC.jsp"; VariantName = "[No Variations]"
Add component (AddParameter): Name = "componentlink2description"; Value = "DigiKey Link"; VariantName = "[No Variations]"
Add component (AddParameter): Name = "componentlink2url"; Value = "https://www.digikey.com/en/products/detail/samsung-electro-mechanics/CL10A475KL8NRNC/5961278"; VariantName = "[No Variations]"
Add component (AddParameter): Name = "Device Package"; Value = "0603 (1608 Metric)"; VariantName = "[No Variations]"
Add component (AddParameter): Name = "lastupdated"; Value = "6.04.2026 19:23:51"; VariantName = "[No Variations]"
Add component (AddParameter): Name = "Lifecycle Status"; Value = "Active"; VariantName = "[No Variations]"
Add component (AddParameter): Name = "manufacturer"; Value = "Samsung Electro-Mechanics"; VariantName = "[No Variations]"
Add component (AddParameter): Name = "Minimum Order"; Value = "1"; VariantName = "[No Variations]"
Add component (AddParameter): Name = "Mounting Type"; Value = "Surface Mount, MLCC"; VariantName = "[No Variations]"
Add component (AddParameter): Name = "Operating Temperature"; Value = "-55°C ~ 85°C"; VariantName = "[No Variations]"
Add component (AddParameter): Name = "Package / Case"; Value = "0603 (1608 Metric)"; VariantName = "[No Variations]"
Add component (AddParameter): Name = "packaging"; Value = "TapeAndReel"; VariantName = "[No Variations]"
Add component (AddParameter): Name = "Part Number"; Value = "CL10A475KL8NRNC"; VariantName = "[No Variations]"
Add component (AddParameter): Name = "Part Status"; Value = "Active"; VariantName = "[No Variations]"
Add component (AddParameter): Name = "partid"; Value = "2652"; VariantName = "[No Variations]"
Add component (AddParameter): Name = "price"; Value = "0.08"; VariantName = "[No Variations]"
Add component (AddParameter): Name = "series"; Value = "CL"; VariantName = "[No Variations]"
Add component (AddParameter): Name = "Size / Dimension"; Value = "0.063" L x 0.031" W (1.60mm x 0.80mm)"; VariantName = "[No Variations]"
Add component (AddParameter): Name = "Supplier 1"; Value = "DigiKey"; VariantName = "[No Variations]"
Add component (AddParameter): Name = "Supplier Part Number 1"; Value = "1276-6794-1-ND"; VariantName = "[No Variations]"
Add component (AddParameter): Name = "Temperature Coefficient"; Value = "X5R"; VariantName = "[No Variations]"
Add component (AddParameter): Name = "Thickness (Max)"; Value = "0.035" (0.90mm)"; VariantName = "[No Variations]"
Add component (AddParameter): Name = "Tolerance"; Value = "±10%"; VariantName = "[No Variations]"
Add component (AddParameter): Name = "value"; Value = "4.7 µF"; VariantName = "[No Variations]"
Add component (AddParameter): Name = "Voltage - Rated"; Value = "35V"; VariantName = "[No Variations]"
Added Component: Designator=C50(CAP 0603_1608)
Add component (AddParameter): Name = "Applications"; Value = "SMPS Filtering"; VariantName = "[No Variations]"
Add component (AddParameter): Name = "Capacitance"; Value = "0.1 µF"; VariantName = "[No Variations]"
Add component (AddParameter): Name = "componentlink1description"; Value = "Datasheet"; VariantName = "[No Variations]"
Add component (AddParameter): Name = "componentlink1url"; Value = "https://ds.yuden.co.jp/TYCOMPAS/ut/detail?pn=HMK107BJ104KA-T  &u=M"; VariantName = "[No Variations]"
Add component (AddParameter): Name = "componentlink2description"; Value = "DigiKey Link"; VariantName = "[No Variations]"
Add component (AddParameter): Name = "componentlink2url"; Value = "https://www.digikey.com/en/products/detail/taiyo-yuden/HMK107BJ104KA-T/4970694"; VariantName = "[No Variations]"
Add component (AddParameter): Name = "Device Package"; Value = "0603 (1608 Metric)"; VariantName = "[No Variations]"
Add component (AddParameter): Name = "Features"; Value = "High Voltage"; VariantName = "[No Variations]"
Add component (AddParameter): Name = "lastupdated"; Value = "6.04.2026 19:23:31"; VariantName = "[No Variations]"
Add component (AddParameter): Name = "Lifecycle Status"; Value = "Active"; VariantName = "[No Variations]"
Add component (AddParameter): Name = "manufacturer"; Value = "Taiyo Yuden"; VariantName = "[No Variations]"
Add component (AddParameter): Name = "Minimum Order"; Value = "1"; VariantName = "[No Variations]"
Add component (AddParameter): Name = "Mounting Type"; Value = "Surface Mount, MLCC"; VariantName = "[No Variations]"
Add component (AddParameter): Name = "Operating Temperature"; Value = "-55°C ~ 85°C"; VariantName = "[No Variations]"
Add component (AddParameter): Name = "Package / Case"; Value = "0603 (1608 Metric)"; VariantName = "[No Variations]"
Add component (AddParameter): Name = "packaging"; Value = "TapeAndReel"; VariantName = "[No Variations]"
Add component (AddParameter): Name = "Part Number"; Value = "HMK107BJ104KA-T"; VariantName = "[No Variations]"
Add component (AddParameter): Name = "Part Status"; Value = "Active"; VariantName = "[No Variations]"
Add component (AddParameter): Name = "partid"; Value = "8162"; VariantName = "[No Variations]"
Add component (AddParameter): Name = "price"; Value = "0.01"; VariantName = "[No Variations]"
Add component (AddParameter): Name = "series"; Value = "M"; VariantName = "[No Variations]"
Add component (AddParameter): Name = "Size / Dimension"; Value = "0.063" L x 0.031" W (1.60mm x 0.80mm)"; VariantName = "[No Variations]"
Add component (AddParameter): Name = "Supplier 1"; Value = "DigiKey"; VariantName = "[No Variations]"
Add component (AddParameter): Name = "Supplier Part Number 1"; Value = "587-5862-1-ND"; VariantName = "[No Variations]"
Add component (AddParameter): Name = "Temperature Coefficient"; Value = "X5R"; VariantName = "[No Variations]"
Add component (AddParameter): Name = "Thickness (Max)"; Value = "0.035" (0.90mm)"; VariantName = "[No Variations]"
Add component (AddParameter): Name = "Tolerance"; Value = "±10%"; VariantName = "[No Variations]"
Add component (AddParameter): Name = "value"; Value = "0.1 µF"; VariantName = "[No Variations]"
Add component (AddParameter): Name = "Voltage - Rated"; Value = "100V"; VariantName = "[No Variations]"
Added Component: Designator=C51(CAP 0603_1608)
Add component (AddParameter): Name = "Applications"; Value = "SMPS Filtering"; VariantName = "[No Variations]"
Add component (AddParameter): Name = "Capacitance"; Value = "0.1 µF"; VariantName = "[No Variations]"
Add component (AddParameter): Name = "componentlink1description"; Value = "Datasheet"; VariantName = "[No Variations]"
Add component (AddParameter): Name = "componentlink1url"; Value = "https://ds.yuden.co.jp/TYCOMPAS/ut/detail?pn=HMK107BJ104KA-T  &u=M"; VariantName = "[No Variations]"
Add component (AddParameter): Name = "componentlink2description"; Value = "DigiKey Link"; VariantName = "[No Variations]"
Add component (AddParameter): Name = "componentlink2url"; Value = "https://www.digikey.com/en/products/detail/taiyo-yuden/HMK107BJ104KA-T/4970694"; VariantName = "[No Variations]"
Add component (AddParameter): Name = "Device Package"; Value = "0603 (1608 Metric)"; VariantName = "[No Variations]"
Add component (AddParameter): Name = "Features"; Value = "High Voltage"; VariantName = "[No Variations]"
Add component (AddParameter): Name = "lastupdated"; Value = "6.04.2026 19:23:31"; VariantName = "[No Variations]"
Add component (AddParameter): Name = "Lifecycle Status"; Value = "Active"; VariantName = "[No Variations]"
Add component (AddParameter): Name = "manufacturer"; Value = "Taiyo Yuden"; VariantName = "[No Variations]"
Add component (AddParameter): Name = "Minimum Order"; Value = "1"; VariantName = "[No Variations]"
Add component (AddParameter): Name = "Mounting Type"; Value = "Surface Mount, MLCC"; VariantName = "[No Variations]"
Add component (AddParameter): Name = "Operating Temperature"; Value = "-55°C ~ 85°C"; VariantName = "[No Variations]"
Add component (AddParameter): Name = "Package / Case"; Value = "0603 (1608 Metric)"; VariantName = "[No Variations]"
Add component (AddParameter): Name = "packaging"; Value = "TapeAndReel"; VariantName = "[No Variations]"
Add component (AddParameter): Name = "Part Number"; Value = "HMK107BJ104KA-T"; VariantName = "[No Variations]"
Add component (AddParameter): Name = "Part Status"; Value = "Active"; VariantName = "[No Variations]"
Add component (AddParameter): Name = "partid"; Value = "8162"; VariantName = "[No Variations]"
Add component (AddParameter): Name = "price"; Value = "0.01"; VariantName = "[No Variations]"
Add component (AddParameter): Name = "series"; Value = "M"; VariantName = "[No Variations]"
Add component (AddParameter): Name = "Size / Dimension"; Value = "0.063" L x 0.031" W (1.60mm x 0.80mm)"; VariantName = "[No Variations]"
Add component (AddParameter): Name = "Supplier 1"; Value = "DigiKey"; VariantName = "[No Variations]"
Add component (AddParameter): Name = "Supplier Part Number 1"; Value = "587-5862-1-ND"; VariantName = "[No Variations]"
Add component (AddParameter): Name = "Temperature Coefficient"; Value = "X5R"; VariantName = "[No Variations]"
Add component (AddParameter): Name = "Thickness (Max)"; Value = "0.035" (0.90mm)"; VariantName = "[No Variations]"
Add component (AddParameter): Name = "Tolerance"; Value = "±10%"; VariantName = "[No Variations]"
Add component (AddParameter): Name = "value"; Value = "0.1 µF"; VariantName = "[No Variations]"
Add component (AddParameter): Name = "Voltage - Rated"; Value = "100V"; VariantName = "[No Variations]"
Added Component: Designator=C52(CAP 0603_1608)
Add component (AddParameter): Name = "Applications"; Value = "General Purpose"; VariantName = "[No Variations]"
Add component (AddParameter): Name = "Capacitance"; Value = "22 µF"; VariantName = "[No Variations]"
Add component (AddParameter): Name = "componentlink1description"; Value = "Datasheet"; VariantName = "[No Variations]"
Add component (AddParameter): Name = "componentlink1url"; Value = "https://mm.digikey.com/Volume0/opasdata/d220001/medias/docus/339/CL10A226MP8NRNC_Spec.pdf"; VariantName = "[No Variations]"
Add component (AddParameter): Name = "componentlink2description"; Value = "DigiKey Link"; VariantName = "[No Variations]"
Add component (AddParameter): Name = "componentlink2url"; Value = "https://www.digikey.com/en/products/detail/samsung-electro-mechanics/CL10A226MP8NRNC/10478990"; VariantName = "[No Variations]"
Add component (AddParameter): Name = "Device Package"; Value = "0603 (1608 Metric)"; VariantName = "[No Variations]"
Add component (AddParameter): Name = "lastupdated"; Value = "6.04.2026 19:18:15"; VariantName = "[No Variations]"
Add component (AddParameter): Name = "Lifecycle Status"; Value = "Active"; VariantName = "[No Variations]"
Add component (AddParameter): Name = "manufacturer"; Value = "Samsung Electro-Mechanics"; VariantName = "[No Variations]"
Add component (AddParameter): Name = "Minimum Order"; Value = "1"; VariantName = "[No Variations]"
Add component (AddParameter): Name = "Mounting Type"; Value = "Surface Mount, MLCC"; VariantName = "[No Variations]"
Add component (AddParameter): Name = "Operating Temperature"; Value = "-55°C ~ 85°C"; VariantName = "[No Variations]"
Add component (AddParameter): Name = "Package / Case"; Value = "0603 (1608 Metric)"; VariantName = "[No Variations]"
Add component (AddParameter): Name = "packaging"; Value = "TapeAndReel"; VariantName = "[No Variations]"
Add component (AddParameter): Name = "Part Number"; Value = "CL10A226MP8NRNC"; VariantName = "[No Variations]"
Add component (AddParameter): Name = "partid"; Value = "67717"; VariantName = "[No Variations]"
Add component (AddParameter): Name = "price"; Value = "0.06"; VariantName = "[No Variations]"
Add component (AddParameter): Name = "series"; Value = "CL"; VariantName = "[No Variations]"
Add component (AddParameter): Name = "Size / Dimension"; Value = "0.063" L x 0.031" W (1.60mm x 0.80mm)"; VariantName = "[No Variations]"
Add component (AddParameter): Name = "Supplier 1"; Value = "DigiKey"; VariantName = "[No Variations]"
Add component (AddParameter): Name = "Supplier Part Number 1"; Value = "1276-CL10A226MP8NRNCCT-ND"; VariantName = "[No Variations]"
Add component (AddParameter): Name = "Temperature Coefficient"; Value = "X5R"; VariantName = "[No Variations]"
Add component (AddParameter): Name = "Thickness (Max)"; Value = "0.039" (1.00mm)"; VariantName = "[No Variations]"
Add component (AddParameter): Name = "Tolerance"; Value = "±20%"; VariantName = "[No Variations]"
Add component (AddParameter): Name = "value"; Value = "22 µF"; VariantName = "[No Variations]"
Add component (AddParameter): Name = "Voltage - Rated"; Value = "10V"; VariantName = "[No Variations]"
Added Component: Designator=C53(CAP 0805_2012)
Add component (AddParameter): Name = "Applications"; Value = "Automotive"; VariantName = "[No Variations]"
Add component (AddParameter): Name = "Capacitance"; Value = "1µF"; VariantName = "[No Variations]"
Add component (AddParameter): Name = "componentlink1description"; Value = "Datasheet"; VariantName = "[No Variations]"
Add component (AddParameter): Name = "componentlink1url"; Value = "http://datasheets.avx.com/AutoMLCC.pdf"; VariantName = "[No Variations]"
Add component (AddParameter): Name = "componentlink2description"; Value = "DigiKey Link"; VariantName = "[No Variations]"
Add component (AddParameter): Name = "componentlink2url"; Value = "http://digikey.com/product-detail/en/avx-corporation/08051C105K4T2A/478-12142-1-ND/9374711"; VariantName = "[No Variations]"
Add component (AddParameter): Name = "Device Package"; Value = "0805 (2012 Metric)"; VariantName = "[No Variations]"
Add component (AddParameter): Name = "lastupdated"; Value = "2.09.2020 01:04:22"; VariantName = "[No Variations]"
Add component (AddParameter): Name = "Lifecycle Status"; Value = "Active"; VariantName = "[No Variations]"
Add component (AddParameter): Name = "manufacturer"; Value = "AVX Corporation"; VariantName = "[No Variations]"
Add component (AddParameter): Name = "Minimum Order"; Value = "1"; VariantName = "[No Variations]"
Add component (AddParameter): Name = "Mounting Type"; Value = "Surface Mount, MLCC"; VariantName = "[No Variations]"
Add component (AddParameter): Name = "Operating Temperature"; Value = "-55°C ~ 125°C"; VariantName = "[No Variations]"
Add component (AddParameter): Name = "Package / Case"; Value = "0805 (2012 Metric)"; VariantName = "[No Variations]"
Add component (AddParameter): Name = "packaging"; Value = "TapeAndReel"; VariantName = "[No Variations]"
Add component (AddParameter): Name = "Part Number"; Value = "08051C105K4T2A"; VariantName = "[No Variations]"
Add component (AddParameter): Name = "Part Status"; Value = "Active"; VariantName = "[No Variations]"
Add component (AddParameter): Name = "partid"; Value = "13414"; VariantName = "[No Variations]"
Add component (AddParameter): Name = "price"; Value = "0.09"; VariantName = "[No Variations]"
Add component (AddParameter): Name = "Ratings"; Value = "AEC-Q200"; VariantName = "[No Variations]"
Add component (AddParameter): Name = "series"; Value = "-"; VariantName = "[No Variations]"
Add component (AddParameter): Name = "Size / Dimension"; Value = "0.079" L x 0.049" W (2.01mm x 1.25mm)"; VariantName = "[No Variations]"
Add component (AddParameter): Name = "Supplier 1"; Value = "DigiKey"; VariantName = "[No Variations]"
Add component (AddParameter): Name = "Supplier Part Number 1"; Value = "478-12142-1-ND"; VariantName = "[No Variations]"
Add component (AddParameter): Name = "Temperature Coefficient"; Value = "X7R"; VariantName = "[No Variations]"
Add component (AddParameter): Name = "Tolerance"; Value = "±10%"; VariantName = "[No Variations]"
Add component (AddParameter): Name = "value"; Value = "1µF"; VariantName = "[No Variations]"
Add component (AddParameter): Name = "Voltage - Rated"; Value = "100V"; VariantName = "[No Variations]"
Added Component: Designator=C54(CAP 0603_1608)
Add component (AddParameter): Name = "Applications"; Value = "General Purpose"; VariantName = "[No Variations]"
Add component (AddParameter): Name = "Capacitance"; Value = "10 µF"; VariantName = "[No Variations]"
Add component (AddParameter): Name = "componentlink2description"; Value = "DigiKey Link"; VariantName = "[No Variations]"
Add component (AddParameter): Name = "componentlink2url"; Value = "https://www.digikey.com/en/products/detail/kyocera-avx/0603YW106MAT2A/16602928"; VariantName = "[No Variations]"
Add component (AddParameter): Name = "Device Package"; Value = "0603 (1608 Metric)"; VariantName = "[No Variations]"
Add component (AddParameter): Name = "lastupdated"; Value = "6.04.2026 19:22:07"; VariantName = "[No Variations]"
Add component (AddParameter): Name = "Lifecycle Status"; Value = "Active"; VariantName = "[No Variations]"
Add component (AddParameter): Name = "manufacturer"; Value = "KYOCERA AVX"; VariantName = "[No Variations]"
Add component (AddParameter): Name = "Minimum Order"; Value = "1"; VariantName = "[No Variations]"
Add component (AddParameter): Name = "Mounting Type"; Value = "Surface Mount, MLCC"; VariantName = "[No Variations]"
Add component (AddParameter): Name = "Operating Temperature"; Value = "-55°C ~ 105°C"; VariantName = "[No Variations]"
Add component (AddParameter): Name = "Package / Case"; Value = "0603 (1608 Metric)"; VariantName = "[No Variations]"
Add component (AddParameter): Name = "packaging"; Value = "CutTape"; VariantName = "[No Variations]"
Add component (AddParameter): Name = "Part Number"; Value = "0603YW106MAT2A"; VariantName = "[No Variations]"
Add component (AddParameter): Name = "Part Status"; Value = "Active"; VariantName = "[No Variations]"
Add component (AddParameter): Name = "partid"; Value = "46681"; VariantName = "[No Variations]"
Add component (AddParameter): Name = "price"; Value = "0.08"; VariantName = "[No Variations]"
Add component (AddParameter): Name = "series"; Value = "KGM - X6S"; VariantName = "[No Variations]"
Add component (AddParameter): Name = "Size / Dimension"; Value = "0.063" L x 0.031" W (1.60mm x 0.80mm)"; VariantName = "[No Variations]"
Add component (AddParameter): Name = "Supplier 1"; Value = "DigiKey"; VariantName = "[No Variations]"
Add component (AddParameter): Name = "Supplier Part Number 1"; Value = "478-KGM15CS61C106MTCT-ND"; VariantName = "[No Variations]"
Add component (AddParameter): Name = "Temperature Coefficient"; Value = "X6S"; VariantName = "[No Variations]"
Add component (AddParameter): Name = "Thickness (Max)"; Value = "0.039" (1.00mm)"; VariantName = "[No Variations]"
Add component (AddParameter): Name = "Tolerance"; Value = "±20%"; VariantName = "[No Variations]"
Add component (AddParameter): Name = "value"; Value = "10 µF"; VariantName = "[No Variations]"
Add component (AddParameter): Name = "Voltage - Rated"; Value = "16V"; VariantName = "[No Variations]"
Added Component: Designator=C55(CAP 0603_1608)
Add component (AddParameter): Name = "Applications"; Value = "General Purpose"; VariantName = "[No Variations]"
Add component (AddParameter): Name = "Capacitance"; Value = "22 µF"; VariantName = "[No Variations]"
Add component (AddParameter): Name = "componentlink1description"; Value = "Datasheet"; VariantName = "[No Variations]"
Add component (AddParameter): Name = "componentlink1url"; Value = "https://mm.digikey.com/Volume0/opasdata/d220001/medias/docus/339/CL10A226MP8NRNC_Spec.pdf"; VariantName = "[No Variations]"
Add component (AddParameter): Name = "componentlink2description"; Value = "DigiKey Link"; VariantName = "[No Variations]"
Add component (AddParameter): Name = "componentlink2url"; Value = "https://www.digikey.com/en/products/detail/samsung-electro-mechanics/CL10A226MP8NRNC/10478990"; VariantName = "[No Variations]"
Add component (AddParameter): Name = "Device Package"; Value = "0603 (1608 Metric)"; VariantName = "[No Variations]"
Add component (AddParameter): Name = "lastupdated"; Value = "6.04.2026 19:18:15"; VariantName = "[No Variations]"
Add component (AddParameter): Name = "Lifecycle Status"; Value = "Active"; VariantName = "[No Variations]"
Add component (AddParameter): Name = "manufacturer"; Value = "Samsung Electro-Mechanics"; VariantName = "[No Variations]"
Add component (AddParameter): Name = "Minimum Order"; Value = "1"; VariantName = "[No Variations]"
Add component (AddParameter): Name = "Mounting Type"; Value = "Surface Mount, MLCC"; VariantName = "[No Variations]"
Add component (AddParameter): Name = "Operating Temperature"; Value = "-55°C ~ 85°C"; VariantName = "[No Variations]"
Add component (AddParameter): Name = "Package / Case"; Value = "0603 (1608 Metric)"; VariantName = "[No Variations]"
Add component (AddParameter): Name = "packaging"; Value = "TapeAndReel"; VariantName = "[No Variations]"
Add component (AddParameter): Name = "Part Number"; Value = "CL10A226MP8NRNC"; VariantName = "[No Variations]"
Add component (AddParameter): Name = "partid"; Value = "67717"; VariantName = "[No Variations]"
Add component (AddParameter): Name = "price"; Value = "0.06"; VariantName = "[No Variations]"
Add component (AddParameter): Name = "series"; Value = "CL"; VariantName = "[No Variations]"
Add component (AddParameter): Name = "Size / Dimension"; Value = "0.063" L x 0.031" W (1.60mm x 0.80mm)"; VariantName = "[No Variations]"
Add component (AddParameter): Name = "Supplier 1"; Value = "DigiKey"; VariantName = "[No Variations]"
Add component (AddParameter): Name = "Supplier Part Number 1"; Value = "1276-CL10A226MP8NRNCCT-ND"; VariantName = "[No Variations]"
Add component (AddParameter): Name = "Temperature Coefficient"; Value = "X5R"; VariantName = "[No Variations]"
Add component (AddParameter): Name = "Thickness (Max)"; Value = "0.039" (1.00mm)"; VariantName = "[No Variations]"
Add component (AddParameter): Name = "Tolerance"; Value = "±20%"; VariantName = "[No Variations]"
Add component (AddParameter): Name = "value"; Value = "22 µF"; VariantName = "[No Variations]"
Add component (AddParameter): Name = "Voltage - Rated"; Value = "10V"; VariantName = "[No Variations]"
Added Component: Designator=C56(CAP 0805_2012)
Add component (AddParameter): Name = "Applications"; Value = "Automotive"; VariantName = "[No Variations]"
Add component (AddParameter): Name = "Capacitance"; Value = "1µF"; VariantName = "[No Variations]"
Add component (AddParameter): Name = "componentlink1description"; Value = "Datasheet"; VariantName = "[No Variations]"
Add component (AddParameter): Name = "componentlink1url"; Value = "http://datasheets.avx.com/AutoMLCC.pdf"; VariantName = "[No Variations]"
Add component (AddParameter): Name = "componentlink2description"; Value = "DigiKey Link"; VariantName = "[No Variations]"
Add component (AddParameter): Name = "componentlink2url"; Value = "http://digikey.com/product-detail/en/avx-corporation/08051C105K4T2A/478-12142-1-ND/9374711"; VariantName = "[No Variations]"
Add component (AddParameter): Name = "Device Package"; Value = "0805 (2012 Metric)"; VariantName = "[No Variations]"
Add component (AddParameter): Name = "lastupdated"; Value = "2.09.2020 01:04:22"; VariantName = "[No Variations]"
Add component (AddParameter): Name = "Lifecycle Status"; Value = "Active"; VariantName = "[No Variations]"
Add component (AddParameter): Name = "manufacturer"; Value = "AVX Corporation"; VariantName = "[No Variations]"
Add component (AddParameter): Name = "Minimum Order"; Value = "1"; VariantName = "[No Variations]"
Add component (AddParameter): Name = "Mounting Type"; Value = "Surface Mount, MLCC"; VariantName = "[No Variations]"
Add component (AddParameter): Name = "Operating Temperature"; Value = "-55°C ~ 125°C"; VariantName = "[No Variations]"
Add component (AddParameter): Name = "Package / Case"; Value = "0805 (2012 Metric)"; VariantName = "[No Variations]"
Add component (AddParameter): Name = "packaging"; Value = "TapeAndReel"; VariantName = "[No Variations]"
Add component (AddParameter): Name = "Part Number"; Value = "08051C105K4T2A"; VariantName = "[No Variations]"
Add component (AddParameter): Name = "Part Status"; Value = "Active"; VariantName = "[No Variations]"
Add component (AddParameter): Name = "partid"; Value = "13414"; VariantName = "[No Variations]"
Add component (AddParameter): Name = "price"; Value = "0.09"; VariantName = "[No Variations]"
Add component (AddParameter): Name = "Ratings"; Value = "AEC-Q200"; VariantName = "[No Variations]"
Add component (AddParameter): Name = "series"; Value = "-"; VariantName = "[No Variations]"
Add component (AddParameter): Name = "Size / Dimension"; Value = "0.079" L x 0.049" W (2.01mm x 1.25mm)"; VariantName = "[No Variations]"
Add component (AddParameter): Name = "Supplier 1"; Value = "DigiKey"; VariantName = "[No Variations]"
Add component (AddParameter): Name = "Supplier Part Number 1"; Value = "478-12142-1-ND"; VariantName = "[No Variations]"
Add component (AddParameter): Name = "Temperature Coefficient"; Value = "X7R"; VariantName = "[No Variations]"
Add component (AddParameter): Name = "Tolerance"; Value = "±10%"; VariantName = "[No Variations]"
Add component (AddParameter): Name = "value"; Value = "1µF"; VariantName = "[No Variations]"
Add component (AddParameter): Name = "Voltage - Rated"; Value = "100V"; VariantName = "[No Variations]"
Added Component: Designator=C57(CAP 0603_1608)
Add component (AddParameter): Name = "Applications"; Value = "General Purpose"; VariantName = "[No Variations]"
Add component (AddParameter): Name = "Capacitance"; Value = "22 µF"; VariantName = "[No Variations]"
Add component (AddParameter): Name = "componentlink1description"; Value = "Datasheet"; VariantName = "[No Variations]"
Add component (AddParameter): Name = "componentlink1url"; Value = "https://mm.digikey.com/Volume0/opasdata/d220001/medias/docus/339/CL10A226MP8NRNC_Spec.pdf"; VariantName = "[No Variations]"
Add component (AddParameter): Name = "componentlink2description"; Value = "DigiKey Link"; VariantName = "[No Variations]"
Add component (AddParameter): Name = "componentlink2url"; Value = "https://www.digikey.com/en/products/detail/samsung-electro-mechanics/CL10A226MP8NRNC/10478990"; VariantName = "[No Variations]"
Add component (AddParameter): Name = "Device Package"; Value = "0603 (1608 Metric)"; VariantName = "[No Variations]"
Add component (AddParameter): Name = "lastupdated"; Value = "6.04.2026 19:18:15"; VariantName = "[No Variations]"
Add component (AddParameter): Name = "Lifecycle Status"; Value = "Active"; VariantName = "[No Variations]"
Add component (AddParameter): Name = "manufacturer"; Value = "Samsung Electro-Mechanics"; VariantName = "[No Variations]"
Add component (AddParameter): Name = "Minimum Order"; Value = "1"; VariantName = "[No Variations]"
Add component (AddParameter): Name = "Mounting Type"; Value = "Surface Mount, MLCC"; VariantName = "[No Variations]"
Add component (AddParameter): Name = "Operating Temperature"; Value = "-55°C ~ 85°C"; VariantName = "[No Variations]"
Add component (AddParameter): Name = "Package / Case"; Value = "0603 (1608 Metric)"; VariantName = "[No Variations]"
Add component (AddParameter): Name = "packaging"; Value = "TapeAndReel"; VariantName = "[No Variations]"
Add component (AddParameter): Name = "Part Number"; Value = "CL10A226MP8NRNC"; VariantName = "[No Variations]"
Add component (AddParameter): Name = "partid"; Value = "67717"; VariantName = "[No Variations]"
Add component (AddParameter): Name = "price"; Value = "0.06"; VariantName = "[No Variations]"
Add component (AddParameter): Name = "series"; Value = "CL"; VariantName = "[No Variations]"
Add component (AddParameter): Name = "Size / Dimension"; Value = "0.063" L x 0.031" W (1.60mm x 0.80mm)"; VariantName = "[No Variations]"
Add component (AddParameter): Name = "Supplier 1"; Value = "DigiKey"; VariantName = "[No Variations]"
Add component (AddParameter): Name = "Supplier Part Number 1"; Value = "1276-CL10A226MP8NRNCCT-ND"; VariantName = "[No Variations]"
Add component (AddParameter): Name = "Temperature Coefficient"; Value = "X5R"; VariantName = "[No Variations]"
Add component (AddParameter): Name = "Thickness (Max)"; Value = "0.039" (1.00mm)"; VariantName = "[No Variations]"
Add component (AddParameter): Name = "Tolerance"; Value = "±20%"; VariantName = "[No Variations]"
Add component (AddParameter): Name = "value"; Value = "22 µF"; VariantName = "[No Variations]"
Add component (AddParameter): Name = "Voltage - Rated"; Value = "10V"; VariantName = "[No Variations]"
Added Component: Designator=C58(CAP 0603_1608)
Add component (AddParameter): Name = "Applications"; Value = "General Purpose"; VariantName = "[No Variations]"
Add component (AddParameter): Name = "Capacitance"; Value = "22 µF"; VariantName = "[No Variations]"
Add component (AddParameter): Name = "componentlink1description"; Value = "Datasheet"; VariantName = "[No Variations]"
Add component (AddParameter): Name = "componentlink1url"; Value = "https://mm.digikey.com/Volume0/opasdata/d220001/medias/docus/339/CL10A226MP8NRNC_Spec.pdf"; VariantName = "[No Variations]"
Add component (AddParameter): Name = "componentlink2description"; Value = "DigiKey Link"; VariantName = "[No Variations]"
Add component (AddParameter): Name = "componentlink2url"; Value = "https://www.digikey.com/en/products/detail/samsung-electro-mechanics/CL10A226MP8NRNC/10478990"; VariantName = "[No Variations]"
Add component (AddParameter): Name = "Device Package"; Value = "0603 (1608 Metric)"; VariantName = "[No Variations]"
Add component (AddParameter): Name = "lastupdated"; Value = "6.04.2026 19:18:15"; VariantName = "[No Variations]"
Add component (AddParameter): Name = "Lifecycle Status"; Value = "Active"; VariantName = "[No Variations]"
Add component (AddParameter): Name = "manufacturer"; Value = "Samsung Electro-Mechanics"; VariantName = "[No Variations]"
Add component (AddParameter): Name = "Minimum Order"; Value = "1"; VariantName = "[No Variations]"
Add component (AddParameter): Name = "Mounting Type"; Value = "Surface Mount, MLCC"; VariantName = "[No Variations]"
Add component (AddParameter): Name = "Operating Temperature"; Value = "-55°C ~ 85°C"; VariantName = "[No Variations]"
Add component (AddParameter): Name = "Package / Case"; Value = "0603 (1608 Metric)"; VariantName = "[No Variations]"
Add component (AddParameter): Name = "packaging"; Value = "TapeAndReel"; VariantName = "[No Variations]"
Add component (AddParameter): Name = "Part Number"; Value = "CL10A226MP8NRNC"; VariantName = "[No Variations]"
Add component (AddParameter): Name = "partid"; Value = "67717"; VariantName = "[No Variations]"
Add component (AddParameter): Name = "price"; Value = "0.06"; VariantName = "[No Variations]"
Add component (AddParameter): Name = "series"; Value = "CL"; VariantName = "[No Variations]"
Add component (AddParameter): Name = "Size / Dimension"; Value = "0.063" L x 0.031" W (1.60mm x 0.80mm)"; VariantName = "[No Variations]"
Add component (AddParameter): Name = "Supplier 1"; Value = "DigiKey"; VariantName = "[No Variations]"
Add component (AddParameter): Name = "Supplier Part Number 1"; Value = "1276-CL10A226MP8NRNCCT-ND"; VariantName = "[No Variations]"
Add component (AddParameter): Name = "Temperature Coefficient"; Value = "X5R"; VariantName = "[No Variations]"
Add component (AddParameter): Name = "Thickness (Max)"; Value = "0.039" (1.00mm)"; VariantName = "[No Variations]"
Add component (AddParameter): Name = "Tolerance"; Value = "±20%"; VariantName = "[No Variations]"
Add component (AddParameter): Name = "value"; Value = "22 µF"; VariantName = "[No Variations]"
Add component (AddParameter): Name = "Voltage - Rated"; Value = "10V"; VariantName = "[No Variations]"
Added Component: Designator=C59(CAPC0603X03L_C)
Add component (AddParameter): Name = "Artikkelnr Noca"; Value = "N.A."; VariantName = "[No Variations]"
Add component (AddParameter): Name = "Assembly"; Value = ""; VariantName = "[No Variations]"
Add component (AddParameter): Name = "Author"; Value = "rsk"; VariantName = "[No Variations]"
Add component (AddParameter): Name = "Component Class"; Value = "Capacitors"; VariantName = "[No Variations]"
Add component (AddParameter): Name = "Component Status"; Value = "Active"; VariantName = "[No Variations]"
Add component (AddParameter): Name = "ComponentLink1Description"; Value = "Datasheet"; VariantName = "[No Variations]"
Add component (AddParameter): Name = "ComponentLink1URL"; Value = "N.A."; VariantName = "[No Variations]"
Add component (AddParameter): Name = "ComponentLink2Description"; Value = "Supplier link"; VariantName = "[No Variations]"
Add component (AddParameter): Name = "ComponentLink2URL"; Value = "N.A."; VariantName = "[No Variations]"
Add component (AddParameter): Name = "Footprint Doc"; Value = "0201"; VariantName = "[No Variations]"
Add component (AddParameter): Name = "HelpURL"; Value = "N.A."; VariantName = "[No Variations]"
Add component (AddParameter): Name = "LatestRevisionDate"; Value = "2017-11-09"; VariantName = "[No Variations]"
Add component (AddParameter): Name = "Manufacturer"; Value = "N.A."; VariantName = "[No Variations]"
Add component (AddParameter): Name = "Manufacturer Part Number"; Value = "N.A."; VariantName = "[No Variations]"
Add component (AddParameter): Name = "Note"; Value = "16V"; VariantName = "[No Variations]"
Add component (AddParameter): Name = "Pad Count"; Value = "2"; VariantName = "[No Variations]"
Add component (AddParameter): Name = "Part Number"; Value = "C0201-100n"; VariantName = "[No Variations]"
Add component (AddParameter): Name = "Part number IPS"; Value = "00000001248, 00000002505"; VariantName = "[No Variations]"
Add component (AddParameter): Name = "Part number NEMS"; Value = "100200078"; VariantName = "[No Variations]"
Add component (AddParameter): Name = "Part number Norautron"; Value = "262071862"; VariantName = "[No Variations]"
Add component (AddParameter): Name = "PartId"; Value = "100200078"; VariantName = "[No Variations]"
Add component (AddParameter): Name = "Published"; Value = "2014-11-13"; VariantName = "[No Variations]"
Add component (AddParameter): Name = "Supplier 1"; Value = "N.A."; VariantName = "[No Variations]"
Add component (AddParameter): Name = "Supplier 2"; Value = "N.A."; VariantName = "[No Variations]"
Add component (AddParameter): Name = "Supplier Part Number 1"; Value = "N.A."; VariantName = "[No Variations]"
Add component (AddParameter): Name = "Supplier Part Number 2"; Value = "N.A."; VariantName = "[No Variations]"
Add component (AddParameter): Name = "Value"; Value = "100nF"; VariantName = "[No Variations]"
Added Component: Designator=C60(CAPC0603X03L_C)
Add component (AddParameter): Name = "Artikkelnr Noca"; Value = "N.A."; VariantName = "[No Variations]"
Add component (AddParameter): Name = "Assembly"; Value = ""; VariantName = "[No Variations]"
Add component (AddParameter): Name = "Author"; Value = "prbu"; VariantName = "[No Variations]"
Add component (AddParameter): Name = "Component Class"; Value = "Capacitors"; VariantName = "[No Variations]"
Add component (AddParameter): Name = "Component Status"; Value = "Active"; VariantName = "[No Variations]"
Add component (AddParameter): Name = "ComponentLink1Description"; Value = "Datasheet"; VariantName = "[No Variations]"
Add component (AddParameter): Name = "ComponentLink1URL"; Value = "https://www.murata.com/en-sg/products/productdetail?partno=GRM033R61A223KE84%23"; VariantName = "[No Variations]"
Add component (AddParameter): Name = "ComponentLink2Description"; Value = "Supplier link"; VariantName = "[No Variations]"
Add component (AddParameter): Name = "ComponentLink2URL"; Value = "https://www.mouser.com/ProductDetail/Murata-Electronics/GRM033R61A223KE84E?qs=BZBei1rCqCCPqziwOnRusw%3D%3D"; VariantName = "[No Variations]"
Add component (AddParameter): Name = "Footprint Doc"; Value = "0201"; VariantName = "[No Variations]"
Add component (AddParameter): Name = "HelpURL"; Value = "N.A."; VariantName = "[No Variations]"
Add component (AddParameter): Name = "LatestRevisionDate"; Value = "2021-12-09"; VariantName = "[No Variations]"
Add component (AddParameter): Name = "Manufacturer"; Value = "Murata"; VariantName = "[No Variations]"
Add component (AddParameter): Name = "Manufacturer Part Number"; Value = "GRM033R61A223KE84D"; VariantName = "[No Variations]"
Add component (AddParameter): Name = "Note"; Value = "10V"; VariantName = "[No Variations]"
Add component (AddParameter): Name = "Pad Count"; Value = "2"; VariantName = "[No Variations]"
Add component (AddParameter): Name = "Part Number"; Value = "C0201-22n-10V-X5R-GRM033R61A223KE84"; VariantName = "[No Variations]"
Add component (AddParameter): Name = "Part number IPS"; Value = "N.A."; VariantName = "[No Variations]"
Add component (AddParameter): Name = "Part number NEMS"; Value = "100200495"; VariantName = "[No Variations]"
Add component (AddParameter): Name = "Part number Norautron"; Value = "N.A."; VariantName = "[No Variations]"
Add component (AddParameter): Name = "PartId"; Value = "100200495"; VariantName = "[No Variations]"
Add component (AddParameter): Name = "Published"; Value = "2021-12-09"; VariantName = "[No Variations]"
Add component (AddParameter): Name = "Supplier 1"; Value = "Mouser"; VariantName = "[No Variations]"
Add component (AddParameter): Name = "Supplier 2"; Value = "Digi-Key"; VariantName = "[No Variations]"
Add component (AddParameter): Name = "Supplier Part Number 1"; Value = "81-GRM033R61A223KE4E"; VariantName = "[No Variations]"
Add component (AddParameter): Name = "Supplier Part Number 2"; Value = "490-13334-1-ND"; VariantName = "[No Variations]"
Add component (AddParameter): Name = "Value"; Value = "22nF"; VariantName = "[No Variations]"
Added Component: Designator=C61(CAPC0603X03L_C)
Add component (AddParameter): Name = "Artikkelnr Noca"; Value = "N.A."; VariantName = "[No Variations]"
Add component (AddParameter): Name = "Assembly"; Value = ""; VariantName = "[No Variations]"
Add component (AddParameter): Name = "Author"; Value = "rsk"; VariantName = "[No Variations]"
Add component (AddParameter): Name = "Component Class"; Value = "Capacitors"; VariantName = "[No Variations]"
Add component (AddParameter): Name = "Component Status"; Value = "Active"; VariantName = "[No Variations]"
Add component (AddParameter): Name = "ComponentLink1Description"; Value = "Datasheet"; VariantName = "[No Variations]"
Add component (AddParameter): Name = "ComponentLink1URL"; Value = "N.A."; VariantName = "[No Variations]"
Add component (AddParameter): Name = "ComponentLink2Description"; Value = "Supplier link"; VariantName = "[No Variations]"
Add component (AddParameter): Name = "ComponentLink2URL"; Value = "N.A."; VariantName = "[No Variations]"
Add component (AddParameter): Name = "Footprint Doc"; Value = "0201"; VariantName = "[No Variations]"
Add component (AddParameter): Name = "HelpURL"; Value = "N.A."; VariantName = "[No Variations]"
Add component (AddParameter): Name = "LatestRevisionDate"; Value = "2017-11-09"; VariantName = "[No Variations]"
Add component (AddParameter): Name = "Manufacturer"; Value = "N.A."; VariantName = "[No Variations]"
Add component (AddParameter): Name = "Manufacturer Part Number"; Value = "N.A."; VariantName = "[No Variations]"
Add component (AddParameter): Name = "Note"; Value = "16V"; VariantName = "[No Variations]"
Add component (AddParameter): Name = "Pad Count"; Value = "2"; VariantName = "[No Variations]"
Add component (AddParameter): Name = "Part Number"; Value = "C0201-100n"; VariantName = "[No Variations]"
Add component (AddParameter): Name = "Part number IPS"; Value = "00000001248, 00000002505"; VariantName = "[No Variations]"
Add component (AddParameter): Name = "Part number NEMS"; Value = "100200078"; VariantName = "[No Variations]"
Add component (AddParameter): Name = "Part number Norautron"; Value = "262071862"; VariantName = "[No Variations]"
Add component (AddParameter): Name = "PartId"; Value = "100200078"; VariantName = "[No Variations]"
Add component (AddParameter): Name = "Published"; Value = "2014-11-13"; VariantName = "[No Variations]"
Add component (AddParameter): Name = "Supplier 1"; Value = "N.A."; VariantName = "[No Variations]"
Add component (AddParameter): Name = "Supplier 2"; Value = "N.A."; VariantName = "[No Variations]"
Add component (AddParameter): Name = "Supplier Part Number 1"; Value = "N.A."; VariantName = "[No Variations]"
Add component (AddParameter): Name = "Supplier Part Number 2"; Value = "N.A."; VariantName = "[No Variations]"
Add component (AddParameter): Name = "Value"; Value = "100nF"; VariantName = "[No Variations]"
Added Component: Designator=C62(SMC0805)
Add component (AddParameter): Name = "Manufacturer Part Number"; Value = "GRT21BR61H475KE13L"; VariantName = "[No Variations]"
Add component (AddParameter): Name = "Order Code"; Value = "DIGI: 490-12394-2-ND"; VariantName = "[No Variations]"
Add component (AddParameter): Name = "Value"; Value = "4.7uF"; VariantName = "[No Variations]"
Added Component: Designator=C63(SMC0805)
Add component (AddParameter): Name = "Manufacturer Part Number"; Value = "GRT21BR61H475KE13L"; VariantName = "[No Variations]"
Add component (AddParameter): Name = "Order Code"; Value = "DIGI: 490-12394-2-ND"; VariantName = "[No Variations]"
Add component (AddParameter): Name = "Value"; Value = "4.7uF"; VariantName = "[No Variations]"
Added Component: Designator=C64(CAP0402(1005)x0.5)
Add component (AddParameter): Name = "LCSC Manufacturer Part Number"; Value = "CL05A474KP5NNNC"; VariantName = "[No Variations]"
Add component (AddParameter): Name = "LCSC Part Number"; Value = "C47339"; VariantName = "[No Variations]"
Add component (AddParameter): Name = "Manufacturer Part Number"; Value = "CL05A474KP5NNNC"; VariantName = "[No Variations]"
Add component (AddParameter): Name = "Order Code"; Value = "DIGI: 1276-1173-2-ND"; VariantName = "[No Variations]"
Add component (AddParameter): Name = "Sirius Stock Code"; Value = ""; VariantName = "[No Variations]"
Add component (AddParameter): Name = "Value"; Value = "470nF"; VariantName = "[No Variations]"
Added Component: Designator=C65(CAPC0603X03L_C)
Add component (AddParameter): Name = "Artikkelnr Noca"; Value = "N.A."; VariantName = "[No Variations]"
Add component (AddParameter): Name = "Assembly"; Value = ""; VariantName = "[No Variations]"
Add component (AddParameter): Name = "Author"; Value = "rsk"; VariantName = "[No Variations]"
Add component (AddParameter): Name = "Component Class"; Value = "Capacitors"; VariantName = "[No Variations]"
Add component (AddParameter): Name = "Component Status"; Value = "Active"; VariantName = "[No Variations]"
Add component (AddParameter): Name = "ComponentLink1Description"; Value = "Datasheet"; VariantName = "[No Variations]"
Add component (AddParameter): Name = "ComponentLink1URL"; Value = "N.A."; VariantName = "[No Variations]"
Add component (AddParameter): Name = "ComponentLink2Description"; Value = "Supplier link"; VariantName = "[No Variations]"
Add component (AddParameter): Name = "ComponentLink2URL"; Value = "N.A."; VariantName = "[No Variations]"
Add component (AddParameter): Name = "Footprint Doc"; Value = "0201"; VariantName = "[No Variations]"
Add component (AddParameter): Name = "HelpURL"; Value = "N.A."; VariantName = "[No Variations]"
Add component (AddParameter): Name = "LatestRevisionDate"; Value = "2017-11-09"; VariantName = "[No Variations]"
Add component (AddParameter): Name = "Manufacturer"; Value = "N.A."; VariantName = "[No Variations]"
Add component (AddParameter): Name = "Manufacturer Part Number"; Value = "N.A."; VariantName = "[No Variations]"
Add component (AddParameter): Name = "Note"; Value = "16V"; VariantName = "[No Variations]"
Add component (AddParameter): Name = "Pad Count"; Value = "2"; VariantName = "[No Variations]"
Add component (AddParameter): Name = "Part Number"; Value = "C0201-100n"; VariantName = "[No Variations]"
Add component (AddParameter): Name = "Part number IPS"; Value = "00000001248, 00000002505"; VariantName = "[No Variations]"
Add component (AddParameter): Name = "Part number NEMS"; Value = "100200078"; VariantName = "[No Variations]"
Add component (AddParameter): Name = "Part number Norautron"; Value = "262071862"; VariantName = "[No Variations]"
Add component (AddParameter): Name = "PartId"; Value = "100200078"; VariantName = "[No Variations]"
Add component (AddParameter): Name = "Published"; Value = "2014-11-13"; VariantName = "[No Variations]"
Add component (AddParameter): Name = "Supplier 1"; Value = "N.A."; VariantName = "[No Variations]"
Add component (AddParameter): Name = "Supplier 2"; Value = "N.A."; VariantName = "[No Variations]"
Add component (AddParameter): Name = "Supplier Part Number 1"; Value = "N.A."; VariantName = "[No Variations]"
Add component (AddParameter): Name = "Supplier Part Number 2"; Value = "N.A."; VariantName = "[No Variations]"
Add component (AddParameter): Name = "Value"; Value = "100nF"; VariantName = "[No Variations]"
Added Component: Designator=C66(CAPC0603X03L_C)
Add component (AddParameter): Name = "Artikkelnr Noca"; Value = "N.A."; VariantName = "[No Variations]"
Add component (AddParameter): Name = "Assembly"; Value = ""; VariantName = "[No Variations]"
Add component (AddParameter): Name = "Author"; Value = "rsk"; VariantName = "[No Variations]"
Add component (AddParameter): Name = "Component Class"; Value = "Capacitors"; VariantName = "[No Variations]"
Add component (AddParameter): Name = "Component Status"; Value = "Active"; VariantName = "[No Variations]"
Add component (AddParameter): Name = "ComponentLink1Description"; Value = "Datasheet"; VariantName = "[No Variations]"
Add component (AddParameter): Name = "ComponentLink1URL"; Value = "N.A."; VariantName = "[No Variations]"
Add component (AddParameter): Name = "ComponentLink2Description"; Value = "Supplier link"; VariantName = "[No Variations]"
Add component (AddParameter): Name = "ComponentLink2URL"; Value = "N.A."; VariantName = "[No Variations]"
Add component (AddParameter): Name = "Footprint Doc"; Value = "0201"; VariantName = "[No Variations]"
Add component (AddParameter): Name = "HelpURL"; Value = "N.A."; VariantName = "[No Variations]"
Add component (AddParameter): Name = "LatestRevisionDate"; Value = "2017-11-09"; VariantName = "[No Variations]"
Add component (AddParameter): Name = "Manufacturer"; Value = "N.A."; VariantName = "[No Variations]"
Add component (AddParameter): Name = "Manufacturer Part Number"; Value = "N.A."; VariantName = "[No Variations]"
Add component (AddParameter): Name = "Note"; Value = "16V"; VariantName = "[No Variations]"
Add component (AddParameter): Name = "Pad Count"; Value = "2"; VariantName = "[No Variations]"
Add component (AddParameter): Name = "Part Number"; Value = "C0201-100n"; VariantName = "[No Variations]"
Add component (AddParameter): Name = "Part number IPS"; Value = "00000001248, 00000002505"; VariantName = "[No Variations]"
Add component (AddParameter): Name = "Part number NEMS"; Value = "100200078"; VariantName = "[No Variations]"
Add component (AddParameter): Name = "Part number Norautron"; Value = "262071862"; VariantName = "[No Variations]"
Add component (AddParameter): Name = "PartId"; Value = "100200078"; VariantName = "[No Variations]"
Add component (AddParameter): Name = "Published"; Value = "2014-11-13"; VariantName = "[No Variations]"
Add component (AddParameter): Name = "Supplier 1"; Value = "N.A."; VariantName = "[No Variations]"
Add component (AddParameter): Name = "Supplier 2"; Value = "N.A."; VariantName = "[No Variations]"
Add component (AddParameter): Name = "Supplier Part Number 1"; Value = "N.A."; VariantName = "[No Variations]"
Add component (AddParameter): Name = "Supplier Part Number 2"; Value = "N.A."; VariantName = "[No Variations]"
Add component (AddParameter): Name = "Value"; Value = "100nF"; VariantName = "[No Variations]"
Added Component: Designator=C67(CAPC0603X03L_C)
Add component (AddParameter): Name = "Artikkelnr Noca"; Value = "N.A."; VariantName = "[No Variations]"
Add component (AddParameter): Name = "Assembly"; Value = ""; VariantName = "[No Variations]"
Add component (AddParameter): Name = "Author"; Value = "rsk"; VariantName = "[No Variations]"
Add component (AddParameter): Name = "Component Class"; Value = "Capacitors"; VariantName = "[No Variations]"
Add component (AddParameter): Name = "Component Status"; Value = "Active"; VariantName = "[No Variations]"
Add component (AddParameter): Name = "ComponentLink1Description"; Value = "Datasheet"; VariantName = "[No Variations]"
Add component (AddParameter): Name = "ComponentLink1URL"; Value = "N.A."; VariantName = "[No Variations]"
Add component (AddParameter): Name = "ComponentLink2Description"; Value = "Supplier link"; VariantName = "[No Variations]"
Add component (AddParameter): Name = "ComponentLink2URL"; Value = "N.A."; VariantName = "[No Variations]"
Add component (AddParameter): Name = "Footprint Doc"; Value = "0201"; VariantName = "[No Variations]"
Add component (AddParameter): Name = "HelpURL"; Value = "N.A."; VariantName = "[No Variations]"
Add component (AddParameter): Name = "LatestRevisionDate"; Value = "2017-11-09"; VariantName = "[No Variations]"
Add component (AddParameter): Name = "Manufacturer"; Value = "N.A."; VariantName = "[No Variations]"
Add component (AddParameter): Name = "Manufacturer Part Number"; Value = "N.A."; VariantName = "[No Variations]"
Add component (AddParameter): Name = "Note"; Value = "16V"; VariantName = "[No Variations]"
Add component (AddParameter): Name = "Pad Count"; Value = "2"; VariantName = "[No Variations]"
Add component (AddParameter): Name = "Part Number"; Value = "C0201-100n"; VariantName = "[No Variations]"
Add component (AddParameter): Name = "Part number IPS"; Value = "00000001248, 00000002505"; VariantName = "[No Variations]"
Add component (AddParameter): Name = "Part number NEMS"; Value = "100200078"; VariantName = "[No Variations]"
Add component (AddParameter): Name = "Part number Norautron"; Value = "262071862"; VariantName = "[No Variations]"
Add component (AddParameter): Name = "PartId"; Value = "100200078"; VariantName = "[No Variations]"
Add component (AddParameter): Name = "Published"; Value = "2014-11-13"; VariantName = "[No Variations]"
Add component (AddParameter): Name = "Supplier 1"; Value = "N.A."; VariantName = "[No Variations]"
Add component (AddParameter): Name = "Supplier 2"; Value = "N.A."; VariantName = "[No Variations]"
Add component (AddParameter): Name = "Supplier Part Number 1"; Value = "N.A."; VariantName = "[No Variations]"
Add component (AddParameter): Name = "Supplier Part Number 2"; Value = "N.A."; VariantName = "[No Variations]"
Add component (AddParameter): Name = "Value"; Value = "100nF"; VariantName = "[No Variations]"
Added Component: Designator=C68(CAPC0603X03L_C)
Add component (AddParameter): Name = "Artikkelnr Noca"; Value = "N.A."; VariantName = "[No Variations]"
Add component (AddParameter): Name = "Assembly"; Value = ""; VariantName = "[No Variations]"
Add component (AddParameter): Name = "Author"; Value = "rsk"; VariantName = "[No Variations]"
Add component (AddParameter): Name = "Component Class"; Value = "Capacitors"; VariantName = "[No Variations]"
Add component (AddParameter): Name = "Component Status"; Value = "Active"; VariantName = "[No Variations]"
Add component (AddParameter): Name = "ComponentLink1Description"; Value = "Datasheet"; VariantName = "[No Variations]"
Add component (AddParameter): Name = "ComponentLink1URL"; Value = "N.A."; VariantName = "[No Variations]"
Add component (AddParameter): Name = "ComponentLink2Description"; Value = "Supplier link"; VariantName = "[No Variations]"
Add component (AddParameter): Name = "ComponentLink2URL"; Value = "N.A."; VariantName = "[No Variations]"
Add component (AddParameter): Name = "Footprint Doc"; Value = "0201"; VariantName = "[No Variations]"
Add component (AddParameter): Name = "HelpURL"; Value = "N.A."; VariantName = "[No Variations]"
Add component (AddParameter): Name = "LatestRevisionDate"; Value = "2017-11-09"; VariantName = "[No Variations]"
Add component (AddParameter): Name = "Manufacturer"; Value = "N.A."; VariantName = "[No Variations]"
Add component (AddParameter): Name = "Manufacturer Part Number"; Value = "N.A."; VariantName = "[No Variations]"
Add component (AddParameter): Name = "Note"; Value = "16V"; VariantName = "[No Variations]"
Add component (AddParameter): Name = "Pad Count"; Value = "2"; VariantName = "[No Variations]"
Add component (AddParameter): Name = "Part Number"; Value = "C0201-100n"; VariantName = "[No Variations]"
Add component (AddParameter): Name = "Part number IPS"; Value = "00000001248, 00000002505"; VariantName = "[No Variations]"
Add component (AddParameter): Name = "Part number NEMS"; Value = "100200078"; VariantName = "[No Variations]"
Add component (AddParameter): Name = "Part number Norautron"; Value = "262071862"; VariantName = "[No Variations]"
Add component (AddParameter): Name = "PartId"; Value = "100200078"; VariantName = "[No Variations]"
Add component (AddParameter): Name = "Published"; Value = "2014-11-13"; VariantName = "[No Variations]"
Add component (AddParameter): Name = "Supplier 1"; Value = "N.A."; VariantName = "[No Variations]"
Add component (AddParameter): Name = "Supplier 2"; Value = "N.A."; VariantName = "[No Variations]"
Add component (AddParameter): Name = "Supplier Part Number 1"; Value = "N.A."; VariantName = "[No Variations]"
Add component (AddParameter): Name = "Supplier Part Number 2"; Value = "N.A."; VariantName = "[No Variations]"
Add component (AddParameter): Name = "Value"; Value = "100nF"; VariantName = "[No Variations]"
Added Component: Designator=C69(CAPC0603X03L_C)
Add component (AddParameter): Name = "Artikkelnr Noca"; Value = "N.A."; VariantName = "[No Variations]"
Add component (AddParameter): Name = "Assembly"; Value = ""; VariantName = "[No Variations]"
Add component (AddParameter): Name = "Author"; Value = "rsk"; VariantName = "[No Variations]"
Add component (AddParameter): Name = "Component Class"; Value = "Capacitors"; VariantName = "[No Variations]"
Add component (AddParameter): Name = "Component Status"; Value = "Active"; VariantName = "[No Variations]"
Add component (AddParameter): Name = "ComponentLink1Description"; Value = "Datasheet"; VariantName = "[No Variations]"
Add component (AddParameter): Name = "ComponentLink1URL"; Value = "N.A."; VariantName = "[No Variations]"
Add component (AddParameter): Name = "ComponentLink2Description"; Value = "Supplier link"; VariantName = "[No Variations]"
Add component (AddParameter): Name = "ComponentLink2URL"; Value = "N.A."; VariantName = "[No Variations]"
Add component (AddParameter): Name = "Footprint Doc"; Value = "0201"; VariantName = "[No Variations]"
Add component (AddParameter): Name = "HelpURL"; Value = "N.A."; VariantName = "[No Variations]"
Add component (AddParameter): Name = "LatestRevisionDate"; Value = "2017-11-09"; VariantName = "[No Variations]"
Add component (AddParameter): Name = "Manufacturer"; Value = "N.A."; VariantName = "[No Variations]"
Add component (AddParameter): Name = "Manufacturer Part Number"; Value = "N.A."; VariantName = "[No Variations]"
Add component (AddParameter): Name = "Note"; Value = "16V"; VariantName = "[No Variations]"
Add component (AddParameter): Name = "Pad Count"; Value = "2"; VariantName = "[No Variations]"
Add component (AddParameter): Name = "Part Number"; Value = "C0201-100n"; VariantName = "[No Variations]"
Add component (AddParameter): Name = "Part number IPS"; Value = "00000001248, 00000002505"; VariantName = "[No Variations]"
Add component (AddParameter): Name = "Part number NEMS"; Value = "100200078"; VariantName = "[No Variations]"
Add component (AddParameter): Name = "Part number Norautron"; Value = "262071862"; VariantName = "[No Variations]"
Add component (AddParameter): Name = "PartId"; Value = "100200078"; VariantName = "[No Variations]"
Add component (AddParameter): Name = "Published"; Value = "2014-11-13"; VariantName = "[No Variations]"
Add component (AddParameter): Name = "Supplier 1"; Value = "N.A."; VariantName = "[No Variations]"
Add component (AddParameter): Name = "Supplier 2"; Value = "N.A."; VariantName = "[No Variations]"
Add component (AddParameter): Name = "Supplier Part Number 1"; Value = "N.A."; VariantName = "[No Variations]"
Add component (AddParameter): Name = "Supplier Part Number 2"; Value = "N.A."; VariantName = "[No Variations]"
Add component (AddParameter): Name = "Value"; Value = "100nF"; VariantName = "[No Variations]"
Added Component: Designator=C70(CAP_EEEFK1K470P)
Add component (AddParameter): Name = "Manufacturer"; Value = "Panasonic Industry"; VariantName = "[No Variations]"
Add component (AddParameter): Name = "Supplier"; Value = "Digi; PCE3831DKR-ND"; VariantName = "[No Variations]"
Added Component: Designator=C71(CAP_EEEFK1J101P)
Add component (AddParameter): Name = "Manufacturer"; Value = "Panasonic Industry"; VariantName = "[No Variations]"
Add component (AddParameter): Name = "Supplier"; Value = "Digi; PCE3819DKR-ND"; VariantName = "[No Variations]"
Added Component: Designator=C72(CAPC0603X03L_C)
Add component (AddParameter): Name = "Artikkelnr Noca"; Value = "N.A."; VariantName = "[No Variations]"
Add component (AddParameter): Name = "Assembly"; Value = ""; VariantName = "[No Variations]"
Add component (AddParameter): Name = "Author"; Value = "rsk"; VariantName = "[No Variations]"
Add component (AddParameter): Name = "Component Class"; Value = "Capacitors"; VariantName = "[No Variations]"
Add component (AddParameter): Name = "Component Status"; Value = "Active"; VariantName = "[No Variations]"
Add component (AddParameter): Name = "ComponentLink1Description"; Value = "Datasheet"; VariantName = "[No Variations]"
Add component (AddParameter): Name = "ComponentLink1URL"; Value = "https://search.murata.co.jp/Ceramy/image/img/A01X/G101/ENG/GRM033R61E104KE14-01.pdf"; VariantName = "[No Variations]"
Add component (AddParameter): Name = "ComponentLink2Description"; Value = "Supplier link"; VariantName = "[No Variations]"
Add component (AddParameter): Name = "ComponentLink2URL"; Value = "https://www.murata.com/en-global/products/productdetail?partno=GRM033R61E104KE14%23"; VariantName = "[No Variations]"
Add component (AddParameter): Name = "Footprint Doc"; Value = "0201"; VariantName = "[No Variations]"
Add component (AddParameter): Name = "HelpURL"; Value = "N.A."; VariantName = "[No Variations]"
Add component (AddParameter): Name = "LatestRevisionDate"; Value = "2020-12-16"; VariantName = "[No Variations]"
Add component (AddParameter): Name = "Manufacturer"; Value = "Murata"; VariantName = "[No Variations]"
Add component (AddParameter): Name = "Manufacturer Part Number"; Value = "GRM033R61E104KE14J"; VariantName = "[No Variations]"
Add component (AddParameter): Name = "Note"; Value = "25V"; VariantName = "[No Variations]"
Add component (AddParameter): Name = "Pad Count"; Value = "2"; VariantName = "[No Variations]"
Add component (AddParameter): Name = "Part Number"; Value = "C0201-100n-25V-X5R"; VariantName = "[No Variations]"
Add component (AddParameter): Name = "Part number IPS"; Value = "N.A."; VariantName = "[No Variations]"
Add component (AddParameter): Name = "Part number NEMS"; Value = "100200459"; VariantName = "[No Variations]"
Add component (AddParameter): Name = "Part number Norautron"; Value = "N.A."; VariantName = "[No Variations]"
Add component (AddParameter): Name = "PartId"; Value = "100200459"; VariantName = "[No Variations]"
Add component (AddParameter): Name = "Published"; Value = "2020-12-16"; VariantName = "[No Variations]"
Add component (AddParameter): Name = "Supplier 1"; Value = "Digi-Key"; VariantName = "[No Variations]"
Add component (AddParameter): Name = "Supplier 2"; Value = "Mouser"; VariantName = "[No Variations]"
Add component (AddParameter): Name = "Supplier Part Number 1"; Value = "490-14571-1-ND"; VariantName = "[No Variations]"
Add component (AddParameter): Name = "Supplier Part Number 2"; Value = "81-GRM033R61E104KE4J"; VariantName = "[No Variations]"
Add component (AddParameter): Name = "Value"; Value = "100nF"; VariantName = "[No Variations]"
Added Component: Designator=C73(CAP1210)
Add component (AddParameter): Name = "LCSC Manufacturer Part Number"; Value = "CS3225X5R476K160NRL"; VariantName = "[No Variations]"
Add component (AddParameter): Name = "LCSC Part Number"; Value = "C2918513"; VariantName = "[No Variations]"
Add component (AddParameter): Name = "Manufacturer Part Number"; Value = "CS3225X5R476K160NRL"; VariantName = "[No Variations]"
Add component (AddParameter): Name = "Order Code"; Value = "LCSC: C2918513"; VariantName = "[No Variations]"
Add component (AddParameter): Name = "Value"; Value = "47uF 16V"; VariantName = "[No Variations]"
Added Component: Designator=C74(CAP_EEEFK1J101P)
Add component (AddParameter): Name = "Manufacturer"; Value = "Panasonic Industry"; VariantName = "[No Variations]"
Add component (AddParameter): Name = "Supplier"; Value = "Digi; PCE3819DKR-ND"; VariantName = "[No Variations]"
Added Component: Designator=C75(CAPC1608X100N)
Add component (AddParameter): Name = "JLCPCB PART#"; Value = "C237194"; VariantName = "[No Variations]"
Add component (AddParameter): Name = "Manufacturer"; Value = "Walsin Technology Corporation"; VariantName = "[No Variations]"
Add component (AddParameter): Name = "Supplier"; Value = "Digi; 1292-0603X225K250CTDKR-ND"; VariantName = "[No Variations]"
Added Component: Designator=C76(CAPC0603X03L_C)
Add component (AddParameter): Name = "Artikkelnr Noca"; Value = "N.A."; VariantName = "[No Variations]"
Add component (AddParameter): Name = "Assembly"; Value = ""; VariantName = "[No Variations]"
Add component (AddParameter): Name = "Author"; Value = "prbu"; VariantName = "[No Variations]"
Add component (AddParameter): Name = "Component Class"; Value = "Capacitors"; VariantName = "[No Variations]"
Add component (AddParameter): Name = "Component Status"; Value = "Active"; VariantName = "[No Variations]"
Add component (AddParameter): Name = "ComponentLink1Description"; Value = "Datasheet"; VariantName = "[No Variations]"
Add component (AddParameter): Name = "ComponentLink1URL"; Value = "https://www.murata.com/en-sg/products/productdetail?partno=GRM033R61A223KE84%23"; VariantName = "[No Variations]"
Add component (AddParameter): Name = "ComponentLink2Description"; Value = "Supplier link"; VariantName = "[No Variations]"
Add component (AddParameter): Name = "ComponentLink2URL"; Value = "https://www.mouser.com/ProductDetail/Murata-Electronics/GRM033R61A223KE84E?qs=BZBei1rCqCCPqziwOnRusw%3D%3D"; VariantName = "[No Variations]"
Add component (AddParameter): Name = "Footprint Doc"; Value = "0201"; VariantName = "[No Variations]"
Add component (AddParameter): Name = "HelpURL"; Value = "N.A."; VariantName = "[No Variations]"
Add component (AddParameter): Name = "LatestRevisionDate"; Value = "2021-12-09"; VariantName = "[No Variations]"
Add component (AddParameter): Name = "Manufacturer"; Value = "Murata"; VariantName = "[No Variations]"
Add component (AddParameter): Name = "Manufacturer Part Number"; Value = "GRM033R61A223KE84D"; VariantName = "[No Variations]"
Add component (AddParameter): Name = "Note"; Value = "10V"; VariantName = "[No Variations]"
Add component (AddParameter): Name = "Pad Count"; Value = "2"; VariantName = "[No Variations]"
Add component (AddParameter): Name = "Part Number"; Value = "C0201-22n-10V-X5R-GRM033R61A223KE84"; VariantName = "[No Variations]"
Add component (AddParameter): Name = "Part number IPS"; Value = "N.A."; VariantName = "[No Variations]"
Add component (AddParameter): Name = "Part number NEMS"; Value = "100200495"; VariantName = "[No Variations]"
Add component (AddParameter): Name = "Part number Norautron"; Value = "N.A."; VariantName = "[No Variations]"
Add component (AddParameter): Name = "PartId"; Value = "100200495"; VariantName = "[No Variations]"
Add component (AddParameter): Name = "Published"; Value = "2021-12-09"; VariantName = "[No Variations]"
Add component (AddParameter): Name = "Supplier 1"; Value = "Mouser"; VariantName = "[No Variations]"
Add component (AddParameter): Name = "Supplier 2"; Value = "Digi-Key"; VariantName = "[No Variations]"
Add component (AddParameter): Name = "Supplier Part Number 1"; Value = "81-GRM033R61A223KE4E"; VariantName = "[No Variations]"
Add component (AddParameter): Name = "Supplier Part Number 2"; Value = "490-13334-1-ND"; VariantName = "[No Variations]"
Add component (AddParameter): Name = "Value"; Value = "22nF"; VariantName = "[No Variations]"
Added Component: Designator=C77(CAPC1608X100N)
Add component (AddParameter): Name = "Manufacturer"; Value = "Cal-Chip Electronics, Inc."; VariantName = "[No Variations]"
Add component (AddParameter): Name = "MPN"; Value = "GMC10CG470F200NT"; VariantName = "[No Variations]"
Add component (AddParameter): Name = "Supplier"; Value = "4713-GMC10CG470F200NTDKR-ND"; VariantName = "[No Variations]"
Added Component: Designator=C78(CAPC0603X03L_C)
Add component (AddParameter): Name = "Artikkelnr Noca"; Value = "N.A."; VariantName = "[No Variations]"
Add component (AddParameter): Name = "Assembly"; Value = ""; VariantName = "[No Variations]"
Add component (AddParameter): Name = "Author"; Value = "rsk"; VariantName = "[No Variations]"
Add component (AddParameter): Name = "Component Class"; Value = "Capacitors"; VariantName = "[No Variations]"
Add component (AddParameter): Name = "Component Status"; Value = "Active"; VariantName = "[No Variations]"
Add component (AddParameter): Name = "ComponentLink1Description"; Value = "Datasheet"; VariantName = "[No Variations]"
Add component (AddParameter): Name = "ComponentLink1URL"; Value = "https://search.murata.co.jp/Ceramy/image/img/A01X/G101/ENG/GRM033R61E104KE14-01.pdf"; VariantName = "[No Variations]"
Add component (AddParameter): Name = "ComponentLink2Description"; Value = "Supplier link"; VariantName = "[No Variations]"
Add component (AddParameter): Name = "ComponentLink2URL"; Value = "https://www.murata.com/en-global/products/productdetail?partno=GRM033R61E104KE14%23"; VariantName = "[No Variations]"
Add component (AddParameter): Name = "Footprint Doc"; Value = "0201"; VariantName = "[No Variations]"
Add component (AddParameter): Name = "HelpURL"; Value = "N.A."; VariantName = "[No Variations]"
Add component (AddParameter): Name = "LatestRevisionDate"; Value = "2020-12-16"; VariantName = "[No Variations]"
Add component (AddParameter): Name = "Manufacturer"; Value = "Murata"; VariantName = "[No Variations]"
Add component (AddParameter): Name = "Manufacturer Part Number"; Value = "GRM033R61E104KE14J"; VariantName = "[No Variations]"
Add component (AddParameter): Name = "Note"; Value = "25V"; VariantName = "[No Variations]"
Add component (AddParameter): Name = "Pad Count"; Value = "2"; VariantName = "[No Variations]"
Add component (AddParameter): Name = "Part Number"; Value = "C0201-100n-25V-X5R"; VariantName = "[No Variations]"
Add component (AddParameter): Name = "Part number IPS"; Value = "N.A."; VariantName = "[No Variations]"
Add component (AddParameter): Name = "Part number NEMS"; Value = "100200459"; VariantName = "[No Variations]"
Add component (AddParameter): Name = "Part number Norautron"; Value = "N.A."; VariantName = "[No Variations]"
Add component (AddParameter): Name = "PartId"; Value = "100200459"; VariantName = "[No Variations]"
Add component (AddParameter): Name = "Published"; Value = "2020-12-16"; VariantName = "[No Variations]"
Add component (AddParameter): Name = "Supplier 1"; Value = "Digi-Key"; VariantName = "[No Variations]"
Add component (AddParameter): Name = "Supplier 2"; Value = "Mouser"; VariantName = "[No Variations]"
Add component (AddParameter): Name = "Supplier Part Number 1"; Value = "490-14571-1-ND"; VariantName = "[No Variations]"
Add component (AddParameter): Name = "Supplier Part Number 2"; Value = "81-GRM033R61E104KE4J"; VariantName = "[No Variations]"
Add component (AddParameter): Name = "Value"; Value = "100nF"; VariantName = "[No Variations]"
Added Component: Designator=C79(CAP0805)
Add component (AddParameter): Name = "Arrow Part Number"; Value = ""; VariantName = "[No Variations]"
Add component (AddParameter): Name = "Arrow Price/Stock"; Value = ""; VariantName = "[No Variations]"
Add component (AddParameter): Name = "Datasheet Link"; Value = "https://www.yageo.com/upload/media/product/productsearch/datasheet/mlcc/UPY-GPHC_X5R_4V-to-50V_27.pdf"; VariantName = "[No Variations]"
Add component (AddParameter): Name = "Height"; Value = "1.45mm"; VariantName = "[No Variations]"
Add component (AddParameter): Name = "Manufacturer Part Number"; Value = "C0805C472KDRAC7800"; VariantName = "[No Variations]"
Add component (AddParameter): Name = "Manufacturer_Name"; Value = "Samsung Electro-Mechanics"; VariantName = "[No Variations]"
Add component (AddParameter): Name = "Mouser Price/Stock"; Value = "https://www.mouser.co.uk/ProductDetail/YAGEO/CC0805KKX5R8BB106?qs=57cj7OiSijm89pM64t1AGQ%3D%3D"; VariantName = "[No Variations]"
Add component (AddParameter): Name = "Mouser Testing Part Number"; Value = ""; VariantName = "[No Variations]"
Add component (AddParameter): Name = "Mouser Testing Price/Stock"; Value = ""; VariantName = "[No Variations]"
Add component (AddParameter): Name = "Value"; Value = "4.7nF 1kV"; VariantName = "[No Variations]"
Added Component: Designator=C80(SMC0805)
Add component (AddParameter): Name = "Manufacturer Part Number"; Value = "GRT21BR61H475KE13L"; VariantName = "[No Variations]"
Add component (AddParameter): Name = "Order Code"; Value = "DIGI: 490-12394-2-ND"; VariantName = "[No Variations]"
Add component (AddParameter): Name = "Value"; Value = "4.7uF 50V"; VariantName = "[No Variations]"
Added Component: Designator=C81(0805_C)
Add component (AddParameter): Name = "Manufacturer"; Value = "Murata Electronics North America"; VariantName = "[No Variations]"
Add component (AddParameter): Name = "Manufacturer Part Number"; Value = "GRM21BR61A476ME15K"; VariantName = "[No Variations]"
Add component (AddParameter): Name = "Supplier Part Number"; Value = "490-GRM21BR61A476ME15KCT-ND"; VariantName = "[No Variations]"
Add component (AddParameter): Name = "Value"; Value = "47uF"; VariantName = "[No Variations]"
Added Component: Designator=C82(SMC0805)
Add component (AddParameter): Name = "Manufacturer Part Number"; Value = "GRT21BR61H475KE13L"; VariantName = "[No Variations]"
Add component (AddParameter): Name = "Order Code"; Value = "DIGI: 490-12394-2-ND"; VariantName = "[No Variations]"
Add component (AddParameter): Name = "Value"; Value = "4.7uF 50V"; VariantName = "[No Variations]"
Added Component: Designator=C83(0805_C)
Add component (AddParameter): Name = "Manufacturer"; Value = "Murata Electronics North America"; VariantName = "[No Variations]"
Add component (AddParameter): Name = "Manufacturer Part Number"; Value = "GRM21BR61A476ME15K"; VariantName = "[No Variations]"
Add component (AddParameter): Name = "Supplier Part Number"; Value = "490-GRM21BR61A476ME15KCT-ND"; VariantName = "[No Variations]"
Add component (AddParameter): Name = "Value"; Value = "47uF"; VariantName = "[No Variations]"
Added Component: Designator=D1(DIOM5026X262N)
Add component (AddParameter): Name = "Arrow Part Number"; Value = ""; VariantName = "[No Variations]"
Add component (AddParameter): Name = "Arrow Price/Stock"; Value = ""; VariantName = "[No Variations]"
Add component (AddParameter): Name = "Datasheet Link"; Value = ""; VariantName = "[No Variations]"
Add component (AddParameter): Name = "Height"; Value = "2.62mm"; VariantName = "[No Variations]"
Add component (AddParameter): Name = "Manufacturer_Name"; Value = "HY Electronic"; VariantName = "[No Variations]"
Add component (AddParameter): Name = "Manufacturer_Part_Number"; Value = "SS36A"; VariantName = "[No Variations]"
Add component (AddParameter): Name = "Mouser Part Number"; Value = ""; VariantName = "[No Variations]"
Add component (AddParameter): Name = "Mouser Price/Stock"; Value = ""; VariantName = "[No Variations]"
Added Component: Designator=D2(DIOM5026X262N)
Add component (AddParameter): Name = "Arrow Part Number"; Value = ""; VariantName = "[No Variations]"
Add component (AddParameter): Name = "Arrow Price/Stock"; Value = ""; VariantName = "[No Variations]"
Add component (AddParameter): Name = "Datasheet Link"; Value = ""; VariantName = "[No Variations]"
Add component (AddParameter): Name = "Height"; Value = "2.62mm"; VariantName = "[No Variations]"
Add component (AddParameter): Name = "Manufacturer_Name"; Value = "HY Electronic"; VariantName = "[No Variations]"
Add component (AddParameter): Name = "Manufacturer_Part_Number"; Value = "SS36A"; VariantName = "[No Variations]"
Add component (AddParameter): Name = "Mouser Part Number"; Value = ""; VariantName = "[No Variations]"
Add component (AddParameter): Name = "Mouser Price/Stock"; Value = ""; VariantName = "[No Variations]"
Added Component: Designator=D3(Lite-On_RED_0603)
Add component (AddParameter): Name = "Color"; Value = "Red Clear"; VariantName = "[No Variations]"
Add component (AddParameter): Name = "Manufacturer"; Value = "Lite-On Inc."; VariantName = "[No Variations]"
Add component (AddParameter): Name = "Manufacturer Part Number"; Value = "LTST-C191KRKT"; VariantName = "[No Variations]"
Add component (AddParameter): Name = "Order Code"; Value = "DIGI: 160-1447-2-ND"; VariantName = "[No Variations]"
Added Component: Designator=D4(Lite-On_RED_0603)
Add component (AddParameter): Name = "Color"; Value = "Red Clear"; VariantName = "[No Variations]"
Add component (AddParameter): Name = "Manufacturer"; Value = "Lite-On Inc."; VariantName = "[No Variations]"
Add component (AddParameter): Name = "Manufacturer Part Number"; Value = "LTST-C191KRKT"; VariantName = "[No Variations]"
Add component (AddParameter): Name = "Order Code"; Value = "DIGI: 160-1447-2-ND"; VariantName = "[No Variations]"
Added Component: Designator=D5(DO214AB SMC)
Add component (AddParameter): Name = "Applications"; Value = "General Purpose"; VariantName = "[No Variations]"
Add component (AddParameter): Name = "ComponentLink1Description"; Value = "Datasheet"; VariantName = "[No Variations]"
Add component (AddParameter): Name = "ComponentLink1URL"; Value = "https://www.littelfuse.com/~/media/electronics/datasheets/tvs_diodes/littelfuse_tvs_diode_smdj_datasheet.pdf.pdf"; VariantName = "[No Variations]"
Add component (AddParameter): Name = "ComponentLink2Description"; Value = "DigiKey Link"; VariantName = "[No Variations]"
Add component (AddParameter): Name = "ComponentLink2URL"; Value = "https://www.digikey.com/en/products/detail/littelfuse-inc/SMDJ33A/1835325"; VariantName = "[No Variations]"
Add component (AddParameter): Name = "Current - Peak Pulse (10/1000µs)"; Value = "56.3A"; VariantName = "[No Variations]"
Add component (AddParameter): Name = "LastUpdated"; Value = "5.04.2026 20:34:02"; VariantName = "[No Variations]"
Add component (AddParameter): Name = "Lifecycle Status"; Value = "Active"; VariantName = "[No Variations]"
Add component (AddParameter): Name = "Manufacturer"; Value = "Littelfuse Inc."; VariantName = "[No Variations]"
Add component (AddParameter): Name = "Minimum Order"; Value = "1"; VariantName = "[No Variations]"
Add component (AddParameter): Name = "Mounting Type"; Value = "Surface Mount"; VariantName = "[No Variations]"
Add component (AddParameter): Name = "Operating Temperature"; Value = "-65°C ~ 150°C (TJ)"; VariantName = "[No Variations]"
Add component (AddParameter): Name = "Package / Case"; Value = "DO-214AB, SMC"; VariantName = "[No Variations]"
Add component (AddParameter): Name = "Packaging"; Value = "TapeAndReel"; VariantName = "[No Variations]"
Add component (AddParameter): Name = "Part Number"; Value = "SMDJ33A"; VariantName = "[No Variations]"
Add component (AddParameter): Name = "Part Status"; Value = "Active"; VariantName = "[No Variations]"
Add component (AddParameter): Name = "PartId"; Value = "7128"; VariantName = "[No Variations]"
Add component (AddParameter): Name = "Power - Peak Pulse"; Value = "3000W (3kW)"; VariantName = "[No Variations]"
Add component (AddParameter): Name = "Power Line Protection"; Value = "No"; VariantName = "[No Variations]"
Add component (AddParameter): Name = "Price"; Value = "0.33"; VariantName = "[No Variations]"
Add component (AddParameter): Name = "Series"; Value = "SMDJ"; VariantName = "[No Variations]"
Add component (AddParameter): Name = "Supplier 1"; Value = "DigiKey"; VariantName = "[No Variations]"
Add component (AddParameter): Name = "Supplier Device Package"; Value = "DO-214AB (SMCJ)"; VariantName = "[No Variations]"
Add component (AddParameter): Name = "Supplier Part Number 1"; Value = "SMDJ33ACT-ND"; VariantName = "[No Variations]"
Add component (AddParameter): Name = "Type"; Value = "Zener"; VariantName = "[No Variations]"
Add component (AddParameter): Name = "Unidirectional Channels"; Value = "1"; VariantName = "[No Variations]"
Add component (AddParameter): Name = "Voltage - Breakdown (Min)"; Value = "36.7V"; VariantName = "[No Variations]"
Add component (AddParameter): Name = "Voltage - Clamping (Max) @ Ipp"; Value = "53.3V"; VariantName = "[No Variations]"
Add component (AddParameter): Name = "Voltage - Reverse Standoff (Typ)"; Value = "33V"; VariantName = "[No Variations]"
Added Component: Designator=D6(DO214AC SMA)
Add component (AddParameter): Name = "Applications"; Value = "General Purpose"; VariantName = "[No Variations]"
Add component (AddParameter): Name = "ComponentLink1Description"; Value = "Datasheet"; VariantName = "[No Variations]"
Add component (AddParameter): Name = "ComponentLink1URL"; Value = "https://www.littelfuse.com/~/media/electronics/datasheets/tvs_diodes/littelfuse_tvs_diode_smaj_datasheet.pdf.pdf"; VariantName = "[No Variations]"
Add component (AddParameter): Name = "ComponentLink2Description"; Value = "DigiKey Link"; VariantName = "[No Variations]"
Add component (AddParameter): Name = "ComponentLink2URL"; Value = "https://www.digikey.com/en/products/detail/littelfuse-inc/SMAJ33A/762296"; VariantName = "[No Variations]"
Add component (AddParameter): Name = "Current - Peak Pulse (10/1000µs)"; Value = "7.5A"; VariantName = "[No Variations]"
Add component (AddParameter): Name = "LastUpdated"; Value = "5.04.2026 20:34:16"; VariantName = "[No Variations]"
Add component (AddParameter): Name = "Lifecycle Status"; Value = "Active"; VariantName = "[No Variations]"
Add component (AddParameter): Name = "Manufacturer"; Value = "Littelfuse Inc."; VariantName = "[No Variations]"
Add component (AddParameter): Name = "Minimum Order"; Value = "1"; VariantName = "[No Variations]"
Add component (AddParameter): Name = "Mounting Type"; Value = "Surface Mount"; VariantName = "[No Variations]"
Add component (AddParameter): Name = "Operating Temperature"; Value = "-65°C ~ 150°C (TJ)"; VariantName = "[No Variations]"
Add component (AddParameter): Name = "Package / Case"; Value = "DO-214AC, SMA"; VariantName = "[No Variations]"
Add component (AddParameter): Name = "Packaging"; Value = "TapeAndReel"; VariantName = "[No Variations]"
Add component (AddParameter): Name = "Part Number"; Value = "SMAJ33A"; VariantName = "[No Variations]"
Add component (AddParameter): Name = "Part Status"; Value = "Active"; VariantName = "[No Variations]"
Add component (AddParameter): Name = "PartId"; Value = "5718"; VariantName = "[No Variations]"
Add component (AddParameter): Name = "Power - Peak Pulse"; Value = "400W"; VariantName = "[No Variations]"
Add component (AddParameter): Name = "Power Line Protection"; Value = "No"; VariantName = "[No Variations]"
Add component (AddParameter): Name = "Price"; Value = "0.06"; VariantName = "[No Variations]"
Add component (AddParameter): Name = "Series"; Value = "SMAJ"; VariantName = "[No Variations]"
Add component (AddParameter): Name = "Supplier 1"; Value = "DigiKey"; VariantName = "[No Variations]"
Add component (AddParameter): Name = "Supplier Device Package"; Value = "DO-214AC (SMA)"; VariantName = "[No Variations]"
Add component (AddParameter): Name = "Supplier Part Number 1"; Value = "SMAJ33ALFCT-ND"; VariantName = "[No Variations]"
Add component (AddParameter): Name = "Type"; Value = "Zener"; VariantName = "[No Variations]"
Add component (AddParameter): Name = "Unidirectional Channels"; Value = "1"; VariantName = "[No Variations]"
Add component (AddParameter): Name = "Voltage - Breakdown (Min)"; Value = "36.7V"; VariantName = "[No Variations]"
Add component (AddParameter): Name = "Voltage - Clamping (Max) @ Ipp"; Value = "53.3V"; VariantName = "[No Variations]"
Add component (AddParameter): Name = "Voltage - Reverse Standoff (Typ)"; Value = "33V"; VariantName = "[No Variations]"
Added Component: Designator=D7(LED0603)
Add component (AddParameter): Name = "Manufacturer"; Value = "Lite-On Inc."; VariantName = "[No Variations]"
Add component (AddParameter): Name = "Manufacturer Part Number"; Value = "LTST-C191KGKT"; VariantName = "[No Variations]"
Add component (AddParameter): Name = "Supplier Part Number"; Value = "160-1446-1-ND"; VariantName = "[No Variations]"
Add component (AddParameter): Name = "Value"; Value = "LTST-C191KGKT"; VariantName = "[No Variations]"
Added Component: Designator=D8(DO214AC SMA)
Add component (AddParameter): Name = "Applications"; Value = "General Purpose"; VariantName = "[No Variations]"
Add component (AddParameter): Name = "ComponentLink1Description"; Value = "Datasheet"; VariantName = "[No Variations]"
Add component (AddParameter): Name = "ComponentLink1URL"; Value = "https://www.littelfuse.com/~/media/electronics/datasheets/tvs_diodes/littelfuse_tvs_diode_smaj_datasheet.pdf.pdf"; VariantName = "[No Variations]"
Add component (AddParameter): Name = "ComponentLink2Description"; Value = "DigiKey Link"; VariantName = "[No Variations]"
Add component (AddParameter): Name = "ComponentLink2URL"; Value = "https://www.digikey.com/en/products/detail/littelfuse-inc/SMAJ33A/762296"; VariantName = "[No Variations]"
Add component (AddParameter): Name = "Current - Peak Pulse (10/1000µs)"; Value = "7.5A"; VariantName = "[No Variations]"
Add component (AddParameter): Name = "LastUpdated"; Value = "5.04.2026 20:34:16"; VariantName = "[No Variations]"
Add component (AddParameter): Name = "Lifecycle Status"; Value = "Active"; VariantName = "[No Variations]"
Add component (AddParameter): Name = "Manufacturer"; Value = "Littelfuse Inc."; VariantName = "[No Variations]"
Add component (AddParameter): Name = "Minimum Order"; Value = "1"; VariantName = "[No Variations]"
Add component (AddParameter): Name = "Mounting Type"; Value = "Surface Mount"; VariantName = "[No Variations]"
Add component (AddParameter): Name = "Operating Temperature"; Value = "-65°C ~ 150°C (TJ)"; VariantName = "[No Variations]"
Add component (AddParameter): Name = "Package / Case"; Value = "DO-214AC, SMA"; VariantName = "[No Variations]"
Add component (AddParameter): Name = "Packaging"; Value = "TapeAndReel"; VariantName = "[No Variations]"
Add component (AddParameter): Name = "Part Number"; Value = "SMAJ33A"; VariantName = "[No Variations]"
Add component (AddParameter): Name = "Part Status"; Value = "Active"; VariantName = "[No Variations]"
Add component (AddParameter): Name = "PartId"; Value = "5718"; VariantName = "[No Variations]"
Add component (AddParameter): Name = "Power - Peak Pulse"; Value = "400W"; VariantName = "[No Variations]"
Add component (AddParameter): Name = "Power Line Protection"; Value = "No"; VariantName = "[No Variations]"
Add component (AddParameter): Name = "Price"; Value = "0.06"; VariantName = "[No Variations]"
Add component (AddParameter): Name = "Series"; Value = "SMAJ"; VariantName = "[No Variations]"
Add component (AddParameter): Name = "Supplier 1"; Value = "DigiKey"; VariantName = "[No Variations]"
Add component (AddParameter): Name = "Supplier Device Package"; Value = "DO-214AC (SMA)"; VariantName = "[No Variations]"
Add component (AddParameter): Name = "Supplier Part Number 1"; Value = "SMAJ33ALFCT-ND"; VariantName = "[No Variations]"
Add component (AddParameter): Name = "Type"; Value = "Zener"; VariantName = "[No Variations]"
Add component (AddParameter): Name = "Unidirectional Channels"; Value = "1"; VariantName = "[No Variations]"
Add component (AddParameter): Name = "Voltage - Breakdown (Min)"; Value = "36.7V"; VariantName = "[No Variations]"
Add component (AddParameter): Name = "Voltage - Clamping (Max) @ Ipp"; Value = "53.3V"; VariantName = "[No Variations]"
Add component (AddParameter): Name = "Voltage - Reverse Standoff (Typ)"; Value = "33V"; VariantName = "[No Variations]"
Added Component: Designator=D9(LED0603)
Add component (AddParameter): Name = "Manufacturer"; Value = "Lite-On Inc."; VariantName = "[No Variations]"
Add component (AddParameter): Name = "Manufacturer Part Number"; Value = "LTST-C191KGKT"; VariantName = "[No Variations]"
Add component (AddParameter): Name = "Supplier Part Number"; Value = "160-1446-1-ND"; VariantName = "[No Variations]"
Add component (AddParameter): Name = "Value"; Value = "LTST-C191KGKT"; VariantName = "[No Variations]"
Added Component: Designator=D10(DO214AC SMA)
Add component (AddParameter): Name = "Applications"; Value = "General Purpose"; VariantName = "[No Variations]"
Add component (AddParameter): Name = "ComponentLink1Description"; Value = "Datasheet"; VariantName = "[No Variations]"
Add component (AddParameter): Name = "ComponentLink1URL"; Value = "https://www.littelfuse.com/~/media/electronics/datasheets/tvs_diodes/littelfuse_tvs_diode_smaj_datasheet.pdf.pdf"; VariantName = "[No Variations]"
Add component (AddParameter): Name = "ComponentLink2Description"; Value = "DigiKey Link"; VariantName = "[No Variations]"
Add component (AddParameter): Name = "ComponentLink2URL"; Value = "https://www.digikey.com/en/products/detail/littelfuse-inc/SMAJ33A/762296"; VariantName = "[No Variations]"
Add component (AddParameter): Name = "Current - Peak Pulse (10/1000µs)"; Value = "7.5A"; VariantName = "[No Variations]"
Add component (AddParameter): Name = "LastUpdated"; Value = "5.04.2026 20:34:16"; VariantName = "[No Variations]"
Add component (AddParameter): Name = "Lifecycle Status"; Value = "Active"; VariantName = "[No Variations]"
Add component (AddParameter): Name = "Manufacturer"; Value = "Littelfuse Inc."; VariantName = "[No Variations]"
Add component (AddParameter): Name = "Minimum Order"; Value = "1"; VariantName = "[No Variations]"
Add component (AddParameter): Name = "Mounting Type"; Value = "Surface Mount"; VariantName = "[No Variations]"
Add component (AddParameter): Name = "Operating Temperature"; Value = "-65°C ~ 150°C (TJ)"; VariantName = "[No Variations]"
Add component (AddParameter): Name = "Package / Case"; Value = "DO-214AC, SMA"; VariantName = "[No Variations]"
Add component (AddParameter): Name = "Packaging"; Value = "TapeAndReel"; VariantName = "[No Variations]"
Add component (AddParameter): Name = "Part Number"; Value = "SMAJ33A"; VariantName = "[No Variations]"
Add component (AddParameter): Name = "Part Status"; Value = "Active"; VariantName = "[No Variations]"
Add component (AddParameter): Name = "PartId"; Value = "5718"; VariantName = "[No Variations]"
Add component (AddParameter): Name = "Power - Peak Pulse"; Value = "400W"; VariantName = "[No Variations]"
Add component (AddParameter): Name = "Power Line Protection"; Value = "No"; VariantName = "[No Variations]"
Add component (AddParameter): Name = "Price"; Value = "0.06"; VariantName = "[No Variations]"
Add component (AddParameter): Name = "Series"; Value = "SMAJ"; VariantName = "[No Variations]"
Add component (AddParameter): Name = "Supplier 1"; Value = "DigiKey"; VariantName = "[No Variations]"
Add component (AddParameter): Name = "Supplier Device Package"; Value = "DO-214AC (SMA)"; VariantName = "[No Variations]"
Add component (AddParameter): Name = "Supplier Part Number 1"; Value = "SMAJ33ALFCT-ND"; VariantName = "[No Variations]"
Add component (AddParameter): Name = "Type"; Value = "Zener"; VariantName = "[No Variations]"
Add component (AddParameter): Name = "Unidirectional Channels"; Value = "1"; VariantName = "[No Variations]"
Add component (AddParameter): Name = "Voltage - Breakdown (Min)"; Value = "36.7V"; VariantName = "[No Variations]"
Add component (AddParameter): Name = "Voltage - Clamping (Max) @ Ipp"; Value = "53.3V"; VariantName = "[No Variations]"
Add component (AddParameter): Name = "Voltage - Reverse Standoff (Typ)"; Value = "33V"; VariantName = "[No Variations]"
Added Component: Designator=D11(LED0603)
Add component (AddParameter): Name = "Manufacturer"; Value = "Lite-On Inc."; VariantName = "[No Variations]"
Add component (AddParameter): Name = "Manufacturer Part Number"; Value = "LTST-C191KGKT"; VariantName = "[No Variations]"
Add component (AddParameter): Name = "Supplier Part Number"; Value = "160-1446-1-ND"; VariantName = "[No Variations]"
Add component (AddParameter): Name = "Value"; Value = "LTST-C191KGKT"; VariantName = "[No Variations]"
Added Component: Designator=D12(LED0603)
Add component (AddParameter): Name = "Manufacturer"; Value = "Lite-On Inc."; VariantName = "[No Variations]"
Add component (AddParameter): Name = "Manufacturer Part Number"; Value = "LTST-C191KGKT"; VariantName = "[No Variations]"
Add component (AddParameter): Name = "Supplier Part Number"; Value = "160-1446-1-ND"; VariantName = "[No Variations]"
Add component (AddParameter): Name = "Value"; Value = "LTST-C191KGKT"; VariantName = "[No Variations]"
Add Component: Footprint Not Found SMBJ12A
Add Component: Footprint Not Found SMBJ12A
Add Component: Footprint Not Found DIOM7959X250N
Add Component: Footprint Not Found SODFL1608X70N
Added Component: Designator=F1(F1206)
Add component (AddParameter): Name = "Datasheet"; Value = "F12F Series.pdf"; VariantName = "[No Variations]"
Add component (AddParameter): Name = "Manufacturer"; Value = "TLC"; VariantName = "[No Variations]"
Add component (AddParameter): Name = "Manufacturer P/N"; Value = "F12F4"; VariantName = "[No Variations]"
Add component (AddParameter): Name = "Myir P/N"; Value = "20801.00014"; VariantName = "[No Variations]"
Add component (AddParameter): Name = "Part Number"; Value = ""; VariantName = "[No Variations]"
Add component (AddParameter): Name = "Part Type"; Value = "Resettable Fuse"; VariantName = "[No Variations]"
Add component (AddParameter): Name = "PCB Footprint"; Value = "F1206"; VariantName = "[No Variations]"
Add component (AddParameter): Name = "Reserve Value"; Value = "4A"; VariantName = "[No Variations]"
Added Component: Designator=F2(F1206)
Add component (AddParameter): Name = "Datasheet"; Value = "F12F Series.pdf"; VariantName = "[No Variations]"
Add component (AddParameter): Name = "Manufacturer"; Value = "TLC"; VariantName = "[No Variations]"
Add component (AddParameter): Name = "Manufacturer P/N"; Value = "F12F4"; VariantName = "[No Variations]"
Add component (AddParameter): Name = "Myir P/N"; Value = "20801.00014"; VariantName = "[No Variations]"
Add component (AddParameter): Name = "Part Number"; Value = ""; VariantName = "[No Variations]"
Add component (AddParameter): Name = "Part Type"; Value = "Resettable Fuse"; VariantName = "[No Variations]"
Add component (AddParameter): Name = "PCB Footprint"; Value = "F1206"; VariantName = "[No Variations]"
Add component (AddParameter): Name = "Reserve Value"; Value = "4A"; VariantName = "[No Variations]"
Added Component: Designator=F3(F1206)
Add component (AddParameter): Name = "Datasheet"; Value = "F12F Series.pdf"; VariantName = "[No Variations]"
Add component (AddParameter): Name = "Manufacturer"; Value = "TLC"; VariantName = "[No Variations]"
Add component (AddParameter): Name = "Manufacturer P/N"; Value = "F12F4"; VariantName = "[No Variations]"
Add component (AddParameter): Name = "Myir P/N"; Value = "20801.00014"; VariantName = "[No Variations]"
Add component (AddParameter): Name = "Part Number"; Value = ""; VariantName = "[No Variations]"
Add component (AddParameter): Name = "Part Type"; Value = "Resettable Fuse"; VariantName = "[No Variations]"
Add component (AddParameter): Name = "PCB Footprint"; Value = "F1206"; VariantName = "[No Variations]"
Add component (AddParameter): Name = "Reserve Value"; Value = "4A"; VariantName = "[No Variations]"
Added Component: Designator=F4(F1206)
Add component (AddParameter): Name = "Datasheet"; Value = "F12F Series.pdf"; VariantName = "[No Variations]"
Add component (AddParameter): Name = "Manufacturer"; Value = "TLC"; VariantName = "[No Variations]"
Add component (AddParameter): Name = "Manufacturer P/N"; Value = "F12F4"; VariantName = "[No Variations]"
Add component (AddParameter): Name = "Myir P/N"; Value = "20801.00014"; VariantName = "[No Variations]"
Add component (AddParameter): Name = "Part Number"; Value = ""; VariantName = "[No Variations]"
Add component (AddParameter): Name = "Part Type"; Value = "Resettable Fuse"; VariantName = "[No Variations]"
Add component (AddParameter): Name = "PCB Footprint"; Value = "F1206"; VariantName = "[No Variations]"
Add component (AddParameter): Name = "Reserve Value"; Value = "4A"; VariantName = "[No Variations]"
Added Component: Designator=F5(F1206)
Add component (AddParameter): Name = "Datasheet"; Value = "F12F Series.pdf"; VariantName = "[No Variations]"
Add component (AddParameter): Name = "Manufacturer"; Value = "TLC"; VariantName = "[No Variations]"
Add component (AddParameter): Name = "Manufacturer P/N"; Value = "F12F4"; VariantName = "[No Variations]"
Add component (AddParameter): Name = "Myir P/N"; Value = "20801.00014"; VariantName = "[No Variations]"
Add component (AddParameter): Name = "Part Number"; Value = ""; VariantName = "[No Variations]"
Add component (AddParameter): Name = "Part Type"; Value = "Resettable Fuse"; VariantName = "[No Variations]"
Add component (AddParameter): Name = "PCB Footprint"; Value = "F1206"; VariantName = "[No Variations]"
Add component (AddParameter): Name = "Reserve Value"; Value = "4A"; VariantName = "[No Variations]"
Added Component: Designator=F6(F1206)
Add component (AddParameter): Name = "Datasheet"; Value = "F12F Series.pdf"; VariantName = "[No Variations]"
Add component (AddParameter): Name = "Manufacturer"; Value = "TLC"; VariantName = "[No Variations]"
Add component (AddParameter): Name = "Manufacturer P/N"; Value = "F12F4"; VariantName = "[No Variations]"
Add component (AddParameter): Name = "Myir P/N"; Value = "20801.00014"; VariantName = "[No Variations]"
Add component (AddParameter): Name = "Part Number"; Value = ""; VariantName = "[No Variations]"
Add component (AddParameter): Name = "Part Type"; Value = "Resettable Fuse"; VariantName = "[No Variations]"
Add component (AddParameter): Name = "PCB Footprint"; Value = "F1206"; VariantName = "[No Variations]"
Add component (AddParameter): Name = "Reserve Value"; Value = "4A"; VariantName = "[No Variations]"
Added Component: Designator=F7(F1206)
Add component (AddParameter): Name = "Datasheet"; Value = "F12F Series.pdf"; VariantName = "[No Variations]"
Add component (AddParameter): Name = "Manufacturer"; Value = "TLC"; VariantName = "[No Variations]"
Add component (AddParameter): Name = "Manufacturer P/N"; Value = "F12F4"; VariantName = "[No Variations]"
Add component (AddParameter): Name = "Myir P/N"; Value = "20801.00014"; VariantName = "[No Variations]"
Add component (AddParameter): Name = "Part Number"; Value = ""; VariantName = "[No Variations]"
Add component (AddParameter): Name = "Part Type"; Value = "Resettable Fuse"; VariantName = "[No Variations]"
Add component (AddParameter): Name = "PCB Footprint"; Value = "F1206"; VariantName = "[No Variations]"
Add component (AddParameter): Name = "Reserve Value"; Value = "4A"; VariantName = "[No Variations]"
Added Component: Designator=FB1(INDC2012X11L)
Add component (AddParameter): Name = "Artikkelnr Noca"; Value = "33029317"; VariantName = "[No Variations]"
Add component (AddParameter): Name = "Assembly"; Value = ""; VariantName = "[No Variations]"
Add component (AddParameter): Name = "Author"; Value = "rsk"; VariantName = "[No Variations]"
Add component (AddParameter): Name = "Component Class"; Value = "Inductors"; VariantName = "[No Variations]"
Add component (AddParameter): Name = "Component Status"; Value = "Active"; VariantName = "[No Variations]"
Add component (AddParameter): Name = "ComponentLink1Description"; Value = "Datasheet"; VariantName = "[No Variations]"
Add component (AddParameter): Name = "ComponentLink1URL"; Value = "N.A."; VariantName = "[No Variations]"
Add component (AddParameter): Name = "ComponentLink2Description"; Value = "Supplier link"; VariantName = "[No Variations]"
Add component (AddParameter): Name = "ComponentLink2URL"; Value = "N.A."; VariantName = "[No Variations]"
Add component (AddParameter): Name = "Footprint Doc"; Value = "0402"; VariantName = "[No Variations]"
Add component (AddParameter): Name = "HelpURL"; Value = "http://search.murata.co.jp/Ceramy/image/img/PDF/ENG/L0110S0100BLM15A_SN.pdf"; VariantName = "[No Variations]"
Add component (AddParameter): Name = "LatestRevisionDate"; Value = "2014-01-10"; VariantName = "[No Variations]"
Add component (AddParameter): Name = "Manufacturer"; Value = "Murata"; VariantName = "[No Variations]"
Add component (AddParameter): Name = "Manufacturer Part Number"; Value = "BLM15AG121SN1D"; VariantName = "[No Variations]"
Add component (AddParameter): Name = "Note"; Value = "Chip EMIFIL Inductor Type Chip Ferrite Bead"; VariantName = "[No Variations]"
Add component (AddParameter): Name = "Pad Count"; Value = "2"; VariantName = "[No Variations]"
Add component (AddParameter): Name = "Part Number"; Value = "FB0402-120R@100M-500mA"; VariantName = "[No Variations]"
Add component (AddParameter): Name = "Part number IPS"; Value = "00000009954"; VariantName = "[No Variations]"
Add component (AddParameter): Name = "Part number NEMS"; Value = "100300099"; VariantName = "[No Variations]"
Add component (AddParameter): Name = "Part number Norautron"; Value = "265230631"; VariantName = "[No Variations]"
Add component (AddParameter): Name = "PartId"; Value = "100300099"; VariantName = "[No Variations]"
Add component (AddParameter): Name = "Published"; Value = "2011-11-14"; VariantName = "[No Variations]"
Add component (AddParameter): Name = "Supplier 1"; Value = "Digi-Key"; VariantName = "[No Variations]"
Add component (AddParameter): Name = "Supplier 2"; Value = "Farnell"; VariantName = "[No Variations]"
Add component (AddParameter): Name = "Supplier Part Number 1"; Value = "490-1005-1-ND"; VariantName = "[No Variations]"
Add component (AddParameter): Name = "Supplier Part Number 2"; Value = "151-5760"; VariantName = "[No Variations]"
Add component (AddParameter): Name = "Value"; Value = "120R/0.55A"; VariantName = "[No Variations]"
Added Component: Designator=FB2(INDC2012X11L)
Add component (AddParameter): Name = "Artikkelnr Noca"; Value = "33029317"; VariantName = "[No Variations]"
Add component (AddParameter): Name = "Assembly"; Value = ""; VariantName = "[No Variations]"
Add component (AddParameter): Name = "Author"; Value = "rsk"; VariantName = "[No Variations]"
Add component (AddParameter): Name = "Component Class"; Value = "Inductors"; VariantName = "[No Variations]"
Add component (AddParameter): Name = "Component Status"; Value = "Active"; VariantName = "[No Variations]"
Add component (AddParameter): Name = "ComponentLink1Description"; Value = "Datasheet"; VariantName = "[No Variations]"
Add component (AddParameter): Name = "ComponentLink1URL"; Value = "N.A."; VariantName = "[No Variations]"
Add component (AddParameter): Name = "ComponentLink2Description"; Value = "Supplier link"; VariantName = "[No Variations]"
Add component (AddParameter): Name = "ComponentLink2URL"; Value = "N.A."; VariantName = "[No Variations]"
Add component (AddParameter): Name = "Footprint Doc"; Value = "0402"; VariantName = "[No Variations]"
Add component (AddParameter): Name = "HelpURL"; Value = "http://search.murata.co.jp/Ceramy/image/img/PDF/ENG/L0110S0100BLM15A_SN.pdf"; VariantName = "[No Variations]"
Add component (AddParameter): Name = "LatestRevisionDate"; Value = "2014-01-10"; VariantName = "[No Variations]"
Add component (AddParameter): Name = "Manufacturer"; Value = "Murata"; VariantName = "[No Variations]"
Add component (AddParameter): Name = "Manufacturer Part Number"; Value = "BLM15AG121SN1D"; VariantName = "[No Variations]"
Add component (AddParameter): Name = "Note"; Value = "Chip EMIFIL Inductor Type Chip Ferrite Bead"; VariantName = "[No Variations]"
Add component (AddParameter): Name = "Pad Count"; Value = "2"; VariantName = "[No Variations]"
Add component (AddParameter): Name = "Part Number"; Value = "FB0402-120R@100M-500mA"; VariantName = "[No Variations]"
Add component (AddParameter): Name = "Part number IPS"; Value = "00000009954"; VariantName = "[No Variations]"
Add component (AddParameter): Name = "Part number NEMS"; Value = "100300099"; VariantName = "[No Variations]"
Add component (AddParameter): Name = "Part number Norautron"; Value = "265230631"; VariantName = "[No Variations]"
Add component (AddParameter): Name = "PartId"; Value = "100300099"; VariantName = "[No Variations]"
Add component (AddParameter): Name = "Published"; Value = "2011-11-14"; VariantName = "[No Variations]"
Add component (AddParameter): Name = "Supplier 1"; Value = "Digi-Key"; VariantName = "[No Variations]"
Add component (AddParameter): Name = "Supplier 2"; Value = "Farnell"; VariantName = "[No Variations]"
Add component (AddParameter): Name = "Supplier Part Number 1"; Value = "490-1005-1-ND"; VariantName = "[No Variations]"
Add component (AddParameter): Name = "Supplier Part Number 2"; Value = "151-5760"; VariantName = "[No Variations]"
Add component (AddParameter): Name = "Value"; Value = "120R/0.55A"; VariantName = "[No Variations]"
Added Component: Designator=FL1(FIL_ACT45B-510-2P-TL003)
Add component (AddParameter): Name = "Check_prices"; Value = "https://www.snapeda.com/parts/ACT45B-510-2P-TL003/TDK/view-part/?ref=eda"; VariantName = "[No Variations]"
Add component (AddParameter): Name = "MF"; Value = "TDK"; VariantName = "[No Variations]"
Add component (AddParameter): Name = "MP"; Value = "ACT45B-510-2P-TL003"; VariantName = "[No Variations]"
Add component (AddParameter): Name = "Package"; Value = "Horizontal-4 TDK"; VariantName = "[No Variations]"
Add component (AddParameter): Name = "SnapEDA_Link"; Value = "https://www.snapeda.com/parts/ACT45B-510-2P-TL003/TDK/view-part/?ref=snap"; VariantName = "[No Variations]"
Add component (AddParameter): Name = "Value"; Value = ""; VariantName = "[No Variations]"
Add Component: Footprint Not Found BEADC2012X105N
Added Component: Designator=IC1(QFP50P900X900X120-49N)
Add component (AddParameter): Name = "Arrow Part Number"; Value = ""; VariantName = "[No Variations]"
Add component (AddParameter): Name = "Arrow Price/Stock"; Value = ""; VariantName = "[No Variations]"
Add component (AddParameter): Name = "Datasheet Link"; Value = "https://datasheet.datasheetarchive.com/originals/distributors/DKDS-40/47761.pdf"; VariantName = "[No Variations]"
Add component (AddParameter): Name = "Height"; Value = "1.2mm"; VariantName = "[No Variations]"
Add component (AddParameter): Name = "Manufacturer_Name"; Value = "Analog Devices"; VariantName = "[No Variations]"
Add component (AddParameter): Name = "Manufacturer_Part_Number"; Value = "TMC5160-TA"; VariantName = "[No Variations]"
Add component (AddParameter): Name = "Mouser Part Number"; Value = "N/A"; VariantName = "[No Variations]"
Add component (AddParameter): Name = "Mouser Price/Stock"; Value = "https://www.mouser.co.uk/ProductDetail/ADI-Trinamic/TMC5160-TA?qs=TiOZkKH1s2S%2FryBy%252BZXLdA%3D%3D"; VariantName = "[No Variations]"
Add Component: Footprint Not Found SOIC127P600X170-9N
Added Component: Designator=IC3(SOT95P285X140-5N)
Add component (AddParameter): Name = "Arrow Part Number"; Value = "74AHCT1G125W5-7"; VariantName = "[No Variations]"
Add component (AddParameter): Name = "Arrow Price/Stock"; Value = "https://www.arrow.com/en/products/74ahct1g125w5-7/diodes-incorporated.html?utm_currency=USD&region=nac"; VariantName = "[No Variations]"
Add component (AddParameter): Name = "Datasheet Link"; Value = "https://www.diodes.com//assets/Datasheets/74AHCT1G125.pdf"; VariantName = "[No Variations]"
Add component (AddParameter): Name = "Height"; Value = "1.4mm"; VariantName = "[No Variations]"
Add component (AddParameter): Name = "Manufacturer_Name"; Value = "Diodes Incorporated"; VariantName = "[No Variations]"
Add component (AddParameter): Name = "Manufacturer_Part_Number"; Value = "74AHCT1G125W5-7"; VariantName = "[No Variations]"
Add component (AddParameter): Name = "Mouser Part Number"; Value = "621-74AHCT1G125W5-7"; VariantName = "[No Variations]"
Add component (AddParameter): Name = "Mouser Price/Stock"; Value = "https://www.mouser.co.uk/ProductDetail/Diodes-Incorporated/74AHCT1G125W5-7?qs=MKoP7Oyr0W7vMAMo33ehAw%3D%3D"; VariantName = "[No Variations]"
Added Component: Designator=J1(PHOENIX_1757242)
Add component (AddParameter): Name = "Check_prices"; Value = "https://www.snapeda.com/parts/1757242/Phoenix+Contact/view-part/?ref=eda"; VariantName = "[No Variations]"
Add component (AddParameter): Name = "MF"; Value = "Phoenix Contact"; VariantName = "[No Variations]"
Add component (AddParameter): Name = "MP"; Value = "1757242"; VariantName = "[No Variations]"
Add component (AddParameter): Name = "Package"; Value = "None"; VariantName = "[No Variations]"
Add component (AddParameter): Name = "SnapEDA_Link"; Value = "https://www.snapeda.com/parts/1757242/Phoenix+Contact/view-part/?ref=snap"; VariantName = "[No Variations]"
Add component (AddParameter): Name = "Value"; Value = ""; VariantName = "[No Variations]"
Added Component: Designator=J2(SHDR3W50P0X200_1X3_790X460X630P)
Add component (AddParameter): Name = "Arrow Part Number"; Value = ""; VariantName = "[No Variations]"
Add component (AddParameter): Name = "Arrow Price/Stock"; Value = ""; VariantName = "[No Variations]"
Add component (AddParameter): Name = "Datasheet Link"; Value = "https://drawings-pdf.s3.amazonaws.com/11623.pdf"; VariantName = "[No Variations]"
Add component (AddParameter): Name = "Height"; Value = "6.3mm"; VariantName = "[No Variations]"
Add component (AddParameter): Name = "Manufacturer_Name"; Value = "Sullins"; VariantName = "[No Variations]"
Add component (AddParameter): Name = "Manufacturer_Part_Number"; Value = "SWR201-NRTN-S03-SA-WH"; VariantName = "[No Variations]"
Add component (AddParameter): Name = "Mouser Part Number"; Value = ""; VariantName = "[No Variations]"
Add component (AddParameter): Name = "Mouser Price/Stock"; Value = ""; VariantName = "[No Variations]"
Add component (AddParameter): Name = "Mouser Testing Part Number"; Value = ""; VariantName = "[No Variations]"
Add component (AddParameter): Name = "Mouser Testing Price/Stock"; Value = ""; VariantName = "[No Variations]"
Added Component: Designator=J3(Samtec_0_MFG)
Add component (AddParameter): Name = "Manufacturer Part Number"; Value = "FTSH-105-01-F-DV-K"; VariantName = "[No Variations]"
Add component (AddParameter): Name = "Order Code"; Value = "DIGI: SAM8796-ND"; VariantName = "[No Variations]"
Added Component: Designator=J4(CONN_SD-43650-001_02_MOL)
Add component (AddParameter): Name = "Check_prices"; Value = "https://www.snapeda.com/parts/436500200/Molex/view-part/?ref=eda"; VariantName = "[No Variations]"
Add component (AddParameter): Name = "MF"; Value = "Molex"; VariantName = "[No Variations]"
Add component (AddParameter): Name = "MP"; Value = "436500200"; VariantName = "[No Variations]"
Add component (AddParameter): Name = "Package"; Value = "None"; VariantName = "[No Variations]"
Add component (AddParameter): Name = "SnapEDA_Link"; Value = "https://www.snapeda.com/parts/436500200/Molex/view-part/?ref=snap"; VariantName = "[No Variations]"
Add component (AddParameter): Name = "Value"; Value = ""; VariantName = "[No Variations]"
Added Component: Designator=J5(CONN_SD-43650-001_02_MOL)
Add component (AddParameter): Name = "Check_prices"; Value = "https://www.snapeda.com/parts/436500200/Molex/view-part/?ref=eda"; VariantName = "[No Variations]"
Add component (AddParameter): Name = "MF"; Value = "Molex"; VariantName = "[No Variations]"
Add component (AddParameter): Name = "MP"; Value = "436500200"; VariantName = "[No Variations]"
Add component (AddParameter): Name = "Package"; Value = "None"; VariantName = "[No Variations]"
Add component (AddParameter): Name = "SnapEDA_Link"; Value = "https://www.snapeda.com/parts/436500200/Molex/view-part/?ref=snap"; VariantName = "[No Variations]"
Add component (AddParameter): Name = "Value"; Value = ""; VariantName = "[No Variations]"
Added Component: Designator=J6(CONN_SD-43650-001_02_MOL)
Add component (AddParameter): Name = "Check_prices"; Value = "https://www.snapeda.com/parts/436500200/Molex/view-part/?ref=eda"; VariantName = "[No Variations]"
Add component (AddParameter): Name = "MF"; Value = "Molex"; VariantName = "[No Variations]"
Add component (AddParameter): Name = "MP"; Value = "436500200"; VariantName = "[No Variations]"
Add component (AddParameter): Name = "Package"; Value = "None"; VariantName = "[No Variations]"
Add component (AddParameter): Name = "SnapEDA_Link"; Value = "https://www.snapeda.com/parts/436500200/Molex/view-part/?ref=snap"; VariantName = "[No Variations]"
Add component (AddParameter): Name = "Value"; Value = ""; VariantName = "[No Variations]"
Added Component: Designator=J7(CONN_SD-43650-001_02_MOL)
Add component (AddParameter): Name = "Check_prices"; Value = "https://www.snapeda.com/parts/436500200/Molex/view-part/?ref=eda"; VariantName = "[No Variations]"
Add component (AddParameter): Name = "MF"; Value = "Molex"; VariantName = "[No Variations]"
Add component (AddParameter): Name = "MP"; Value = "436500200"; VariantName = "[No Variations]"
Add component (AddParameter): Name = "Package"; Value = "None"; VariantName = "[No Variations]"
Add component (AddParameter): Name = "SnapEDA_Link"; Value = "https://www.snapeda.com/parts/436500200/Molex/view-part/?ref=snap"; VariantName = "[No Variations]"
Add component (AddParameter): Name = "Value"; Value = ""; VariantName = "[No Variations]"
Added Component: Designator=J8(CONN_SD-43650-001_05_MOL)
Add component (AddParameter): Name = "Check_prices"; Value = "https://www.snapeda.com/parts/436500500/Molex/view-part/?ref=eda"; VariantName = "[No Variations]"
Add component (AddParameter): Name = "MF"; Value = "Molex"; VariantName = "[No Variations]"
Add component (AddParameter): Name = "MP"; Value = "436500500"; VariantName = "[No Variations]"
Add component (AddParameter): Name = "Package"; Value = "None"; VariantName = "[No Variations]"
Add component (AddParameter): Name = "SnapEDA_Link"; Value = "https://www.snapeda.com/parts/436500500/Molex/view-part/?ref=snap"; VariantName = "[No Variations]"
Add component (AddParameter): Name = "Value"; Value = ""; VariantName = "[No Variations]"
Added Component: Designator=J9(CONN_SD-43650-001_05_MOL)
Add component (AddParameter): Name = "Check_prices"; Value = "https://www.snapeda.com/parts/436500500/Molex/view-part/?ref=eda"; VariantName = "[No Variations]"
Add component (AddParameter): Name = "MF"; Value = "Molex"; VariantName = "[No Variations]"
Add component (AddParameter): Name = "MP"; Value = "436500500"; VariantName = "[No Variations]"
Add component (AddParameter): Name = "Package"; Value = "None"; VariantName = "[No Variations]"
Add component (AddParameter): Name = "SnapEDA_Link"; Value = "https://www.snapeda.com/parts/436500500/Molex/view-part/?ref=snap"; VariantName = "[No Variations]"
Add component (AddParameter): Name = "Value"; Value = ""; VariantName = "[No Variations]"
Added Component: Designator=J10(CONN_SD-43650-001_02_MOL)
Add component (AddParameter): Name = "Check_prices"; Value = "https://www.snapeda.com/parts/436500200/Molex/view-part/?ref=eda"; VariantName = "[No Variations]"
Add component (AddParameter): Name = "MF"; Value = "Molex"; VariantName = "[No Variations]"
Add component (AddParameter): Name = "MP"; Value = "436500200"; VariantName = "[No Variations]"
Add component (AddParameter): Name = "Package"; Value = "None"; VariantName = "[No Variations]"
Add component (AddParameter): Name = "SnapEDA_Link"; Value = "https://www.snapeda.com/parts/436500200/Molex/view-part/?ref=snap"; VariantName = "[No Variations]"
Add component (AddParameter): Name = "Value"; Value = ""; VariantName = "[No Variations]"
Added Component: Designator=J11(430451010)
Add component (AddParameter): Name = "Arrow Part Number"; Value = ""; VariantName = "[No Variations]"
Add component (AddParameter): Name = "Arrow Price/Stock"; Value = ""; VariantName = "[No Variations]"
Add component (AddParameter): Name = "Datasheet Link"; Value = "https://www.molex.com/pdm_docs/sd/430450200_sd.pdf"; VariantName = "[No Variations]"
Add component (AddParameter): Name = "Height"; Value = "8.77mm"; VariantName = "[No Variations]"
Add component (AddParameter): Name = "Manufacturer_Name"; Value = "Molex"; VariantName = "[No Variations]"
Add component (AddParameter): Name = "Manufacturer_Part_Number"; Value = "430451000"; VariantName = "[No Variations]"
Add component (AddParameter): Name = "Mouser Part Number"; Value = ""; VariantName = "[No Variations]"
Add component (AddParameter): Name = "Mouser Price/Stock"; Value = ""; VariantName = "[No Variations]"
Added Component: Designator=J12(CONN_SD-43045-001_04_MOL)
Add component (AddParameter): Name = "Manifacturer"; Value = "MOLEX"; VariantName = "[No Variations]"
Add component (AddParameter): Name = "Supplier"; Value = "Digi; WM1814-ND"; VariantName = "[No Variations]"
Added Component: Designator=J13(430451010)
Add component (AddParameter): Name = "Arrow Part Number"; Value = ""; VariantName = "[No Variations]"
Add component (AddParameter): Name = "Arrow Price/Stock"; Value = ""; VariantName = "[No Variations]"
Add component (AddParameter): Name = "Datasheet Link"; Value = "https://www.molex.com/pdm_docs/sd/430450200_sd.pdf"; VariantName = "[No Variations]"
Add component (AddParameter): Name = "Height"; Value = "8.77mm"; VariantName = "[No Variations]"
Add component (AddParameter): Name = "Manufacturer_Name"; Value = "Molex"; VariantName = "[No Variations]"
Add component (AddParameter): Name = "Manufacturer_Part_Number"; Value = "430451000"; VariantName = "[No Variations]"
Add component (AddParameter): Name = "Mouser Part Number"; Value = ""; VariantName = "[No Variations]"
Add component (AddParameter): Name = "Mouser Price/Stock"; Value = ""; VariantName = "[No Variations]"
Added Component: Designator=J14(CONN_SD-43045-001_04_MOL)
Add component (AddParameter): Name = "Manifacturer"; Value = "MOLEX"; VariantName = "[No Variations]"
Add component (AddParameter): Name = "Supplier"; Value = "Digi; WM1814-ND"; VariantName = "[No Variations]"
Add Component: Footprint Not Found 436500300
Added Component: Designator=L1(SRU10386R2Y)
Add component (AddParameter): Name = "Arrow Part Number"; Value = "SRU1038-6R2Y"; VariantName = "[No Variations]"
Add component (AddParameter): Name = "Arrow Price/Stock"; Value = "https://www.arrow.com/en/products/sru1038-6r2y/bourns"; VariantName = "[No Variations]"
Add component (AddParameter): Name = "Datasheet Link"; Value = "https://www.mouser.com/datasheet/2/54/sru1038-1391493.pdf"; VariantName = "[No Variations]"
Add component (AddParameter): Name = "Geometry.Height"; Value = "6.1mm"; VariantName = "[No Variations]"
Add component (AddParameter): Name = "Manufacturer Part Number"; Value = "SRU1038-6R2Y"; VariantName = "[No Variations]"
Add component (AddParameter): Name = "Manufacturer_Name"; Value = "Bourns"; VariantName = "[No Variations]"
Add component (AddParameter): Name = "Mouser Part Number"; Value = "652-SRU1038-6R2Y"; VariantName = "[No Variations]"
Add component (AddParameter): Name = "Mouser Price/Stock"; Value = "https://www.mouser.co.uk/ProductDetail/Bourns/SRU1038-6R2Y?qs=q9ZR8LvBB%2FuBaClm0822pQ%3D%3D"; VariantName = "[No Variations]"
Added Component: Designator=L2(Vishay_IHLP-2525CZ-FP_2_413x3_429-3D_3_0_MFG)
Add component (AddParameter): Name = "LCSC Manufacturer Part Number"; Value = "IHLP2525CZER8R2M01"; VariantName = "[No Variations]"
Add component (AddParameter): Name = "LCSC Part Number"; Value = "C506576"; VariantName = "[No Variations]"
Add component (AddParameter): Name = "Manufacturer Part Number"; Value = "IHLP2525CZER8R2M01"; VariantName = "[No Variations]"
Add component (AddParameter): Name = "Order Code"; Value = "Digi: 541-1012-2-ND"; VariantName = "[No Variations]"
Add component (AddParameter): Name = "Value"; Value = "8.2uH"; VariantName = "[No Variations]"
Added Component: Designator=MTG1(MTG-PTH-2MM)
Added Component: Designator=MTG2(MTG-PTH-2MM)
Added Component: Designator=MTG3(MTG-PTH-2MM)
Added Component: Designator=MTG4(MTG-PTH-2MM)
Added Component: Designator=Q1(SOT96P240X110-3N)
Add component (AddParameter): Name = "Arrow Part Number"; Value = "DMN6140L-7"; VariantName = "[No Variations]"
Add component (AddParameter): Name = "Arrow Price/Stock"; Value = "https://www.arrow.com/en/products/dmn6140l-7/diodes-incorporated?utm_currency=USD&region=asia"; VariantName = "[No Variations]"
Add component (AddParameter): Name = "Datasheet Link"; Value = "https://www.diodes.com//assets/Datasheets/DMN6140L.pdf"; VariantName = "[No Variations]"
Add component (AddParameter): Name = "Height"; Value = "1.1mm"; VariantName = "[No Variations]"
Add component (AddParameter): Name = "Manufacturer_Name"; Value = "Diodes Incorporated"; VariantName = "[No Variations]"
Add component (AddParameter): Name = "Manufacturer_Part_Number"; Value = "DMN6140L-7"; VariantName = "[No Variations]"
Add component (AddParameter): Name = "Mouser Part Number"; Value = "621-DMN6140L-7"; VariantName = "[No Variations]"
Add component (AddParameter): Name = "Mouser Price/Stock"; Value = "https://www.mouser.co.uk/ProductDetail/Diodes-Incorporated/DMN6140L-7?qs=M%2FOdCRO8QQ0gki98nN7lXQ%3D%3D"; VariantName = "[No Variations]"
Added Component: Designator=Q2(SOT96P240X110-3N)
Add component (AddParameter): Name = "Arrow Part Number"; Value = "DMN6140L-7"; VariantName = "[No Variations]"
Add component (AddParameter): Name = "Arrow Price/Stock"; Value = "https://www.arrow.com/en/products/dmn6140l-7/diodes-incorporated?utm_currency=USD&region=asia"; VariantName = "[No Variations]"
Add component (AddParameter): Name = "Datasheet Link"; Value = "https://www.diodes.com//assets/Datasheets/DMN6140L.pdf"; VariantName = "[No Variations]"
Add component (AddParameter): Name = "Height"; Value = "1.1mm"; VariantName = "[No Variations]"
Add component (AddParameter): Name = "Manufacturer_Name"; Value = "Diodes Incorporated"; VariantName = "[No Variations]"
Add component (AddParameter): Name = "Manufacturer_Part_Number"; Value = "DMN6140L-7"; VariantName = "[No Variations]"
Add component (AddParameter): Name = "Mouser Part Number"; Value = "621-DMN6140L-7"; VariantName = "[No Variations]"
Add component (AddParameter): Name = "Mouser Price/Stock"; Value = "https://www.mouser.co.uk/ProductDetail/Diodes-Incorporated/DMN6140L-7?qs=M%2FOdCRO8QQ0gki98nN7lXQ%3D%3D"; VariantName = "[No Variations]"
Added Component: Designator=Q3(TRANS_CSD18540Q5B)
Add component (AddParameter): Name = "Check_prices"; Value = "https://www.snapeda.com/parts/CSD18540Q5B/Texas+Instruments/view-part/?ref=eda"; VariantName = "[No Variations]"
Add component (AddParameter): Name = "MF"; Value = "Texas Instruments"; VariantName = "[No Variations]"
Add component (AddParameter): Name = "MP"; Value = "CSD18540Q5B"; VariantName = "[No Variations]"
Add component (AddParameter): Name = "Package"; Value = "VSON-CLIP-8 Texas Instruments"; VariantName = "[No Variations]"
Add component (AddParameter): Name = "SnapEDA_Link"; Value = "https://www.snapeda.com/parts/CSD18540Q5B/Texas+Instruments/view-part/?ref=snap"; VariantName = "[No Variations]"
Add component (AddParameter): Name = "Value"; Value = ""; VariantName = "[No Variations]"
Added Component: Designator=Q4(TRANS_CSD18540Q5B)
Add component (AddParameter): Name = "Check_prices"; Value = "https://www.snapeda.com/parts/CSD18540Q5B/Texas+Instruments/view-part/?ref=eda"; VariantName = "[No Variations]"
Add component (AddParameter): Name = "MF"; Value = "Texas Instruments"; VariantName = "[No Variations]"
Add component (AddParameter): Name = "MP"; Value = "CSD18540Q5B"; VariantName = "[No Variations]"
Add component (AddParameter): Name = "Package"; Value = "VSON-CLIP-8 Texas Instruments"; VariantName = "[No Variations]"
Add component (AddParameter): Name = "SnapEDA_Link"; Value = "https://www.snapeda.com/parts/CSD18540Q5B/Texas+Instruments/view-part/?ref=snap"; VariantName = "[No Variations]"
Add component (AddParameter): Name = "Value"; Value = ""; VariantName = "[No Variations]"
Added Component: Designator=Q5(BSC080N03LSG)
Add component (AddParameter): Name = "Arrow Part Number"; Value = ""; VariantName = "[No Variations]"
Add component (AddParameter): Name = "Arrow Price/Stock"; Value = ""; VariantName = "[No Variations]"
Add component (AddParameter): Name = "Datasheet Link"; Value = "https://www.infineon.com/dgdl/Infineon-BSC072N08NS5-DS-v02_00-EN.pdf?fileId=5546d4624ad04ef9014ae3d8e8192c7c"; VariantName = "[No Variations]"
Add component (AddParameter): Name = "Manufacturer_Name"; Value = "Infineon"; VariantName = "[No Variations]"
Add component (AddParameter): Name = "Manufacturer_Part_Number"; Value = "BSC072N08NS5"; VariantName = "[No Variations]"
Add component (AddParameter): Name = "Mouser Part Number"; Value = "N/A"; VariantName = "[No Variations]"
Add component (AddParameter): Name = "Mouser Price/Stock"; Value = "https://www.mouser.co.uk/ProductDetail/Infineon-Technologies/BSC072N08NS5?qs=eERmAtE5kX0PueJFVqKhsA%3D%3D"; VariantName = "[No Variations]"
Added Component: Designator=Q6(BSC080N03LSG)
Add component (AddParameter): Name = "Arrow Part Number"; Value = ""; VariantName = "[No Variations]"
Add component (AddParameter): Name = "Arrow Price/Stock"; Value = ""; VariantName = "[No Variations]"
Add component (AddParameter): Name = "Datasheet Link"; Value = "https://www.infineon.com/dgdl/Infineon-BSC072N08NS5-DS-v02_00-EN.pdf?fileId=5546d4624ad04ef9014ae3d8e8192c7c"; VariantName = "[No Variations]"
Add component (AddParameter): Name = "Manufacturer_Name"; Value = "Infineon"; VariantName = "[No Variations]"
Add component (AddParameter): Name = "Manufacturer_Part_Number"; Value = "BSC072N08NS5"; VariantName = "[No Variations]"
Add component (AddParameter): Name = "Mouser Part Number"; Value = "N/A"; VariantName = "[No Variations]"
Add component (AddParameter): Name = "Mouser Price/Stock"; Value = "https://www.mouser.co.uk/ProductDetail/Infineon-Technologies/BSC072N08NS5?qs=eERmAtE5kX0PueJFVqKhsA%3D%3D"; VariantName = "[No Variations]"
Added Component: Designator=Q7(BSC080N03LSG)
Add component (AddParameter): Name = "Arrow Part Number"; Value = ""; VariantName = "[No Variations]"
Add component (AddParameter): Name = "Arrow Price/Stock"; Value = ""; VariantName = "[No Variations]"
Add component (AddParameter): Name = "Datasheet Link"; Value = "https://www.infineon.com/dgdl/Infineon-BSC072N08NS5-DS-v02_00-EN.pdf?fileId=5546d4624ad04ef9014ae3d8e8192c7c"; VariantName = "[No Variations]"
Add component (AddParameter): Name = "Manufacturer_Name"; Value = "Infineon"; VariantName = "[No Variations]"
Add component (AddParameter): Name = "Manufacturer_Part_Number"; Value = "BSC072N08NS5"; VariantName = "[No Variations]"
Add component (AddParameter): Name = "Mouser Part Number"; Value = "N/A"; VariantName = "[No Variations]"
Add component (AddParameter): Name = "Mouser Price/Stock"; Value = "https://www.mouser.co.uk/ProductDetail/Infineon-Technologies/BSC072N08NS5?qs=eERmAtE5kX0PueJFVqKhsA%3D%3D"; VariantName = "[No Variations]"
Added Component: Designator=Q8(BSC080N03LSG)
Add component (AddParameter): Name = "Arrow Part Number"; Value = ""; VariantName = "[No Variations]"
Add component (AddParameter): Name = "Arrow Price/Stock"; Value = ""; VariantName = "[No Variations]"
Add component (AddParameter): Name = "Datasheet Link"; Value = "https://www.infineon.com/dgdl/Infineon-BSC072N08NS5-DS-v02_00-EN.pdf?fileId=5546d4624ad04ef9014ae3d8e8192c7c"; VariantName = "[No Variations]"
Add component (AddParameter): Name = "Manufacturer_Name"; Value = "Infineon"; VariantName = "[No Variations]"
Add component (AddParameter): Name = "Manufacturer_Part_Number"; Value = "BSC072N08NS5"; VariantName = "[No Variations]"
Add component (AddParameter): Name = "Mouser Part Number"; Value = "N/A"; VariantName = "[No Variations]"
Add component (AddParameter): Name = "Mouser Price/Stock"; Value = "https://www.mouser.co.uk/ProductDetail/Infineon-Technologies/BSC072N08NS5?qs=eERmAtE5kX0PueJFVqKhsA%3D%3D"; VariantName = "[No Variations]"
Added Component: Designator=Q9(BSC080N03LSG)
Add component (AddParameter): Name = "Arrow Part Number"; Value = ""; VariantName = "[No Variations]"
Add component (AddParameter): Name = "Arrow Price/Stock"; Value = ""; VariantName = "[No Variations]"
Add component (AddParameter): Name = "Datasheet Link"; Value = "https://www.infineon.com/dgdl/Infineon-BSC072N08NS5-DS-v02_00-EN.pdf?fileId=5546d4624ad04ef9014ae3d8e8192c7c"; VariantName = "[No Variations]"
Add component (AddParameter): Name = "Manufacturer_Name"; Value = "Infineon"; VariantName = "[No Variations]"
Add component (AddParameter): Name = "Manufacturer_Part_Number"; Value = "BSC072N08NS5"; VariantName = "[No Variations]"
Add component (AddParameter): Name = "Mouser Part Number"; Value = "N/A"; VariantName = "[No Variations]"
Add component (AddParameter): Name = "Mouser Price/Stock"; Value = "https://www.mouser.co.uk/ProductDetail/Infineon-Technologies/BSC072N08NS5?qs=eERmAtE5kX0PueJFVqKhsA%3D%3D"; VariantName = "[No Variations]"
Added Component: Designator=Q10(BSC080N03LSG)
Add component (AddParameter): Name = "Arrow Part Number"; Value = ""; VariantName = "[No Variations]"
Add component (AddParameter): Name = "Arrow Price/Stock"; Value = ""; VariantName = "[No Variations]"
Add component (AddParameter): Name = "Datasheet Link"; Value = "https://www.infineon.com/dgdl/Infineon-BSC072N08NS5-DS-v02_00-EN.pdf?fileId=5546d4624ad04ef9014ae3d8e8192c7c"; VariantName = "[No Variations]"
Add component (AddParameter): Name = "Manufacturer_Name"; Value = "Infineon"; VariantName = "[No Variations]"
Add component (AddParameter): Name = "Manufacturer_Part_Number"; Value = "BSC072N08NS5"; VariantName = "[No Variations]"
Add component (AddParameter): Name = "Mouser Part Number"; Value = "N/A"; VariantName = "[No Variations]"
Add component (AddParameter): Name = "Mouser Price/Stock"; Value = "https://www.mouser.co.uk/ProductDetail/Infineon-Technologies/BSC072N08NS5?qs=eERmAtE5kX0PueJFVqKhsA%3D%3D"; VariantName = "[No Variations]"
Added Component: Designator=Q11(BSC080N03LSG)
Add component (AddParameter): Name = "Arrow Part Number"; Value = ""; VariantName = "[No Variations]"
Add component (AddParameter): Name = "Arrow Price/Stock"; Value = ""; VariantName = "[No Variations]"
Add component (AddParameter): Name = "Datasheet Link"; Value = "https://www.infineon.com/dgdl/Infineon-BSC072N08NS5-DS-v02_00-EN.pdf?fileId=5546d4624ad04ef9014ae3d8e8192c7c"; VariantName = "[No Variations]"
Add component (AddParameter): Name = "Manufacturer_Name"; Value = "Infineon"; VariantName = "[No Variations]"
Add component (AddParameter): Name = "Manufacturer_Part_Number"; Value = "BSC072N08NS5"; VariantName = "[No Variations]"
Add component (AddParameter): Name = "Mouser Part Number"; Value = "N/A"; VariantName = "[No Variations]"
Add component (AddParameter): Name = "Mouser Price/Stock"; Value = "https://www.mouser.co.uk/ProductDetail/Infineon-Technologies/BSC072N08NS5?qs=eERmAtE5kX0PueJFVqKhsA%3D%3D"; VariantName = "[No Variations]"
Added Component: Designator=Q12(BSC080N03LSG)
Add component (AddParameter): Name = "Arrow Part Number"; Value = ""; VariantName = "[No Variations]"
Add component (AddParameter): Name = "Arrow Price/Stock"; Value = ""; VariantName = "[No Variations]"
Add component (AddParameter): Name = "Datasheet Link"; Value = "https://www.infineon.com/dgdl/Infineon-BSC072N08NS5-DS-v02_00-EN.pdf?fileId=5546d4624ad04ef9014ae3d8e8192c7c"; VariantName = "[No Variations]"
Add component (AddParameter): Name = "Manufacturer_Name"; Value = "Infineon"; VariantName = "[No Variations]"
Add component (AddParameter): Name = "Manufacturer_Part_Number"; Value = "BSC072N08NS5"; VariantName = "[No Variations]"
Add component (AddParameter): Name = "Mouser Part Number"; Value = "N/A"; VariantName = "[No Variations]"
Add component (AddParameter): Name = "Mouser Price/Stock"; Value = "https://www.mouser.co.uk/ProductDetail/Infineon-Technologies/BSC072N08NS5?qs=eERmAtE5kX0PueJFVqKhsA%3D%3D"; VariantName = "[No Variations]"
Added Component: Designator=R1(0805)
Added Component: Designator=R2(0805)
Added Component: Designator=R3(0805)
Added Component: Designator=R4(0805)
Added Component: Designator=R5(0805)
Added Component: Designator=R6(RES 0402_1005)
Add component (AddParameter): Name = "ComponentLink1Description"; Value = "Datasheet"; VariantName = "[No Variations]"
Add component (AddParameter): Name = "ComponentLink1URL"; Value = "https://www.seielect.com/catalog/sei-rmcf_rmcp.pdf"; VariantName = "[No Variations]"
Add component (AddParameter): Name = "ComponentLink2Description"; Value = "DigiKey Link"; VariantName = "[No Variations]"
Add component (AddParameter): Name = "ComponentLink2URL"; Value = "https://www.digikey.com/en/products/detail/stackpole-electronics-inc/RMCF0402FT10K0/1761433"; VariantName = "[No Variations]"
Add component (AddParameter): Name = "Composition"; Value = "Thick Film"; VariantName = "[No Variations]"
Add component (AddParameter): Name = "Device Package"; Value = "0402 (1005 Metric)"; VariantName = "[No Variations]"
Add component (AddParameter): Name = "Features"; Value = "Automotive AEC-Q200"; VariantName = "[No Variations]"
Add component (AddParameter): Name = "Height - Seated (Max)"; Value = "0.016" (0.40mm)"; VariantName = "[No Variations]"
Add component (AddParameter): Name = "LastUpdated"; Value = "9.02.2024 20:29:20"; VariantName = "[No Variations]"
Add component (AddParameter): Name = "Lifecycle Status"; Value = "Active"; VariantName = "[No Variations]"
Add component (AddParameter): Name = "Manufacturer"; Value = "Stackpole Electronics Inc"; VariantName = "[No Variations]"
Add component (AddParameter): Name = "Minimum Order"; Value = "1"; VariantName = "[No Variations]"
Add component (AddParameter): Name = "Number of Terminations"; Value = "2"; VariantName = "[No Variations]"
Add component (AddParameter): Name = "Operating Temperature"; Value = "-55°C ~ 155°C"; VariantName = "[No Variations]"
Add component (AddParameter): Name = "Package / Case"; Value = "0402 (1005 Metric)"; VariantName = "[No Variations]"
Add component (AddParameter): Name = "Packaging"; Value = "CutTape"; VariantName = "[No Variations]"
Add component (AddParameter): Name = "Part Number"; Value = "RMCF0402FT10K0"; VariantName = "[No Variations]"
Add component (AddParameter): Name = "Part Status"; Value = "Active"; VariantName = "[No Variations]"
Add component (AddParameter): Name = "PartId"; Value = "20541"; VariantName = "[No Variations]"
Add component (AddParameter): Name = "Power (Watts)"; Value = "0.063W, 1/16W"; VariantName = "[No Variations]"
Add component (AddParameter): Name = "Price"; Value = "0.01"; VariantName = "[No Variations]"
Add component (AddParameter): Name = "Ratings"; Value = "AEC-Q200"; VariantName = "[No Variations]"
Add component (AddParameter): Name = "Resistance"; Value = "10 kOhms"; VariantName = "[No Variations]"
Add component (AddParameter): Name = "Series"; Value = "RMCF"; VariantName = "[No Variations]"
Add component (AddParameter): Name = "Size / Dimension"; Value = "0.039" L x 0.020" W (1.00mm x 0.50mm)"; VariantName = "[No Variations]"
Add component (AddParameter): Name = "Supplier 1"; Value = "DigiKey"; VariantName = "[No Variations]"
Add component (AddParameter): Name = "Supplier Device Package"; Value = "0402"; VariantName = "[No Variations]"
Add component (AddParameter): Name = "Supplier Part Number 1"; Value = "RMCF0402FT10K0CT-ND"; VariantName = "[No Variations]"
Add component (AddParameter): Name = "Temperature Coefficient"; Value = "±100ppm/°C"; VariantName = "[No Variations]"
Add component (AddParameter): Name = "Tolerance"; Value = "±1%"; VariantName = "[No Variations]"
Add component (AddParameter): Name = "Value"; Value = "10 kOhms"; VariantName = "[No Variations]"
Added Component: Designator=R7(RES 0402_1005)
Add component (AddParameter): Name = "ComponentLink1Description"; Value = "Datasheet"; VariantName = "[No Variations]"
Add component (AddParameter): Name = "ComponentLink1URL"; Value = "https://www.seielect.com/catalog/sei-rmcf_rmcp.pdf"; VariantName = "[No Variations]"
Add component (AddParameter): Name = "ComponentLink2Description"; Value = "DigiKey Link"; VariantName = "[No Variations]"
Add component (AddParameter): Name = "ComponentLink2URL"; Value = "https://www.digikey.com/en/products/detail/stackpole-electronics-inc/RMCF0402FT10K0/1761433"; VariantName = "[No Variations]"
Add component (AddParameter): Name = "Composition"; Value = "Thick Film"; VariantName = "[No Variations]"
Add component (AddParameter): Name = "Device Package"; Value = "0402 (1005 Metric)"; VariantName = "[No Variations]"
Add component (AddParameter): Name = "Features"; Value = "Automotive AEC-Q200"; VariantName = "[No Variations]"
Add component (AddParameter): Name = "Height - Seated (Max)"; Value = "0.016" (0.40mm)"; VariantName = "[No Variations]"
Add component (AddParameter): Name = "LastUpdated"; Value = "9.02.2024 20:29:20"; VariantName = "[No Variations]"
Add component (AddParameter): Name = "Lifecycle Status"; Value = "Active"; VariantName = "[No Variations]"
Add component (AddParameter): Name = "Manufacturer"; Value = "Stackpole Electronics Inc"; VariantName = "[No Variations]"
Add component (AddParameter): Name = "Minimum Order"; Value = "1"; VariantName = "[No Variations]"
Add component (AddParameter): Name = "Number of Terminations"; Value = "2"; VariantName = "[No Variations]"
Add component (AddParameter): Name = "Operating Temperature"; Value = "-55°C ~ 155°C"; VariantName = "[No Variations]"
Add component (AddParameter): Name = "Package / Case"; Value = "0402 (1005 Metric)"; VariantName = "[No Variations]"
Add component (AddParameter): Name = "Packaging"; Value = "CutTape"; VariantName = "[No Variations]"
Add component (AddParameter): Name = "Part Number"; Value = "RMCF0402FT10K0"; VariantName = "[No Variations]"
Add component (AddParameter): Name = "Part Status"; Value = "Active"; VariantName = "[No Variations]"
Add component (AddParameter): Name = "PartId"; Value = "20541"; VariantName = "[No Variations]"
Add component (AddParameter): Name = "Power (Watts)"; Value = "0.063W, 1/16W"; VariantName = "[No Variations]"
Add component (AddParameter): Name = "Price"; Value = "0.01"; VariantName = "[No Variations]"
Add component (AddParameter): Name = "Ratings"; Value = "AEC-Q200"; VariantName = "[No Variations]"
Add component (AddParameter): Name = "Resistance"; Value = "10 kOhms"; VariantName = "[No Variations]"
Add component (AddParameter): Name = "Series"; Value = "RMCF"; VariantName = "[No Variations]"
Add component (AddParameter): Name = "Size / Dimension"; Value = "0.039" L x 0.020" W (1.00mm x 0.50mm)"; VariantName = "[No Variations]"
Add component (AddParameter): Name = "Supplier 1"; Value = "DigiKey"; VariantName = "[No Variations]"
Add component (AddParameter): Name = "Supplier Device Package"; Value = "0402"; VariantName = "[No Variations]"
Add component (AddParameter): Name = "Supplier Part Number 1"; Value = "RMCF0402FT10K0CT-ND"; VariantName = "[No Variations]"
Add component (AddParameter): Name = "Temperature Coefficient"; Value = "±100ppm/°C"; VariantName = "[No Variations]"
Add component (AddParameter): Name = "Tolerance"; Value = "±1%"; VariantName = "[No Variations]"
Add component (AddParameter): Name = "Value"; Value = "10 kOhms"; VariantName = "[No Variations]"
Added Component: Designator=R8(RES 0402_1005)
Add component (AddParameter): Name = "ComponentLink1Description"; Value = "Datasheet"; VariantName = "[No Variations]"
Add component (AddParameter): Name = "ComponentLink1URL"; Value = "https://www.seielect.com/catalog/sei-rmcf_rmcp.pdf"; VariantName = "[No Variations]"
Add component (AddParameter): Name = "ComponentLink2Description"; Value = "DigiKey Link"; VariantName = "[No Variations]"
Add component (AddParameter): Name = "ComponentLink2URL"; Value = "https://www.digikey.com/en/products/detail/stackpole-electronics-inc/RMCF0402FT10K0/1761433"; VariantName = "[No Variations]"
Add component (AddParameter): Name = "Composition"; Value = "Thick Film"; VariantName = "[No Variations]"
Add component (AddParameter): Name = "Device Package"; Value = "0402 (1005 Metric)"; VariantName = "[No Variations]"
Add component (AddParameter): Name = "Features"; Value = "Automotive AEC-Q200"; VariantName = "[No Variations]"
Add component (AddParameter): Name = "Height - Seated (Max)"; Value = "0.016" (0.40mm)"; VariantName = "[No Variations]"
Add component (AddParameter): Name = "LastUpdated"; Value = "9.02.2024 20:29:20"; VariantName = "[No Variations]"
Add component (AddParameter): Name = "Lifecycle Status"; Value = "Active"; VariantName = "[No Variations]"
Add component (AddParameter): Name = "Manufacturer"; Value = "Stackpole Electronics Inc"; VariantName = "[No Variations]"
Add component (AddParameter): Name = "Minimum Order"; Value = "1"; VariantName = "[No Variations]"
Add component (AddParameter): Name = "Number of Terminations"; Value = "2"; VariantName = "[No Variations]"
Add component (AddParameter): Name = "Operating Temperature"; Value = "-55°C ~ 155°C"; VariantName = "[No Variations]"
Add component (AddParameter): Name = "Package / Case"; Value = "0402 (1005 Metric)"; VariantName = "[No Variations]"
Add component (AddParameter): Name = "Packaging"; Value = "CutTape"; VariantName = "[No Variations]"
Add component (AddParameter): Name = "Part Number"; Value = "RMCF0402FT10K0"; VariantName = "[No Variations]"
Add component (AddParameter): Name = "Part Status"; Value = "Active"; VariantName = "[No Variations]"
Add component (AddParameter): Name = "PartId"; Value = "20541"; VariantName = "[No Variations]"
Add component (AddParameter): Name = "Power (Watts)"; Value = "0.063W, 1/16W"; VariantName = "[No Variations]"
Add component (AddParameter): Name = "Price"; Value = "0.01"; VariantName = "[No Variations]"
Add component (AddParameter): Name = "Ratings"; Value = "AEC-Q200"; VariantName = "[No Variations]"
Add component (AddParameter): Name = "Resistance"; Value = "10 kOhms"; VariantName = "[No Variations]"
Add component (AddParameter): Name = "Series"; Value = "RMCF"; VariantName = "[No Variations]"
Add component (AddParameter): Name = "Size / Dimension"; Value = "0.039" L x 0.020" W (1.00mm x 0.50mm)"; VariantName = "[No Variations]"
Add component (AddParameter): Name = "Supplier 1"; Value = "DigiKey"; VariantName = "[No Variations]"
Add component (AddParameter): Name = "Supplier Device Package"; Value = "0402"; VariantName = "[No Variations]"
Add component (AddParameter): Name = "Supplier Part Number 1"; Value = "RMCF0402FT10K0CT-ND"; VariantName = "[No Variations]"
Add component (AddParameter): Name = "Temperature Coefficient"; Value = "±100ppm/°C"; VariantName = "[No Variations]"
Add component (AddParameter): Name = "Tolerance"; Value = "±1%"; VariantName = "[No Variations]"
Add component (AddParameter): Name = "Value"; Value = "10 kOhms"; VariantName = "[No Variations]"
Added Component: Designator=R9(RES 0402_1005)
Add component (AddParameter): Name = "ComponentLink1Description"; Value = "Datasheet"; VariantName = "[No Variations]"
Add component (AddParameter): Name = "ComponentLink1URL"; Value = "https://www.seielect.com/catalog/sei-rmcf_rmcp.pdf"; VariantName = "[No Variations]"
Add component (AddParameter): Name = "ComponentLink2Description"; Value = "DigiKey Link"; VariantName = "[No Variations]"
Add component (AddParameter): Name = "ComponentLink2URL"; Value = "https://www.digikey.com/en/products/detail/stackpole-electronics-inc/RMCF0402FT10K0/1761433"; VariantName = "[No Variations]"
Add component (AddParameter): Name = "Composition"; Value = "Thick Film"; VariantName = "[No Variations]"
Add component (AddParameter): Name = "Device Package"; Value = "0402 (1005 Metric)"; VariantName = "[No Variations]"
Add component (AddParameter): Name = "Features"; Value = "Automotive AEC-Q200"; VariantName = "[No Variations]"
Add component (AddParameter): Name = "Height - Seated (Max)"; Value = "0.016" (0.40mm)"; VariantName = "[No Variations]"
Add component (AddParameter): Name = "LastUpdated"; Value = "9.02.2024 20:29:20"; VariantName = "[No Variations]"
Add component (AddParameter): Name = "Lifecycle Status"; Value = "Active"; VariantName = "[No Variations]"
Add component (AddParameter): Name = "Manufacturer"; Value = "Stackpole Electronics Inc"; VariantName = "[No Variations]"
Add component (AddParameter): Name = "Minimum Order"; Value = "1"; VariantName = "[No Variations]"
Add component (AddParameter): Name = "Number of Terminations"; Value = "2"; VariantName = "[No Variations]"
Add component (AddParameter): Name = "Operating Temperature"; Value = "-55°C ~ 155°C"; VariantName = "[No Variations]"
Add component (AddParameter): Name = "Package / Case"; Value = "0402 (1005 Metric)"; VariantName = "[No Variations]"
Add component (AddParameter): Name = "Packaging"; Value = "CutTape"; VariantName = "[No Variations]"
Add component (AddParameter): Name = "Part Number"; Value = "RMCF0402FT10K0"; VariantName = "[No Variations]"
Add component (AddParameter): Name = "Part Status"; Value = "Active"; VariantName = "[No Variations]"
Add component (AddParameter): Name = "PartId"; Value = "20541"; VariantName = "[No Variations]"
Add component (AddParameter): Name = "Power (Watts)"; Value = "0.063W, 1/16W"; VariantName = "[No Variations]"
Add component (AddParameter): Name = "Price"; Value = "0.01"; VariantName = "[No Variations]"
Add component (AddParameter): Name = "Ratings"; Value = "AEC-Q200"; VariantName = "[No Variations]"
Add component (AddParameter): Name = "Resistance"; Value = "10 kOhms"; VariantName = "[No Variations]"
Add component (AddParameter): Name = "Series"; Value = "RMCF"; VariantName = "[No Variations]"
Add component (AddParameter): Name = "Size / Dimension"; Value = "0.039" L x 0.020" W (1.00mm x 0.50mm)"; VariantName = "[No Variations]"
Add component (AddParameter): Name = "Supplier 1"; Value = "DigiKey"; VariantName = "[No Variations]"
Add component (AddParameter): Name = "Supplier Device Package"; Value = "0402"; VariantName = "[No Variations]"
Add component (AddParameter): Name = "Supplier Part Number 1"; Value = "RMCF0402FT10K0CT-ND"; VariantName = "[No Variations]"
Add component (AddParameter): Name = "Temperature Coefficient"; Value = "±100ppm/°C"; VariantName = "[No Variations]"
Add component (AddParameter): Name = "Tolerance"; Value = "±1%"; VariantName = "[No Variations]"
Add component (AddParameter): Name = "Value"; Value = "10 kOhms"; VariantName = "[No Variations]"
Added Component: Designator=R10(RES 0402_1005)
Add component (AddParameter): Name = "ComponentLink1Description"; Value = "Datasheet"; VariantName = "[No Variations]"
Add component (AddParameter): Name = "ComponentLink1URL"; Value = "https://www.seielect.com/catalog/sei-rmcf_rmcp.pdf"; VariantName = "[No Variations]"
Add component (AddParameter): Name = "ComponentLink2Description"; Value = "DigiKey Link"; VariantName = "[No Variations]"
Add component (AddParameter): Name = "ComponentLink2URL"; Value = "https://www.digikey.com/en/products/detail/stackpole-electronics-inc/RMCF0402ZT0R00/1756905"; VariantName = "[No Variations]"
Add component (AddParameter): Name = "Composition"; Value = "Thick Film"; VariantName = "[No Variations]"
Add component (AddParameter): Name = "Device Package"; Value = "0402 (1005 Metric)"; VariantName = "[No Variations]"
Add component (AddParameter): Name = "Features"; Value = "Automotive AEC-Q200"; VariantName = "[No Variations]"
Add component (AddParameter): Name = "Height - Seated (Max)"; Value = "0.016" (0.40mm)"; VariantName = "[No Variations]"
Add component (AddParameter): Name = "LastUpdated"; Value = "9.02.2024 20:29:34"; VariantName = "[No Variations]"
Add component (AddParameter): Name = "Lifecycle Status"; Value = "Active"; VariantName = "[No Variations]"
Add component (AddParameter): Name = "Manufacturer"; Value = "Stackpole Electronics Inc"; VariantName = "[No Variations]"
Add component (AddParameter): Name = "Minimum Order"; Value = "1"; VariantName = "[No Variations]"
Add component (AddParameter): Name = "Number of Terminations"; Value = "2"; VariantName = "[No Variations]"
Add component (AddParameter): Name = "Operating Temperature"; Value = "-55°C ~ 155°C"; VariantName = "[No Variations]"
Add component (AddParameter): Name = "Package / Case"; Value = "0402 (1005 Metric)"; VariantName = "[No Variations]"
Add component (AddParameter): Name = "Packaging"; Value = "CutTape"; VariantName = "[No Variations]"
Add component (AddParameter): Name = "Part Number"; Value = "RMCF0402ZT0R00"; VariantName = "[No Variations]"
Add component (AddParameter): Name = "Part Status"; Value = "Active"; VariantName = "[No Variations]"
Add component (AddParameter): Name = "PartId"; Value = "17627"; VariantName = "[No Variations]"
Add component (AddParameter): Name = "Power (Watts)"; Value = "0.063W, 1/16W"; VariantName = "[No Variations]"
Add component (AddParameter): Name = "Price"; Value = "0.01"; VariantName = "[No Variations]"
Add component (AddParameter): Name = "Ratings"; Value = "AEC-Q200"; VariantName = "[No Variations]"
Add component (AddParameter): Name = "Resistance"; Value = "0 Ohms"; VariantName = "[No Variations]"
Add component (AddParameter): Name = "Series"; Value = "RMCF"; VariantName = "[No Variations]"
Add component (AddParameter): Name = "Size / Dimension"; Value = "0.039" L x 0.020" W (1.00mm x 0.50mm)"; VariantName = "[No Variations]"
Add component (AddParameter): Name = "Supplier 1"; Value = "DigiKey"; VariantName = "[No Variations]"
Add component (AddParameter): Name = "Supplier Device Package"; Value = "0402"; VariantName = "[No Variations]"
Add component (AddParameter): Name = "Supplier Part Number 1"; Value = "RMCF0402ZT0R00CT-ND"; VariantName = "[No Variations]"
Add component (AddParameter): Name = "Tolerance"; Value = "Jumper"; VariantName = "[No Variations]"
Add component (AddParameter): Name = "Value"; Value = "0 Ohms"; VariantName = "[No Variations]"
Added Component: Designator=R11(RES 0402_1005)
Add component (AddParameter): Name = "ComponentLink1Description"; Value = "Datasheet"; VariantName = "[No Variations]"
Add component (AddParameter): Name = "ComponentLink1URL"; Value = "https://www.seielect.com/catalog/sei-rmcf_rmcp.pdf"; VariantName = "[No Variations]"
Add component (AddParameter): Name = "ComponentLink2Description"; Value = "DigiKey Link"; VariantName = "[No Variations]"
Add component (AddParameter): Name = "ComponentLink2URL"; Value = "https://www.digikey.com/en/products/detail/stackpole-electronics-inc/RMCF0402FT1K00/1761754"; VariantName = "[No Variations]"
Add component (AddParameter): Name = "Composition"; Value = "Thick Film"; VariantName = "[No Variations]"
Add component (AddParameter): Name = "Device Package"; Value = "0402 (1005 Metric)"; VariantName = "[No Variations]"
Add component (AddParameter): Name = "Features"; Value = "Automotive AEC-Q200"; VariantName = "[No Variations]"
Add component (AddParameter): Name = "Height - Seated (Max)"; Value = "0.016" (0.40mm)"; VariantName = "[No Variations]"
Add component (AddParameter): Name = "LastUpdated"; Value = "9.02.2024 20:29:20"; VariantName = "[No Variations]"
Add component (AddParameter): Name = "Lifecycle Status"; Value = "Active"; VariantName = "[No Variations]"
Add component (AddParameter): Name = "Manufacturer"; Value = "Stackpole Electronics Inc"; VariantName = "[No Variations]"
Add component (AddParameter): Name = "Minimum Order"; Value = "1"; VariantName = "[No Variations]"
Add component (AddParameter): Name = "Number of Terminations"; Value = "2"; VariantName = "[No Variations]"
Add component (AddParameter): Name = "Operating Temperature"; Value = "-55°C ~ 155°C"; VariantName = "[No Variations]"
Add component (AddParameter): Name = "Package / Case"; Value = "0402 (1005 Metric)"; VariantName = "[No Variations]"
Add component (AddParameter): Name = "Packaging"; Value = "CutTape"; VariantName = "[No Variations]"
Add component (AddParameter): Name = "Part Number"; Value = "RMCF0402FT1K00"; VariantName = "[No Variations]"
Add component (AddParameter): Name = "Part Status"; Value = "Active"; VariantName = "[No Variations]"
Add component (AddParameter): Name = "PartId"; Value = "20544"; VariantName = "[No Variations]"
Add component (AddParameter): Name = "Power (Watts)"; Value = "0.063W, 1/16W"; VariantName = "[No Variations]"
Add component (AddParameter): Name = "Price"; Value = "0.01"; VariantName = "[No Variations]"
Add component (AddParameter): Name = "Ratings"; Value = "AEC-Q200"; VariantName = "[No Variations]"
Add component (AddParameter): Name = "Resistance"; Value = "1 kOhms"; VariantName = "[No Variations]"
Add component (AddParameter): Name = "Series"; Value = "RMCF"; VariantName = "[No Variations]"
Add component (AddParameter): Name = "Size / Dimension"; Value = "0.039" L x 0.020" W (1.00mm x 0.50mm)"; VariantName = "[No Variations]"
Add component (AddParameter): Name = "Supplier 1"; Value = "DigiKey"; VariantName = "[No Variations]"
Add component (AddParameter): Name = "Supplier Device Package"; Value = "0402"; VariantName = "[No Variations]"
Add component (AddParameter): Name = "Supplier Part Number 1"; Value = "RMCF0402FT1K00CT-ND"; VariantName = "[No Variations]"
Add component (AddParameter): Name = "Temperature Coefficient"; Value = "±100ppm/°C"; VariantName = "[No Variations]"
Add component (AddParameter): Name = "Tolerance"; Value = "±1%"; VariantName = "[No Variations]"
Add component (AddParameter): Name = "Value"; Value = "1 kOhms"; VariantName = "[No Variations]"
Added Component: Designator=R12(RES 0402_1005)
Add component (AddParameter): Name = "ComponentLink1Description"; Value = "Datasheet"; VariantName = "[No Variations]"
Add component (AddParameter): Name = "ComponentLink1URL"; Value = "https://www.seielect.com/catalog/sei-rmcf_rmcp.pdf"; VariantName = "[No Variations]"
Add component (AddParameter): Name = "ComponentLink2Description"; Value = "DigiKey Link"; VariantName = "[No Variations]"
Add component (AddParameter): Name = "ComponentLink2URL"; Value = "https://www.digikey.com/en/products/detail/stackpole-electronics-inc/RMCF0402FT1K00/1761754"; VariantName = "[No Variations]"
Add component (AddParameter): Name = "Composition"; Value = "Thick Film"; VariantName = "[No Variations]"
Add component (AddParameter): Name = "Device Package"; Value = "0402 (1005 Metric)"; VariantName = "[No Variations]"
Add component (AddParameter): Name = "Features"; Value = "Automotive AEC-Q200"; VariantName = "[No Variations]"
Add component (AddParameter): Name = "Height - Seated (Max)"; Value = "0.016" (0.40mm)"; VariantName = "[No Variations]"
Add component (AddParameter): Name = "LastUpdated"; Value = "9.02.2024 20:29:20"; VariantName = "[No Variations]"
Add component (AddParameter): Name = "Lifecycle Status"; Value = "Active"; VariantName = "[No Variations]"
Add component (AddParameter): Name = "Manufacturer"; Value = "Stackpole Electronics Inc"; VariantName = "[No Variations]"
Add component (AddParameter): Name = "Minimum Order"; Value = "1"; VariantName = "[No Variations]"
Add component (AddParameter): Name = "Number of Terminations"; Value = "2"; VariantName = "[No Variations]"
Add component (AddParameter): Name = "Operating Temperature"; Value = "-55°C ~ 155°C"; VariantName = "[No Variations]"
Add component (AddParameter): Name = "Package / Case"; Value = "0402 (1005 Metric)"; VariantName = "[No Variations]"
Add component (AddParameter): Name = "Packaging"; Value = "CutTape"; VariantName = "[No Variations]"
Add component (AddParameter): Name = "Part Number"; Value = "RMCF0402FT1K00"; VariantName = "[No Variations]"
Add component (AddParameter): Name = "Part Status"; Value = "Active"; VariantName = "[No Variations]"
Add component (AddParameter): Name = "PartId"; Value = "20544"; VariantName = "[No Variations]"
Add component (AddParameter): Name = "Power (Watts)"; Value = "0.063W, 1/16W"; VariantName = "[No Variations]"
Add component (AddParameter): Name = "Price"; Value = "0.01"; VariantName = "[No Variations]"
Add component (AddParameter): Name = "Ratings"; Value = "AEC-Q200"; VariantName = "[No Variations]"
Add component (AddParameter): Name = "Resistance"; Value = "1 kOhms"; VariantName = "[No Variations]"
Add component (AddParameter): Name = "Series"; Value = "RMCF"; VariantName = "[No Variations]"
Add component (AddParameter): Name = "Size / Dimension"; Value = "0.039" L x 0.020" W (1.00mm x 0.50mm)"; VariantName = "[No Variations]"
Add component (AddParameter): Name = "Supplier 1"; Value = "DigiKey"; VariantName = "[No Variations]"
Add component (AddParameter): Name = "Supplier Device Package"; Value = "0402"; VariantName = "[No Variations]"
Add component (AddParameter): Name = "Supplier Part Number 1"; Value = "RMCF0402FT1K00CT-ND"; VariantName = "[No Variations]"
Add component (AddParameter): Name = "Temperature Coefficient"; Value = "±100ppm/°C"; VariantName = "[No Variations]"
Add component (AddParameter): Name = "Tolerance"; Value = "±1%"; VariantName = "[No Variations]"
Add component (AddParameter): Name = "Value"; Value = "1 kOhms"; VariantName = "[No Variations]"
Added Component: Designator=R13(RES_0402)
Add component (AddParameter): Name = "ManIfacturer"; Value = "Stackpole Electronics Inc"; VariantName = "[No Variations]"
Add component (AddParameter): Name = "Supplier"; Value = "Digi; RMCF0402FT56R0DKR-ND"; VariantName = "[No Variations]"
Added Component: Designator=R14(RES_0402)
Add component (AddParameter): Name = "ManIfacturer"; Value = "Stackpole Electronics Inc"; VariantName = "[No Variations]"
Add component (AddParameter): Name = "Supplier"; Value = "Digi; RMCF0402FT56R0DKR-ND"; VariantName = "[No Variations]"
Added Component: Designator=R15(RES_0402)
Add component (AddParameter): Name = "Manifacturer"; Value = "Stackpole Electronics Inc"; VariantName = "[No Variations]"
Add component (AddParameter): Name = "Supplier"; Value = "Digi; RMCF0402FT330RDKR-ND"; VariantName = "[No Variations]"
Added Component: Designator=R16(0805)
Added Component: Designator=R17(0805)
Added Component: Designator=R18(0805)
Added Component: Designator=R19(0805)
Added Component: Designator=R20(0805)
Added Component: Designator=R21(0805)
Added Component: Designator=R22(0805)
Added Component: Designator=R23(0805)
Added Component: Designator=R24(RESC0603X03L_C)
Add component (AddParameter): Name = "Manufacturer"; Value = "Vishay Dale"; VariantName = "[No Variations]"
Add component (AddParameter): Name = "Supplier"; Value = "Digi; 541-3906-6-ND"; VariantName = "[No Variations]"
Added Component: Designator=R25(RES_0402)
Add component (AddParameter): Name = "Case Code (Imperial)"; Value = "0402"; VariantName = "[No Variations]"
Add component (AddParameter): Name = "Case/Package"; Value = "0402"; VariantName = "[No Variations]"
Add component (AddParameter): Name = "Category"; Value = "Chip SMD Resistors"; VariantName = "[No Variations]"
Add component (AddParameter): Name = "China RoHS"; Value = "Non-Compliant"; VariantName = "[No Variations]"
Add component (AddParameter): Name = "Composition"; Value = "Thin Film"; VariantName = "[No Variations]"
Add component (AddParameter): Name = "Contact Plating"; Value = "Lead, Tin"; VariantName = "[No Variations]"
Add component (AddParameter): Name = "Country of Origin"; Value = "Mainland China"; VariantName = "[No Variations]"
Add component (AddParameter): Name = "Export Control Classification Number (ECCN) Code"; Value = "EAR99"; VariantName = "[No Variations]"
Add component (AddParameter): Name = "Features"; Value = "Moisture Resistant"; VariantName = "[No Variations]"
Add component (AddParameter): Name = "Harmonized Tariff Schedule (HTS) Code"; Value = "8533.21.00.30"; VariantName = "[No Variations]"
Add component (AddParameter): Name = "Height"; Value = "300µm"; VariantName = "[No Variations]"
Add component (AddParameter): Name = "Introduction Date"; Value = "2008-06-09"; VariantName = "[No Variations]"
Add component (AddParameter): Name = "Lead Free"; Value = "Lead Free"; VariantName = "[No Variations]"
Add component (AddParameter): Name = "Length"; Value = "1mm"; VariantName = "[No Variations]"
Add component (AddParameter): Name = "Lifecycle Status"; Value = "Production"; VariantName = "[No Variations]"
Add component (AddParameter): Name = "Manufacturer"; Value = "Yageo Group"; VariantName = "[No Variations]"
Add component (AddParameter): Name = "Manufacturer Part Number"; Value = "RT0402FRE074K7L"; VariantName = "[No Variations]"
Add component (AddParameter): Name = "Max Operating Temperature"; Value = "155°C"; VariantName = "[No Variations]"
Add component (AddParameter): Name = "Max Power Dissipation"; Value = "63mW"; VariantName = "[No Variations]"
Add component (AddParameter): Name = "Min Operating Temperature"; Value = "-55°C"; VariantName = "[No Variations]"
Add component (AddParameter): Name = "Mounting Technology"; Value = "Surface Mount"; VariantName = "[No Variations]"
Add component (AddParameter): Name = "Number of Terminals"; Value = "2"; VariantName = "[No Variations]"
Add component (AddParameter): Name = "Number of Terminations"; Value = "2"; VariantName = "[No Variations]"
Add component (AddParameter): Name = "Power Rating"; Value = "62.5mW"; VariantName = "[No Variations]"
Add component (AddParameter): Name = "Radiation Hardening"; Value = "No"; VariantName = "[No Variations]"
Add component (AddParameter): Name = "REACH SVHC"; Value = "Yes"; VariantName = "[No Variations]"
Add component (AddParameter): Name = "RoHS"; Value = "Compliant"; VariantName = "[No Variations]"
Add component (AddParameter): Name = "Schedule B"; Value = "8533210045, 8533210045|8533210045, 8533210045|8533210045|8533210045, 8533210045|8533210045|8533210045|8533210045"; VariantName = "[No Variations]"
Add component (AddParameter): Name = "Temperature Coefficient"; Value = "50ppm/°C"; VariantName = "[No Variations]"
Add component (AddParameter): Name = "Termination"; Value = "SMD/SMT"; VariantName = "[No Variations]"
Add component (AddParameter): Name = "Tolerance"; Value = "1%"; VariantName = "[No Variations]"
Add component (AddParameter): Name = "Value"; Value = "4.7kOhms"; VariantName = "[No Variations]"
Add component (AddParameter): Name = "Voltage Rating"; Value = "50V"; VariantName = "[No Variations]"
Add component (AddParameter): Name = "Voltage Rating (DC)"; Value = "50V"; VariantName = "[No Variations]"
Add component (AddParameter): Name = "Width"; Value = "500µm"; VariantName = "[No Variations]"
Add component (AddParameter): Name = "Working Voltage"; Value = "50V"; VariantName = "[No Variations]"
Added Component: Designator=R26(RESC0603X03L_C)
Add component (AddParameter): Name = "Case Code (Metric)"; Value = "1608"; VariantName = "[No Variations]"
Add component (AddParameter): Name = "Case/Package"; Value = "0603"; VariantName = "[No Variations]"
Add component (AddParameter): Name = "Category"; Value = "Chip SMD Resistors"; VariantName = "[No Variations]"
Add component (AddParameter): Name = "China RoHS"; Value = "Compliant"; VariantName = "[No Variations]"
Add component (AddParameter): Name = "Composition"; Value = "Thin Film"; VariantName = "[No Variations]"
Add component (AddParameter): Name = "Depth"; Value = "800µm"; VariantName = "[No Variations]"
Add component (AddParameter): Name = "ELV"; Value = "Compliant"; VariantName = "[No Variations]"
Add component (AddParameter): Name = "Export Control Classification Number (ECCN) Code"; Value = "EAR99"; VariantName = "[No Variations]"
Add component (AddParameter): Name = "Harmonized Tariff Schedule (HTS) Code"; Value = "8533.21.00.30"; VariantName = "[No Variations]"
Add component (AddParameter): Name = "Height"; Value = "450µm"; VariantName = "[No Variations]"
Add component (AddParameter): Name = "Introduction Date"; Value = "2009-09-20"; VariantName = "[No Variations]"
Add component (AddParameter): Name = "Length"; Value = "1.55mm"; VariantName = "[No Variations]"
Add component (AddParameter): Name = "Lifecycle Status"; Value = "Production"; VariantName = "[No Variations]"
Add component (AddParameter): Name = "Manufacturer"; Value = "TE Connectivity"; VariantName = "[No Variations]"
Add component (AddParameter): Name = "Manufacturer Lifecycle Status"; Value = "ACTIVE"; VariantName = "[No Variations]"
Add component (AddParameter): Name = "Manufacturer Part Number"; Value = "CPF0603B1K0E"; VariantName = "[No Variations]"
Add component (AddParameter): Name = "Max Operating Temperature"; Value = "155°C"; VariantName = "[No Variations]"
Add component (AddParameter): Name = "Max Power Dissipation"; Value = "63mW"; VariantName = "[No Variations]"
Add component (AddParameter): Name = "Min Operating Temperature"; Value = "-55°C"; VariantName = "[No Variations]"
Add component (AddParameter): Name = "Mounting Technology"; Value = "Surface Mount"; VariantName = "[No Variations]"
Add component (AddParameter): Name = "Number of Resistors"; Value = "1"; VariantName = "[No Variations]"
Add component (AddParameter): Name = "Number of Terminals"; Value = "2"; VariantName = "[No Variations]"
Add component (AddParameter): Name = "Number of Terminations"; Value = "2"; VariantName = "[No Variations]"
Add component (AddParameter): Name = "Operating Supply Voltage"; Value = "50V"; VariantName = "[No Variations]"
Add component (AddParameter): Name = "Packaging"; Value = "Tape and Reel"; VariantName = "[No Variations]"
Add component (AddParameter): Name = "Power Rating"; Value = "63mW"; VariantName = "[No Variations]"
Add component (AddParameter): Name = "Radiation Hardening"; Value = "No"; VariantName = "[No Variations]"
Add component (AddParameter): Name = "REACH SVHC"; Value = "Yes"; VariantName = "[No Variations]"
Add component (AddParameter): Name = "RoHS"; Value = "Compliant"; VariantName = "[No Variations]"
Add component (AddParameter): Name = "Schedule B"; Value = "8533210045|8533210045|8533210045|8533210045|8533210045"; VariantName = "[No Variations]"
Add component (AddParameter): Name = "Temperature Coefficient"; Value = "25ppm/°C"; VariantName = "[No Variations]"
Add component (AddParameter): Name = "Termination"; Value = "Solder"; VariantName = "[No Variations]"
Add component (AddParameter): Name = "Tolerance"; Value = "0.1%"; VariantName = "[No Variations]"
Add component (AddParameter): Name = "Value"; Value = "1kOhms"; VariantName = "[No Variations]"
Add component (AddParameter): Name = "Voltage Rating"; Value = "50V"; VariantName = "[No Variations]"
Add component (AddParameter): Name = "Voltage Rating (DC)"; Value = "50V"; VariantName = "[No Variations]"
Add component (AddParameter): Name = "Weight"; Value = "2.012816mg"; VariantName = "[No Variations]"
Add component (AddParameter): Name = "Width"; Value = "800µm"; VariantName = "[No Variations]"
Add component (AddParameter): Name = "Working Voltage"; Value = "50V"; VariantName = "[No Variations]"
Added Component: Designator=R27(RESC1608X55N)
Add component (AddParameter): Name = "Arrow Part Number"; Value = "RC0603JR07100RL"; VariantName = "[No Variations]"
Add component (AddParameter): Name = "Arrow Price/Stock"; Value = "https://www.arrow.com/en/products/rc0603jr-07100rl/yageo"; VariantName = "[No Variations]"
Add component (AddParameter): Name = "Datasheet Link"; Value = "http://www.yageo.com/documents/recent/PYu-RC0603_51_RoHS_L_v5.pdf"; VariantName = "[No Variations]"
Add component (AddParameter): Name = "Height"; Value = "0.55mm"; VariantName = "[No Variations]"
Add component (AddParameter): Name = "Manufacturer_Name"; Value = "Yageo Group"; VariantName = "[No Variations]"
Add component (AddParameter): Name = "Manufacturer_Part_Number"; Value = "RC0603JR07100RL"; VariantName = "[No Variations]"
Add component (AddParameter): Name = "Mouser Part Number"; Value = ""; VariantName = "[No Variations]"
Add component (AddParameter): Name = "Mouser Price/Stock"; Value = ""; VariantName = "[No Variations]"
Added Component: Designator=R28(SMR0603)
Add component (AddParameter): Name = "LCSC Manufacturer Part Number"; Value = "RC0603FR-07100KL"; VariantName = "[No Variations]"
Add component (AddParameter): Name = "LCSC Part Number"; Value = "C123419"; VariantName = "[No Variations]"
Add component (AddParameter): Name = "Manufacturer Part Number"; Value = "RC0603FR-07100KL"; VariantName = "[No Variations]"
Add component (AddParameter): Name = "Order Code"; Value = "DIGI : 311-100KHRTR-ND"; VariantName = "[No Variations]"
Add component (AddParameter): Name = "Value"; Value = "100k"; VariantName = "[No Variations]"
Added Component: Designator=R29(RESC0603X03L_C)
Add component (AddParameter): Name = "Manufacturer"; Value = "Vishay Dale"; VariantName = "[No Variations]"
Add component (AddParameter): Name = "Supplier"; Value = "Digi; 541-3906-6-ND"; VariantName = "[No Variations]"
Added Component: Designator=R30(RES_0402)
Add component (AddParameter): Name = "Case Code (Imperial)"; Value = "0402"; VariantName = "[No Variations]"
Add component (AddParameter): Name = "Case/Package"; Value = "0402"; VariantName = "[No Variations]"
Add component (AddParameter): Name = "Category"; Value = "Chip SMD Resistors"; VariantName = "[No Variations]"
Add component (AddParameter): Name = "China RoHS"; Value = "Non-Compliant"; VariantName = "[No Variations]"
Add component (AddParameter): Name = "Composition"; Value = "Thin Film"; VariantName = "[No Variations]"
Add component (AddParameter): Name = "Contact Plating"; Value = "Lead, Tin"; VariantName = "[No Variations]"
Add component (AddParameter): Name = "Country of Origin"; Value = "Mainland China"; VariantName = "[No Variations]"
Add component (AddParameter): Name = "Export Control Classification Number (ECCN) Code"; Value = "EAR99"; VariantName = "[No Variations]"
Add component (AddParameter): Name = "Features"; Value = "Moisture Resistant"; VariantName = "[No Variations]"
Add component (AddParameter): Name = "Harmonized Tariff Schedule (HTS) Code"; Value = "8533.21.00.30"; VariantName = "[No Variations]"
Add component (AddParameter): Name = "Height"; Value = "300µm"; VariantName = "[No Variations]"
Add component (AddParameter): Name = "Introduction Date"; Value = "2008-06-09"; VariantName = "[No Variations]"
Add component (AddParameter): Name = "Lead Free"; Value = "Lead Free"; VariantName = "[No Variations]"
Add component (AddParameter): Name = "Length"; Value = "1mm"; VariantName = "[No Variations]"
Add component (AddParameter): Name = "Lifecycle Status"; Value = "Production"; VariantName = "[No Variations]"
Add component (AddParameter): Name = "Manufacturer"; Value = "Yageo Group"; VariantName = "[No Variations]"
Add component (AddParameter): Name = "Manufacturer Part Number"; Value = "RT0402FRE074K7L"; VariantName = "[No Variations]"
Add component (AddParameter): Name = "Max Operating Temperature"; Value = "155°C"; VariantName = "[No Variations]"
Add component (AddParameter): Name = "Max Power Dissipation"; Value = "63mW"; VariantName = "[No Variations]"
Add component (AddParameter): Name = "Min Operating Temperature"; Value = "-55°C"; VariantName = "[No Variations]"
Add component (AddParameter): Name = "Mounting Technology"; Value = "Surface Mount"; VariantName = "[No Variations]"
Add component (AddParameter): Name = "Number of Terminals"; Value = "2"; VariantName = "[No Variations]"
Add component (AddParameter): Name = "Number of Terminations"; Value = "2"; VariantName = "[No Variations]"
Add component (AddParameter): Name = "Power Rating"; Value = "62.5mW"; VariantName = "[No Variations]"
Add component (AddParameter): Name = "Radiation Hardening"; Value = "No"; VariantName = "[No Variations]"
Add component (AddParameter): Name = "REACH SVHC"; Value = "Yes"; VariantName = "[No Variations]"
Add component (AddParameter): Name = "RoHS"; Value = "Compliant"; VariantName = "[No Variations]"
Add component (AddParameter): Name = "Schedule B"; Value = "8533210045, 8533210045|8533210045, 8533210045|8533210045|8533210045, 8533210045|8533210045|8533210045|8533210045"; VariantName = "[No Variations]"
Add component (AddParameter): Name = "Temperature Coefficient"; Value = "50ppm/°C"; VariantName = "[No Variations]"
Add component (AddParameter): Name = "Termination"; Value = "SMD/SMT"; VariantName = "[No Variations]"
Add component (AddParameter): Name = "Tolerance"; Value = "1%"; VariantName = "[No Variations]"
Add component (AddParameter): Name = "Value"; Value = "4.7kOhms"; VariantName = "[No Variations]"
Add component (AddParameter): Name = "Voltage Rating"; Value = "50V"; VariantName = "[No Variations]"
Add component (AddParameter): Name = "Voltage Rating (DC)"; Value = "50V"; VariantName = "[No Variations]"
Add component (AddParameter): Name = "Width"; Value = "500µm"; VariantName = "[No Variations]"
Add component (AddParameter): Name = "Working Voltage"; Value = "50V"; VariantName = "[No Variations]"
Added Component: Designator=R31(RESC0603X03L_C)
Add component (AddParameter): Name = "Case Code (Metric)"; Value = "1608"; VariantName = "[No Variations]"
Add component (AddParameter): Name = "Case/Package"; Value = "0603"; VariantName = "[No Variations]"
Add component (AddParameter): Name = "Category"; Value = "Chip SMD Resistors"; VariantName = "[No Variations]"
Add component (AddParameter): Name = "China RoHS"; Value = "Compliant"; VariantName = "[No Variations]"
Add component (AddParameter): Name = "Composition"; Value = "Thin Film"; VariantName = "[No Variations]"
Add component (AddParameter): Name = "Depth"; Value = "800µm"; VariantName = "[No Variations]"
Add component (AddParameter): Name = "ELV"; Value = "Compliant"; VariantName = "[No Variations]"
Add component (AddParameter): Name = "Export Control Classification Number (ECCN) Code"; Value = "EAR99"; VariantName = "[No Variations]"
Add component (AddParameter): Name = "Harmonized Tariff Schedule (HTS) Code"; Value = "8533.21.00.30"; VariantName = "[No Variations]"
Add component (AddParameter): Name = "Height"; Value = "450µm"; VariantName = "[No Variations]"
Add component (AddParameter): Name = "Introduction Date"; Value = "2009-09-20"; VariantName = "[No Variations]"
Add component (AddParameter): Name = "Length"; Value = "1.55mm"; VariantName = "[No Variations]"
Add component (AddParameter): Name = "Lifecycle Status"; Value = "Production"; VariantName = "[No Variations]"
Add component (AddParameter): Name = "Manufacturer"; Value = "TE Connectivity"; VariantName = "[No Variations]"
Add component (AddParameter): Name = "Manufacturer Lifecycle Status"; Value = "ACTIVE"; VariantName = "[No Variations]"
Add component (AddParameter): Name = "Manufacturer Part Number"; Value = "CPF0603B1K0E"; VariantName = "[No Variations]"
Add component (AddParameter): Name = "Max Operating Temperature"; Value = "155°C"; VariantName = "[No Variations]"
Add component (AddParameter): Name = "Max Power Dissipation"; Value = "63mW"; VariantName = "[No Variations]"
Add component (AddParameter): Name = "Min Operating Temperature"; Value = "-55°C"; VariantName = "[No Variations]"
Add component (AddParameter): Name = "Mounting Technology"; Value = "Surface Mount"; VariantName = "[No Variations]"
Add component (AddParameter): Name = "Number of Resistors"; Value = "1"; VariantName = "[No Variations]"
Add component (AddParameter): Name = "Number of Terminals"; Value = "2"; VariantName = "[No Variations]"
Add component (AddParameter): Name = "Number of Terminations"; Value = "2"; VariantName = "[No Variations]"
Add component (AddParameter): Name = "Operating Supply Voltage"; Value = "50V"; VariantName = "[No Variations]"
Add component (AddParameter): Name = "Packaging"; Value = "Tape and Reel"; VariantName = "[No Variations]"
Add component (AddParameter): Name = "Power Rating"; Value = "63mW"; VariantName = "[No Variations]"
Add component (AddParameter): Name = "Radiation Hardening"; Value = "No"; VariantName = "[No Variations]"
Add component (AddParameter): Name = "REACH SVHC"; Value = "Yes"; VariantName = "[No Variations]"
Add component (AddParameter): Name = "RoHS"; Value = "Compliant"; VariantName = "[No Variations]"
Add component (AddParameter): Name = "Schedule B"; Value = "8533210045|8533210045|8533210045|8533210045|8533210045"; VariantName = "[No Variations]"
Add component (AddParameter): Name = "Temperature Coefficient"; Value = "25ppm/°C"; VariantName = "[No Variations]"
Add component (AddParameter): Name = "Termination"; Value = "Solder"; VariantName = "[No Variations]"
Add component (AddParameter): Name = "Tolerance"; Value = "0.1%"; VariantName = "[No Variations]"
Add component (AddParameter): Name = "Value"; Value = "1kOhms"; VariantName = "[No Variations]"
Add component (AddParameter): Name = "Voltage Rating"; Value = "50V"; VariantName = "[No Variations]"
Add component (AddParameter): Name = "Voltage Rating (DC)"; Value = "50V"; VariantName = "[No Variations]"
Add component (AddParameter): Name = "Weight"; Value = "2.012816mg"; VariantName = "[No Variations]"
Add component (AddParameter): Name = "Width"; Value = "800µm"; VariantName = "[No Variations]"
Add component (AddParameter): Name = "Working Voltage"; Value = "50V"; VariantName = "[No Variations]"
Added Component: Designator=R32(RESC1608X55N)
Add component (AddParameter): Name = "Arrow Part Number"; Value = "RC0603JR07100RL"; VariantName = "[No Variations]"
Add component (AddParameter): Name = "Arrow Price/Stock"; Value = "https://www.arrow.com/en/products/rc0603jr-07100rl/yageo"; VariantName = "[No Variations]"
Add component (AddParameter): Name = "Datasheet Link"; Value = "http://www.yageo.com/documents/recent/PYu-RC0603_51_RoHS_L_v5.pdf"; VariantName = "[No Variations]"
Add component (AddParameter): Name = "Height"; Value = "0.55mm"; VariantName = "[No Variations]"
Add component (AddParameter): Name = "Manufacturer_Name"; Value = "Yageo Group"; VariantName = "[No Variations]"
Add component (AddParameter): Name = "Manufacturer_Part_Number"; Value = "RC0603JR07100RL"; VariantName = "[No Variations]"
Add component (AddParameter): Name = "Mouser Part Number"; Value = ""; VariantName = "[No Variations]"
Add component (AddParameter): Name = "Mouser Price/Stock"; Value = ""; VariantName = "[No Variations]"
Added Component: Designator=R33(SMR0603)
Add component (AddParameter): Name = "LCSC Manufacturer Part Number"; Value = "RC0603FR-07100KL"; VariantName = "[No Variations]"
Add component (AddParameter): Name = "LCSC Part Number"; Value = "C123419"; VariantName = "[No Variations]"
Add component (AddParameter): Name = "Manufacturer Part Number"; Value = "RC0603FR-07100KL"; VariantName = "[No Variations]"
Add component (AddParameter): Name = "Order Code"; Value = "DIGI : 311-100KHRTR-ND"; VariantName = "[No Variations]"
Add component (AddParameter): Name = "Value"; Value = "100k"; VariantName = "[No Variations]"
Added Component: Designator=R34(RES 0603_1608)
Add component (AddParameter): Name = "ComponentLink1Description"; Value = "Datasheet"; VariantName = "[No Variations]"
Add component (AddParameter): Name = "ComponentLink1URL"; Value = "https://www.seielect.com/catalog/sei-packaging.pdf"; VariantName = "[No Variations]"
Add component (AddParameter): Name = "ComponentLink2Description"; Value = "DigiKey Link"; VariantName = "[No Variations]"
Add component (AddParameter): Name = "ComponentLink2URL"; Value = "https://www.digikey.com/en/products/detail/stackpole-electronics-inc/RMCF0603FT110K/1761310"; VariantName = "[No Variations]"
Add component (AddParameter): Name = "Composition"; Value = "Thick Film"; VariantName = "[No Variations]"
Add component (AddParameter): Name = "Device Package"; Value = "0603 (1608 Metric)"; VariantName = "[No Variations]"
Add component (AddParameter): Name = "Features"; Value = "Automotive AEC-Q200"; VariantName = "[No Variations]"
Add component (AddParameter): Name = "Height - Seated (Max)"; Value = "0.022" (0.55mm)"; VariantName = "[No Variations]"
Add component (AddParameter): Name = "LastUpdated"; Value = "9.02.2024 20:43:13"; VariantName = "[No Variations]"
Add component (AddParameter): Name = "Lifecycle Status"; Value = "Active"; VariantName = "[No Variations]"
Add component (AddParameter): Name = "Manufacturer"; Value = "Stackpole Electronics Inc"; VariantName = "[No Variations]"
Add component (AddParameter): Name = "Minimum Order"; Value = "1"; VariantName = "[No Variations]"
Add component (AddParameter): Name = "Number of Terminations"; Value = "2"; VariantName = "[No Variations]"
Add component (AddParameter): Name = "Operating Temperature"; Value = "-55°C ~ 155°C"; VariantName = "[No Variations]"
Add component (AddParameter): Name = "Package / Case"; Value = "0603 (1608 Metric)"; VariantName = "[No Variations]"
Add component (AddParameter): Name = "Packaging"; Value = "CutTape"; VariantName = "[No Variations]"
Add component (AddParameter): Name = "Part Number"; Value = "RMCF0603FT110K"; VariantName = "[No Variations]"
Add component (AddParameter): Name = "Part Status"; Value = "Active"; VariantName = "[No Variations]"
Add component (AddParameter): Name = "PartId"; Value = "10728"; VariantName = "[No Variations]"
Add component (AddParameter): Name = "Power (Watts)"; Value = "0.1W, 1/10W"; VariantName = "[No Variations]"
Add component (AddParameter): Name = "Price"; Value = "0.01"; VariantName = "[No Variations]"
Add component (AddParameter): Name = "Ratings"; Value = "AEC-Q200"; VariantName = "[No Variations]"
Add component (AddParameter): Name = "Resistance"; Value = "110 kOhms"; VariantName = "[No Variations]"
Add component (AddParameter): Name = "Series"; Value = "RMCF"; VariantName = "[No Variations]"
Add component (AddParameter): Name = "Size / Dimension"; Value = "0.061" L x 0.031" W (1.55mm x 0.80mm)"; VariantName = "[No Variations]"
Add component (AddParameter): Name = "Supplier 1"; Value = "DigiKey"; VariantName = "[No Variations]"
Add component (AddParameter): Name = "Supplier Device Package"; Value = "0603"; VariantName = "[No Variations]"
Add component (AddParameter): Name = "Supplier Part Number 1"; Value = "RMCF0603FT110KCT-ND"; VariantName = "[No Variations]"
Add component (AddParameter): Name = "Temperature Coefficient"; Value = "±100ppm/°C"; VariantName = "[No Variations]"
Add component (AddParameter): Name = "Tolerance"; Value = "±1%"; VariantName = "[No Variations]"
Add component (AddParameter): Name = "Value"; Value = "110 kOhms"; VariantName = "[No Variations]"
Added Component: Designator=R35(RES 0603_1608)
Add component (AddParameter): Name = "ComponentLink1Description"; Value = "Datasheet"; VariantName = "[No Variations]"
Add component (AddParameter): Name = "ComponentLink1URL"; Value = "https://www.seielect.com/catalog/sei-packaging.pdf"; VariantName = "[No Variations]"
Add component (AddParameter): Name = "ComponentLink2Description"; Value = "DigiKey Link"; VariantName = "[No Variations]"
Add component (AddParameter): Name = "ComponentLink2URL"; Value = "https://www.digikey.com/en/products/detail/stackpole-electronics-inc/RMCF0603FT110K/1761310"; VariantName = "[No Variations]"
Add component (AddParameter): Name = "Composition"; Value = "Thick Film"; VariantName = "[No Variations]"
Add component (AddParameter): Name = "Device Package"; Value = "0603 (1608 Metric)"; VariantName = "[No Variations]"
Add component (AddParameter): Name = "Features"; Value = "Automotive AEC-Q200"; VariantName = "[No Variations]"
Add component (AddParameter): Name = "Height - Seated (Max)"; Value = "0.022" (0.55mm)"; VariantName = "[No Variations]"
Add component (AddParameter): Name = "LastUpdated"; Value = "9.02.2024 20:43:13"; VariantName = "[No Variations]"
Add component (AddParameter): Name = "Lifecycle Status"; Value = "Active"; VariantName = "[No Variations]"
Add component (AddParameter): Name = "Manufacturer"; Value = "Stackpole Electronics Inc"; VariantName = "[No Variations]"
Add component (AddParameter): Name = "Minimum Order"; Value = "1"; VariantName = "[No Variations]"
Add component (AddParameter): Name = "Number of Terminations"; Value = "2"; VariantName = "[No Variations]"
Add component (AddParameter): Name = "Operating Temperature"; Value = "-55°C ~ 155°C"; VariantName = "[No Variations]"
Add component (AddParameter): Name = "Package / Case"; Value = "0603 (1608 Metric)"; VariantName = "[No Variations]"
Add component (AddParameter): Name = "Packaging"; Value = "CutTape"; VariantName = "[No Variations]"
Add component (AddParameter): Name = "Part Number"; Value = "RMCF0603FT110K"; VariantName = "[No Variations]"
Add component (AddParameter): Name = "Part Status"; Value = "Active"; VariantName = "[No Variations]"
Add component (AddParameter): Name = "PartId"; Value = "10728"; VariantName = "[No Variations]"
Add component (AddParameter): Name = "Power (Watts)"; Value = "0.1W, 1/10W"; VariantName = "[No Variations]"
Add component (AddParameter): Name = "Price"; Value = "0.01"; VariantName = "[No Variations]"
Add component (AddParameter): Name = "Ratings"; Value = "AEC-Q200"; VariantName = "[No Variations]"
Add component (AddParameter): Name = "Resistance"; Value = "110 kOhms"; VariantName = "[No Variations]"
Add component (AddParameter): Name = "Series"; Value = "RMCF"; VariantName = "[No Variations]"
Add component (AddParameter): Name = "Size / Dimension"; Value = "0.061" L x 0.031" W (1.55mm x 0.80mm)"; VariantName = "[No Variations]"
Add component (AddParameter): Name = "Supplier 1"; Value = "DigiKey"; VariantName = "[No Variations]"
Add component (AddParameter): Name = "Supplier Device Package"; Value = "0603"; VariantName = "[No Variations]"
Add component (AddParameter): Name = "Supplier Part Number 1"; Value = "RMCF0603FT110KCT-ND"; VariantName = "[No Variations]"
Add component (AddParameter): Name = "Temperature Coefficient"; Value = "±100ppm/°C"; VariantName = "[No Variations]"
Add component (AddParameter): Name = "Tolerance"; Value = "±1%"; VariantName = "[No Variations]"
Add component (AddParameter): Name = "Value"; Value = "110 kOhms"; VariantName = "[No Variations]"
Added Component: Designator=R36(RES 0603_1608)
Add component (AddParameter): Name = "ComponentLink1Description"; Value = "Datasheet"; VariantName = "[No Variations]"
Add component (AddParameter): Name = "ComponentLink1URL"; Value = "https://www.seielect.com/catalog/sei-rmcf_rmcp.pdf"; VariantName = "[No Variations]"
Add component (AddParameter): Name = "ComponentLink2Description"; Value = "DigiKey Link"; VariantName = "[No Variations]"
Add component (AddParameter): Name = "ComponentLink2URL"; Value = "https://www.digikey.com/en/products/detail/stackpole-electronics-inc/RMCF0603FG17K8/1713668"; VariantName = "[No Variations]"
Add component (AddParameter): Name = "Composition"; Value = "Thick Film"; VariantName = "[No Variations]"
Add component (AddParameter): Name = "Device Package"; Value = "0603 (1608 Metric)"; VariantName = "[No Variations]"
Add component (AddParameter): Name = "Features"; Value = "Automotive AEC-Q200"; VariantName = "[No Variations]"
Add component (AddParameter): Name = "Height - Seated (Max)"; Value = "0.022" (0.55mm)"; VariantName = "[No Variations]"
Add component (AddParameter): Name = "LastUpdated"; Value = "9.02.2024 20:42:38"; VariantName = "[No Variations]"
Add component (AddParameter): Name = "Lifecycle Status"; Value = "Active"; VariantName = "[No Variations]"
Add component (AddParameter): Name = "Manufacturer"; Value = "Stackpole Electronics Inc"; VariantName = "[No Variations]"
Add component (AddParameter): Name = "Minimum Order"; Value = "1"; VariantName = "[No Variations]"
Add component (AddParameter): Name = "Number of Terminations"; Value = "2"; VariantName = "[No Variations]"
Add component (AddParameter): Name = "Operating Temperature"; Value = "-55°C ~ 155°C"; VariantName = "[No Variations]"
Add component (AddParameter): Name = "Package / Case"; Value = "0603 (1608 Metric)"; VariantName = "[No Variations]"
Add component (AddParameter): Name = "Packaging"; Value = "CutTape"; VariantName = "[No Variations]"
Add component (AddParameter): Name = "Part Number"; Value = "RMCF0603FG17K8"; VariantName = "[No Variations]"
Add component (AddParameter): Name = "Part Status"; Value = "Active"; VariantName = "[No Variations]"
Add component (AddParameter): Name = "PartId"; Value = "19862"; VariantName = "[No Variations]"
Add component (AddParameter): Name = "Power (Watts)"; Value = "0.1W, 1/10W"; VariantName = "[No Variations]"
Add component (AddParameter): Name = "Price"; Value = "0.01"; VariantName = "[No Variations]"
Add component (AddParameter): Name = "Ratings"; Value = "AEC-Q200"; VariantName = "[No Variations]"
Add component (AddParameter): Name = "Resistance"; Value = "17.8 kOhms"; VariantName = "[No Variations]"
Add component (AddParameter): Name = "Series"; Value = "RMCF"; VariantName = "[No Variations]"
Add component (AddParameter): Name = "Size / Dimension"; Value = "0.061" L x 0.031" W (1.55mm x 0.80mm)"; VariantName = "[No Variations]"
Add component (AddParameter): Name = "Supplier 1"; Value = "DigiKey"; VariantName = "[No Variations]"
Add component (AddParameter): Name = "Supplier Device Package"; Value = "0603"; VariantName = "[No Variations]"
Add component (AddParameter): Name = "Supplier Part Number 1"; Value = "RMCF0603FG17K8CT-ND"; VariantName = "[No Variations]"
Add component (AddParameter): Name = "Temperature Coefficient"; Value = "±100ppm/°C"; VariantName = "[No Variations]"
Add component (AddParameter): Name = "Tolerance"; Value = "±1%"; VariantName = "[No Variations]"
Add component (AddParameter): Name = "Value"; Value = "17.8 kOhms"; VariantName = "[No Variations]"
Added Component: Designator=R37(RES 0603_1608)
Add component (AddParameter): Name = "ComponentLink1Description"; Value = "Datasheet"; VariantName = "[No Variations]"
Add component (AddParameter): Name = "ComponentLink1URL"; Value = "https://www.seielect.com/catalog/sei-rmcf_rmcp.pdf"; VariantName = "[No Variations]"
Add component (AddParameter): Name = "ComponentLink2Description"; Value = "DigiKey Link"; VariantName = "[No Variations]"
Add component (AddParameter): Name = "ComponentLink2URL"; Value = "https://www.digikey.com/en/products/detail/stackpole-electronics-inc/RMCF0603FT3K57/1761029"; VariantName = "[No Variations]"
Add component (AddParameter): Name = "Composition"; Value = "Thick Film"; VariantName = "[No Variations]"
Add component (AddParameter): Name = "Device Package"; Value = "0603 (1608 Metric)"; VariantName = "[No Variations]"
Add component (AddParameter): Name = "Features"; Value = "Automotive AEC-Q200"; VariantName = "[No Variations]"
Add component (AddParameter): Name = "Height - Seated (Max)"; Value = "0.022" (0.55mm)"; VariantName = "[No Variations]"
Add component (AddParameter): Name = "LastUpdated"; Value = "9.02.2024 20:42:52"; VariantName = "[No Variations]"
Add component (AddParameter): Name = "Lifecycle Status"; Value = "Active"; VariantName = "[No Variations]"
Add component (AddParameter): Name = "Manufacturer"; Value = "Stackpole Electronics Inc"; VariantName = "[No Variations]"
Add component (AddParameter): Name = "Minimum Order"; Value = "1"; VariantName = "[No Variations]"
Add component (AddParameter): Name = "Number of Terminations"; Value = "2"; VariantName = "[No Variations]"
Add component (AddParameter): Name = "Operating Temperature"; Value = "-55°C ~ 155°C"; VariantName = "[No Variations]"
Add component (AddParameter): Name = "Package / Case"; Value = "0603 (1608 Metric)"; VariantName = "[No Variations]"
Add component (AddParameter): Name = "Packaging"; Value = "CutTape"; VariantName = "[No Variations]"
Add component (AddParameter): Name = "Part Number"; Value = "RMCF0603FT3K57"; VariantName = "[No Variations]"
Add component (AddParameter): Name = "Part Status"; Value = "Active"; VariantName = "[No Variations]"
Add component (AddParameter): Name = "PartId"; Value = "16325"; VariantName = "[No Variations]"
Add component (AddParameter): Name = "Power (Watts)"; Value = "0.1W, 1/10W"; VariantName = "[No Variations]"
Add component (AddParameter): Name = "Price"; Value = "0.01"; VariantName = "[No Variations]"
Add component (AddParameter): Name = "Ratings"; Value = "AEC-Q200"; VariantName = "[No Variations]"
Add component (AddParameter): Name = "Resistance"; Value = "3.57 kOhms"; VariantName = "[No Variations]"
Add component (AddParameter): Name = "Series"; Value = "RMCF"; VariantName = "[No Variations]"
Add component (AddParameter): Name = "Size / Dimension"; Value = "0.061" L x 0.031" W (1.55mm x 0.80mm)"; VariantName = "[No Variations]"
Add component (AddParameter): Name = "Supplier 1"; Value = "DigiKey"; VariantName = "[No Variations]"
Add component (AddParameter): Name = "Supplier Device Package"; Value = "0603"; VariantName = "[No Variations]"
Add component (AddParameter): Name = "Supplier Part Number 1"; Value = "RMCF0603FT3K57CT-ND"; VariantName = "[No Variations]"
Add component (AddParameter): Name = "Temperature Coefficient"; Value = "±100ppm/°C"; VariantName = "[No Variations]"
Add component (AddParameter): Name = "Tolerance"; Value = "±1%"; VariantName = "[No Variations]"
Add component (AddParameter): Name = "Value"; Value = "3.57 kOhms"; VariantName = "[No Variations]"
Added Component: Designator=R38(RES 0603_1608)
Add component (AddParameter): Name = "ComponentLink1Description"; Value = "Datasheet"; VariantName = "[No Variations]"
Add component (AddParameter): Name = "ComponentLink1URL"; Value = "https://www.seielect.com/catalog/sei-packaging.pdf"; VariantName = "[No Variations]"
Add component (AddParameter): Name = "ComponentLink2Description"; Value = "DigiKey Link"; VariantName = "[No Variations]"
Add component (AddParameter): Name = "ComponentLink2URL"; Value = "https://www.digikey.com/en/products/detail/stackpole-electronics-inc/RMCF0603FT7K15/1760937"; VariantName = "[No Variations]"
Add component (AddParameter): Name = "Composition"; Value = "Thick Film"; VariantName = "[No Variations]"
Add component (AddParameter): Name = "Device Package"; Value = "0603 (1608 Metric)"; VariantName = "[No Variations]"
Add component (AddParameter): Name = "Features"; Value = "Automotive AEC-Q200"; VariantName = "[No Variations]"
Add component (AddParameter): Name = "Height - Seated (Max)"; Value = "0.022" (0.55mm)"; VariantName = "[No Variations]"
Add component (AddParameter): Name = "LastUpdated"; Value = "9.02.2024 20:42:27"; VariantName = "[No Variations]"
Add component (AddParameter): Name = "Lifecycle Status"; Value = "Active"; VariantName = "[No Variations]"
Add component (AddParameter): Name = "Manufacturer"; Value = "Stackpole Electronics Inc"; VariantName = "[No Variations]"
Add component (AddParameter): Name = "Minimum Order"; Value = "1"; VariantName = "[No Variations]"
Add component (AddParameter): Name = "Number of Terminations"; Value = "2"; VariantName = "[No Variations]"
Add component (AddParameter): Name = "Operating Temperature"; Value = "-55°C ~ 155°C"; VariantName = "[No Variations]"
Add component (AddParameter): Name = "Package / Case"; Value = "0603 (1608 Metric)"; VariantName = "[No Variations]"
Add component (AddParameter): Name = "Packaging"; Value = "CutTape"; VariantName = "[No Variations]"
Add component (AddParameter): Name = "Part Number"; Value = "RMCF0603FT7K15"; VariantName = "[No Variations]"
Add component (AddParameter): Name = "Part Status"; Value = "Active"; VariantName = "[No Variations]"
Add component (AddParameter): Name = "PartId"; Value = "22551"; VariantName = "[No Variations]"
Add component (AddParameter): Name = "Power (Watts)"; Value = "0.1W, 1/10W"; VariantName = "[No Variations]"
Add component (AddParameter): Name = "Price"; Value = "0.01"; VariantName = "[No Variations]"
Add component (AddParameter): Name = "Ratings"; Value = "AEC-Q200"; VariantName = "[No Variations]"
Add component (AddParameter): Name = "Resistance"; Value = "7.15 kOhms"; VariantName = "[No Variations]"
Add component (AddParameter): Name = "Series"; Value = "RMCF"; VariantName = "[No Variations]"
Add component (AddParameter): Name = "Size / Dimension"; Value = "0.061" L x 0.031" W (1.55mm x 0.80mm)"; VariantName = "[No Variations]"
Add component (AddParameter): Name = "Supplier 1"; Value = "DigiKey"; VariantName = "[No Variations]"
Add component (AddParameter): Name = "Supplier Device Package"; Value = "0603"; VariantName = "[No Variations]"
Add component (AddParameter): Name = "Supplier Part Number 1"; Value = "RMCF0603FT7K15CT-ND"; VariantName = "[No Variations]"
Add component (AddParameter): Name = "Temperature Coefficient"; Value = "±100ppm/°C"; VariantName = "[No Variations]"
Add component (AddParameter): Name = "Tolerance"; Value = "±1%"; VariantName = "[No Variations]"
Add component (AddParameter): Name = "Value"; Value = "7.15 kOhms"; VariantName = "[No Variations]"
Added Component: Designator=R39(RES 0603_1608)
Add component (AddParameter): Name = "ComponentLink1Description"; Value = "Datasheet"; VariantName = "[No Variations]"
Add component (AddParameter): Name = "ComponentLink1URL"; Value = "https://www.seielect.com/catalog/sei-rmcf_rmcp.pdf"; VariantName = "[No Variations]"
Add component (AddParameter): Name = "ComponentLink2Description"; Value = "DigiKey Link"; VariantName = "[No Variations]"
Add component (AddParameter): Name = "ComponentLink2URL"; Value = "https://www.digikey.com/en/products/detail/stackpole-electronics-inc/RMCF0603FT10K0/1761235"; VariantName = "[No Variations]"
Add component (AddParameter): Name = "Composition"; Value = "Thick Film"; VariantName = "[No Variations]"
Add component (AddParameter): Name = "Device Package"; Value = "0603 (1608 Metric)"; VariantName = "[No Variations]"
Add component (AddParameter): Name = "Features"; Value = "Automotive AEC-Q200"; VariantName = "[No Variations]"
Add component (AddParameter): Name = "Height - Seated (Max)"; Value = "0.022" (0.55mm)"; VariantName = "[No Variations]"
Add component (AddParameter): Name = "LastUpdated"; Value = "9.02.2024 20:42:00"; VariantName = "[No Variations]"
Add component (AddParameter): Name = "Lifecycle Status"; Value = "Active"; VariantName = "[No Variations]"
Add component (AddParameter): Name = "Manufacturer"; Value = "Stackpole Electronics Inc"; VariantName = "[No Variations]"
Add component (AddParameter): Name = "Minimum Order"; Value = "1"; VariantName = "[No Variations]"
Add component (AddParameter): Name = "Number of Terminations"; Value = "2"; VariantName = "[No Variations]"
Add component (AddParameter): Name = "Operating Temperature"; Value = "-55°C ~ 155°C"; VariantName = "[No Variations]"
Add component (AddParameter): Name = "Package / Case"; Value = "0603 (1608 Metric)"; VariantName = "[No Variations]"
Add component (AddParameter): Name = "Packaging"; Value = "CutTape"; VariantName = "[No Variations]"
Add component (AddParameter): Name = "Part Number"; Value = "RMCF0603FT10K0"; VariantName = "[No Variations]"
Add component (AddParameter): Name = "Part Status"; Value = "Active"; VariantName = "[No Variations]"
Add component (AddParameter): Name = "PartId"; Value = "25663"; VariantName = "[No Variations]"
Add component (AddParameter): Name = "Power (Watts)"; Value = "0.1W, 1/10W"; VariantName = "[No Variations]"
Add component (AddParameter): Name = "Price"; Value = "0.01"; VariantName = "[No Variations]"
Add component (AddParameter): Name = "Ratings"; Value = "AEC-Q200"; VariantName = "[No Variations]"
Add component (AddParameter): Name = "Resistance"; Value = "10 kOhms"; VariantName = "[No Variations]"
Add component (AddParameter): Name = "Series"; Value = "RMCF"; VariantName = "[No Variations]"
Add component (AddParameter): Name = "Size / Dimension"; Value = "0.061" L x 0.031" W (1.55mm x 0.80mm)"; VariantName = "[No Variations]"
Add component (AddParameter): Name = "Supplier 1"; Value = "DigiKey"; VariantName = "[No Variations]"
Add component (AddParameter): Name = "Supplier Device Package"; Value = "0603"; VariantName = "[No Variations]"
Add component (AddParameter): Name = "Supplier Part Number 1"; Value = "RMCF0603FT10K0CT-ND"; VariantName = "[No Variations]"
Add component (AddParameter): Name = "Temperature Coefficient"; Value = "±100ppm/°C"; VariantName = "[No Variations]"
Add component (AddParameter): Name = "Tolerance"; Value = "±1%"; VariantName = "[No Variations]"
Add component (AddParameter): Name = "Value"; Value = "10 kOhms"; VariantName = "[No Variations]"
Added Component: Designator=R40(RES 0603_1608)
Add component (AddParameter): Name = "ComponentLink1Description"; Value = "Datasheet"; VariantName = "[No Variations]"
Add component (AddParameter): Name = "ComponentLink1URL"; Value = "https://www.seielect.com/catalog/sei-packaging.pdf"; VariantName = "[No Variations]"
Add component (AddParameter): Name = "ComponentLink2Description"; Value = "DigiKey Link"; VariantName = "[No Variations]"
Add component (AddParameter): Name = "ComponentLink2URL"; Value = "https://www.digikey.com/en/products/detail/stackpole-electronics-inc/RMCF0603FG1K00/1713699"; VariantName = "[No Variations]"
Add component (AddParameter): Name = "Composition"; Value = "Thick Film"; VariantName = "[No Variations]"
Add component (AddParameter): Name = "Device Package"; Value = "0603 (1608 Metric)"; VariantName = "[No Variations]"
Add component (AddParameter): Name = "Features"; Value = "Automotive AEC-Q200"; VariantName = "[No Variations]"
Add component (AddParameter): Name = "Height - Seated (Max)"; Value = "0.022" (0.55mm)"; VariantName = "[No Variations]"
Add component (AddParameter): Name = "LastUpdated"; Value = "9.02.2024 20:42:15"; VariantName = "[No Variations]"
Add component (AddParameter): Name = "Lifecycle Status"; Value = "Active"; VariantName = "[No Variations]"
Add component (AddParameter): Name = "Manufacturer"; Value = "Stackpole Electronics Inc"; VariantName = "[No Variations]"
Add component (AddParameter): Name = "Minimum Order"; Value = "1"; VariantName = "[No Variations]"
Add component (AddParameter): Name = "Number of Terminations"; Value = "2"; VariantName = "[No Variations]"
Add component (AddParameter): Name = "Operating Temperature"; Value = "-55°C ~ 155°C"; VariantName = "[No Variations]"
Add component (AddParameter): Name = "Package / Case"; Value = "0603 (1608 Metric)"; VariantName = "[No Variations]"
Add component (AddParameter): Name = "Packaging"; Value = "CutTape"; VariantName = "[No Variations]"
Add component (AddParameter): Name = "Part Number"; Value = "RMCF0603FG1K00"; VariantName = "[No Variations]"
Add component (AddParameter): Name = "Part Status"; Value = "Active"; VariantName = "[No Variations]"
Add component (AddParameter): Name = "PartId"; Value = "24034"; VariantName = "[No Variations]"
Add component (AddParameter): Name = "Power (Watts)"; Value = "0.1W, 1/10W"; VariantName = "[No Variations]"
Add component (AddParameter): Name = "Price"; Value = "0.01"; VariantName = "[No Variations]"
Add component (AddParameter): Name = "Ratings"; Value = "AEC-Q200"; VariantName = "[No Variations]"
Add component (AddParameter): Name = "Resistance"; Value = "1 kOhms"; VariantName = "[No Variations]"
Add component (AddParameter): Name = "Series"; Value = "RMCF"; VariantName = "[No Variations]"
Add component (AddParameter): Name = "Size / Dimension"; Value = "0.061" L x 0.031" W (1.55mm x 0.80mm)"; VariantName = "[No Variations]"
Add component (AddParameter): Name = "Supplier 1"; Value = "DigiKey"; VariantName = "[No Variations]"
Add component (AddParameter): Name = "Supplier Device Package"; Value = "0603"; VariantName = "[No Variations]"
Add component (AddParameter): Name = "Supplier Part Number 1"; Value = "RMCF0603FG1K00CT-ND"; VariantName = "[No Variations]"
Add component (AddParameter): Name = "Temperature Coefficient"; Value = "±100ppm/°C"; VariantName = "[No Variations]"
Add component (AddParameter): Name = "Tolerance"; Value = "±1%"; VariantName = "[No Variations]"
Add component (AddParameter): Name = "Value"; Value = "1 kOhms"; VariantName = "[No Variations]"
Added Component: Designator=R41(RES 0603_1608)
Add component (AddParameter): Name = "ComponentLink1Description"; Value = "Datasheet"; VariantName = "[No Variations]"
Add component (AddParameter): Name = "ComponentLink1URL"; Value = "https://www.seielect.com/catalog/sei-packaging.pdf"; VariantName = "[No Variations]"
Add component (AddParameter): Name = "ComponentLink2Description"; Value = "DigiKey Link"; VariantName = "[No Variations]"
Add component (AddParameter): Name = "ComponentLink2URL"; Value = "https://www.digikey.com/en/products/detail/stackpole-electronics-inc/RMCF0603FG1K00/1713699"; VariantName = "[No Variations]"
Add component (AddParameter): Name = "Composition"; Value = "Thick Film"; VariantName = "[No Variations]"
Add component (AddParameter): Name = "Device Package"; Value = "0603 (1608 Metric)"; VariantName = "[No Variations]"
Add component (AddParameter): Name = "Features"; Value = "Automotive AEC-Q200"; VariantName = "[No Variations]"
Add component (AddParameter): Name = "Height - Seated (Max)"; Value = "0.022" (0.55mm)"; VariantName = "[No Variations]"
Add component (AddParameter): Name = "LastUpdated"; Value = "9.02.2024 20:42:15"; VariantName = "[No Variations]"
Add component (AddParameter): Name = "Lifecycle Status"; Value = "Active"; VariantName = "[No Variations]"
Add component (AddParameter): Name = "Manufacturer"; Value = "Stackpole Electronics Inc"; VariantName = "[No Variations]"
Add component (AddParameter): Name = "Minimum Order"; Value = "1"; VariantName = "[No Variations]"
Add component (AddParameter): Name = "Number of Terminations"; Value = "2"; VariantName = "[No Variations]"
Add component (AddParameter): Name = "Operating Temperature"; Value = "-55°C ~ 155°C"; VariantName = "[No Variations]"
Add component (AddParameter): Name = "Package / Case"; Value = "0603 (1608 Metric)"; VariantName = "[No Variations]"
Add component (AddParameter): Name = "Packaging"; Value = "CutTape"; VariantName = "[No Variations]"
Add component (AddParameter): Name = "Part Number"; Value = "RMCF0603FG1K00"; VariantName = "[No Variations]"
Add component (AddParameter): Name = "Part Status"; Value = "Active"; VariantName = "[No Variations]"
Add component (AddParameter): Name = "PartId"; Value = "24034"; VariantName = "[No Variations]"
Add component (AddParameter): Name = "Power (Watts)"; Value = "0.1W, 1/10W"; VariantName = "[No Variations]"
Add component (AddParameter): Name = "Price"; Value = "0.01"; VariantName = "[No Variations]"
Add component (AddParameter): Name = "Ratings"; Value = "AEC-Q200"; VariantName = "[No Variations]"
Add component (AddParameter): Name = "Resistance"; Value = "1 kOhms"; VariantName = "[No Variations]"
Add component (AddParameter): Name = "Series"; Value = "RMCF"; VariantName = "[No Variations]"
Add component (AddParameter): Name = "Size / Dimension"; Value = "0.061" L x 0.031" W (1.55mm x 0.80mm)"; VariantName = "[No Variations]"
Add component (AddParameter): Name = "Supplier 1"; Value = "DigiKey"; VariantName = "[No Variations]"
Add component (AddParameter): Name = "Supplier Device Package"; Value = "0603"; VariantName = "[No Variations]"
Add component (AddParameter): Name = "Supplier Part Number 1"; Value = "RMCF0603FG1K00CT-ND"; VariantName = "[No Variations]"
Add component (AddParameter): Name = "Temperature Coefficient"; Value = "±100ppm/°C"; VariantName = "[No Variations]"
Add component (AddParameter): Name = "Tolerance"; Value = "±1%"; VariantName = "[No Variations]"
Add component (AddParameter): Name = "Value"; Value = "1 kOhms"; VariantName = "[No Variations]"
Added Component: Designator=R42(RES 0603_1608)
Add component (AddParameter): Name = "ComponentLink1Description"; Value = "Datasheet"; VariantName = "[No Variations]"
Add component (AddParameter): Name = "ComponentLink1URL"; Value = "https://www.seielect.com/catalog/sei-packaging.pdf"; VariantName = "[No Variations]"
Add component (AddParameter): Name = "ComponentLink2Description"; Value = "DigiKey Link"; VariantName = "[No Variations]"
Add component (AddParameter): Name = "ComponentLink2URL"; Value = "https://www.digikey.com/en/products/detail/stackpole-electronics-inc/RMCF0603FG1K00/1713699"; VariantName = "[No Variations]"
Add component (AddParameter): Name = "Composition"; Value = "Thick Film"; VariantName = "[No Variations]"
Add component (AddParameter): Name = "Device Package"; Value = "0603 (1608 Metric)"; VariantName = "[No Variations]"
Add component (AddParameter): Name = "Features"; Value = "Automotive AEC-Q200"; VariantName = "[No Variations]"
Add component (AddParameter): Name = "Height - Seated (Max)"; Value = "0.022" (0.55mm)"; VariantName = "[No Variations]"
Add component (AddParameter): Name = "LastUpdated"; Value = "9.02.2024 20:42:15"; VariantName = "[No Variations]"
Add component (AddParameter): Name = "Lifecycle Status"; Value = "Active"; VariantName = "[No Variations]"
Add component (AddParameter): Name = "Manufacturer"; Value = "Stackpole Electronics Inc"; VariantName = "[No Variations]"
Add component (AddParameter): Name = "Minimum Order"; Value = "1"; VariantName = "[No Variations]"
Add component (AddParameter): Name = "Number of Terminations"; Value = "2"; VariantName = "[No Variations]"
Add component (AddParameter): Name = "Operating Temperature"; Value = "-55°C ~ 155°C"; VariantName = "[No Variations]"
Add component (AddParameter): Name = "Package / Case"; Value = "0603 (1608 Metric)"; VariantName = "[No Variations]"
Add component (AddParameter): Name = "Packaging"; Value = "CutTape"; VariantName = "[No Variations]"
Add component (AddParameter): Name = "Part Number"; Value = "RMCF0603FG1K00"; VariantName = "[No Variations]"
Add component (AddParameter): Name = "Part Status"; Value = "Active"; VariantName = "[No Variations]"
Add component (AddParameter): Name = "PartId"; Value = "24034"; VariantName = "[No Variations]"
Add component (AddParameter): Name = "Power (Watts)"; Value = "0.1W, 1/10W"; VariantName = "[No Variations]"
Add component (AddParameter): Name = "Price"; Value = "0.01"; VariantName = "[No Variations]"
Add component (AddParameter): Name = "Ratings"; Value = "AEC-Q200"; VariantName = "[No Variations]"
Add component (AddParameter): Name = "Resistance"; Value = "1 kOhms"; VariantName = "[No Variations]"
Add component (AddParameter): Name = "Series"; Value = "RMCF"; VariantName = "[No Variations]"
Add component (AddParameter): Name = "Size / Dimension"; Value = "0.061" L x 0.031" W (1.55mm x 0.80mm)"; VariantName = "[No Variations]"
Add component (AddParameter): Name = "Supplier 1"; Value = "DigiKey"; VariantName = "[No Variations]"
Add component (AddParameter): Name = "Supplier Device Package"; Value = "0603"; VariantName = "[No Variations]"
Add component (AddParameter): Name = "Supplier Part Number 1"; Value = "RMCF0603FG1K00CT-ND"; VariantName = "[No Variations]"
Add component (AddParameter): Name = "Temperature Coefficient"; Value = "±100ppm/°C"; VariantName = "[No Variations]"
Add component (AddParameter): Name = "Tolerance"; Value = "±1%"; VariantName = "[No Variations]"
Add component (AddParameter): Name = "Value"; Value = "1 kOhms"; VariantName = "[No Variations]"
Added Component: Designator=R43(RES 0603_1608)
Add component (AddParameter): Name = "ComponentLink1Description"; Value = "Datasheet"; VariantName = "[No Variations]"
Add component (AddParameter): Name = "ComponentLink1URL"; Value = "https://www.seielect.com/catalog/sei-packaging.pdf"; VariantName = "[No Variations]"
Add component (AddParameter): Name = "ComponentLink2Description"; Value = "DigiKey Link"; VariantName = "[No Variations]"
Add component (AddParameter): Name = "ComponentLink2URL"; Value = "https://www.digikey.com/en/products/detail/stackpole-electronics-inc/RMCF0603FT110K/1761310"; VariantName = "[No Variations]"
Add component (AddParameter): Name = "Composition"; Value = "Thick Film"; VariantName = "[No Variations]"
Add component (AddParameter): Name = "Device Package"; Value = "0603 (1608 Metric)"; VariantName = "[No Variations]"
Add component (AddParameter): Name = "Features"; Value = "Automotive AEC-Q200"; VariantName = "[No Variations]"
Add component (AddParameter): Name = "Height - Seated (Max)"; Value = "0.022" (0.55mm)"; VariantName = "[No Variations]"
Add component (AddParameter): Name = "LastUpdated"; Value = "9.02.2024 20:43:13"; VariantName = "[No Variations]"
Add component (AddParameter): Name = "Lifecycle Status"; Value = "Active"; VariantName = "[No Variations]"
Add component (AddParameter): Name = "Manufacturer"; Value = "Stackpole Electronics Inc"; VariantName = "[No Variations]"
Add component (AddParameter): Name = "Minimum Order"; Value = "1"; VariantName = "[No Variations]"
Add component (AddParameter): Name = "Number of Terminations"; Value = "2"; VariantName = "[No Variations]"
Add component (AddParameter): Name = "Operating Temperature"; Value = "-55°C ~ 155°C"; VariantName = "[No Variations]"
Add component (AddParameter): Name = "Package / Case"; Value = "0603 (1608 Metric)"; VariantName = "[No Variations]"
Add component (AddParameter): Name = "Packaging"; Value = "CutTape"; VariantName = "[No Variations]"
Add component (AddParameter): Name = "Part Number"; Value = "RMCF0603FT110K"; VariantName = "[No Variations]"
Add component (AddParameter): Name = "Part Status"; Value = "Active"; VariantName = "[No Variations]"
Add component (AddParameter): Name = "PartId"; Value = "10728"; VariantName = "[No Variations]"
Add component (AddParameter): Name = "Power (Watts)"; Value = "0.1W, 1/10W"; VariantName = "[No Variations]"
Add component (AddParameter): Name = "Price"; Value = "0.01"; VariantName = "[No Variations]"
Add component (AddParameter): Name = "Ratings"; Value = "AEC-Q200"; VariantName = "[No Variations]"
Add component (AddParameter): Name = "Resistance"; Value = "110 kOhms"; VariantName = "[No Variations]"
Add component (AddParameter): Name = "Series"; Value = "RMCF"; VariantName = "[No Variations]"
Add component (AddParameter): Name = "Size / Dimension"; Value = "0.061" L x 0.031" W (1.55mm x 0.80mm)"; VariantName = "[No Variations]"
Add component (AddParameter): Name = "Supplier 1"; Value = "DigiKey"; VariantName = "[No Variations]"
Add component (AddParameter): Name = "Supplier Device Package"; Value = "0603"; VariantName = "[No Variations]"
Add component (AddParameter): Name = "Supplier Part Number 1"; Value = "RMCF0603FT110KCT-ND"; VariantName = "[No Variations]"
Add component (AddParameter): Name = "Temperature Coefficient"; Value = "±100ppm/°C"; VariantName = "[No Variations]"
Add component (AddParameter): Name = "Tolerance"; Value = "±1%"; VariantName = "[No Variations]"
Add component (AddParameter): Name = "Value"; Value = "110 kOhms"; VariantName = "[No Variations]"
Added Component: Designator=R44(RES 0603_1608)
Add component (AddParameter): Name = "ComponentLink1Description"; Value = "Datasheet"; VariantName = "[No Variations]"
Add component (AddParameter): Name = "ComponentLink1URL"; Value = "https://www.seielect.com/catalog/sei-packaging.pdf"; VariantName = "[No Variations]"
Add component (AddParameter): Name = "ComponentLink2Description"; Value = "DigiKey Link"; VariantName = "[No Variations]"
Add component (AddParameter): Name = "ComponentLink2URL"; Value = "https://www.digikey.com/en/products/detail/stackpole-electronics-inc/RMCF0603FT110K/1761310"; VariantName = "[No Variations]"
Add component (AddParameter): Name = "Composition"; Value = "Thick Film"; VariantName = "[No Variations]"
Add component (AddParameter): Name = "Device Package"; Value = "0603 (1608 Metric)"; VariantName = "[No Variations]"
Add component (AddParameter): Name = "Features"; Value = "Automotive AEC-Q200"; VariantName = "[No Variations]"
Add component (AddParameter): Name = "Height - Seated (Max)"; Value = "0.022" (0.55mm)"; VariantName = "[No Variations]"
Add component (AddParameter): Name = "LastUpdated"; Value = "9.02.2024 20:43:13"; VariantName = "[No Variations]"
Add component (AddParameter): Name = "Lifecycle Status"; Value = "Active"; VariantName = "[No Variations]"
Add component (AddParameter): Name = "Manufacturer"; Value = "Stackpole Electronics Inc"; VariantName = "[No Variations]"
Add component (AddParameter): Name = "Minimum Order"; Value = "1"; VariantName = "[No Variations]"
Add component (AddParameter): Name = "Number of Terminations"; Value = "2"; VariantName = "[No Variations]"
Add component (AddParameter): Name = "Operating Temperature"; Value = "-55°C ~ 155°C"; VariantName = "[No Variations]"
Add component (AddParameter): Name = "Package / Case"; Value = "0603 (1608 Metric)"; VariantName = "[No Variations]"
Add component (AddParameter): Name = "Packaging"; Value = "CutTape"; VariantName = "[No Variations]"
Add component (AddParameter): Name = "Part Number"; Value = "RMCF0603FT110K"; VariantName = "[No Variations]"
Add component (AddParameter): Name = "Part Status"; Value = "Active"; VariantName = "[No Variations]"
Add component (AddParameter): Name = "PartId"; Value = "10728"; VariantName = "[No Variations]"
Add component (AddParameter): Name = "Power (Watts)"; Value = "0.1W, 1/10W"; VariantName = "[No Variations]"
Add component (AddParameter): Name = "Price"; Value = "0.01"; VariantName = "[No Variations]"
Add component (AddParameter): Name = "Ratings"; Value = "AEC-Q200"; VariantName = "[No Variations]"
Add component (AddParameter): Name = "Resistance"; Value = "110 kOhms"; VariantName = "[No Variations]"
Add component (AddParameter): Name = "Series"; Value = "RMCF"; VariantName = "[No Variations]"
Add component (AddParameter): Name = "Size / Dimension"; Value = "0.061" L x 0.031" W (1.55mm x 0.80mm)"; VariantName = "[No Variations]"
Add component (AddParameter): Name = "Supplier 1"; Value = "DigiKey"; VariantName = "[No Variations]"
Add component (AddParameter): Name = "Supplier Device Package"; Value = "0603"; VariantName = "[No Variations]"
Add component (AddParameter): Name = "Supplier Part Number 1"; Value = "RMCF0603FT110KCT-ND"; VariantName = "[No Variations]"
Add component (AddParameter): Name = "Temperature Coefficient"; Value = "±100ppm/°C"; VariantName = "[No Variations]"
Add component (AddParameter): Name = "Tolerance"; Value = "±1%"; VariantName = "[No Variations]"
Add component (AddParameter): Name = "Value"; Value = "110 kOhms"; VariantName = "[No Variations]"
Added Component: Designator=R45(RES 0603_1608)
Add component (AddParameter): Name = "ComponentLink1Description"; Value = "Datasheet"; VariantName = "[No Variations]"
Add component (AddParameter): Name = "ComponentLink1URL"; Value = "https://www.seielect.com/catalog/sei-rmcf_rmcp.pdf"; VariantName = "[No Variations]"
Add component (AddParameter): Name = "ComponentLink2Description"; Value = "DigiKey Link"; VariantName = "[No Variations]"
Add component (AddParameter): Name = "ComponentLink2URL"; Value = "https://www.digikey.com/en/products/detail/stackpole-electronics-inc/RMCF0603FT24K9/1760847"; VariantName = "[No Variations]"
Add component (AddParameter): Name = "Composition"; Value = "Thick Film"; VariantName = "[No Variations]"
Add component (AddParameter): Name = "Device Package"; Value = "0603 (1608 Metric)"; VariantName = "[No Variations]"
Add component (AddParameter): Name = "Features"; Value = "Automotive AEC-Q200"; VariantName = "[No Variations]"
Add component (AddParameter): Name = "Height - Seated (Max)"; Value = "0.022" (0.55mm)"; VariantName = "[No Variations]"
Add component (AddParameter): Name = "LastUpdated"; Value = "9.02.2024 20:43:13"; VariantName = "[No Variations]"
Add component (AddParameter): Name = "Lifecycle Status"; Value = "Active"; VariantName = "[No Variations]"
Add component (AddParameter): Name = "Manufacturer"; Value = "Stackpole Electronics Inc"; VariantName = "[No Variations]"
Add component (AddParameter): Name = "Minimum Order"; Value = "1"; VariantName = "[No Variations]"
Add component (AddParameter): Name = "Number of Terminations"; Value = "2"; VariantName = "[No Variations]"
Add component (AddParameter): Name = "Operating Temperature"; Value = "-55°C ~ 155°C"; VariantName = "[No Variations]"
Add component (AddParameter): Name = "Package / Case"; Value = "0603 (1608 Metric)"; VariantName = "[No Variations]"
Add component (AddParameter): Name = "Packaging"; Value = "CutTape"; VariantName = "[No Variations]"
Add component (AddParameter): Name = "Part Number"; Value = "RMCF0603FT24K9"; VariantName = "[No Variations]"
Add component (AddParameter): Name = "Part Status"; Value = "Active"; VariantName = "[No Variations]"
Add component (AddParameter): Name = "PartId"; Value = "10847"; VariantName = "[No Variations]"
Add component (AddParameter): Name = "Power (Watts)"; Value = "0.1W, 1/10W"; VariantName = "[No Variations]"
Add component (AddParameter): Name = "Price"; Value = "0.01"; VariantName = "[No Variations]"
Add component (AddParameter): Name = "Ratings"; Value = "AEC-Q200"; VariantName = "[No Variations]"
Add component (AddParameter): Name = "Resistance"; Value = "24.9 kOhms"; VariantName = "[No Variations]"
Add component (AddParameter): Name = "Series"; Value = "RMCF"; VariantName = "[No Variations]"
Add component (AddParameter): Name = "Size / Dimension"; Value = "0.061" L x 0.031" W (1.55mm x 0.80mm)"; VariantName = "[No Variations]"
Add component (AddParameter): Name = "Supplier 1"; Value = "DigiKey"; VariantName = "[No Variations]"
Add component (AddParameter): Name = "Supplier Device Package"; Value = "0603"; VariantName = "[No Variations]"
Add component (AddParameter): Name = "Supplier Part Number 1"; Value = "RMCF0603FT24K9CT-ND"; VariantName = "[No Variations]"
Add component (AddParameter): Name = "Temperature Coefficient"; Value = "±100ppm/°C"; VariantName = "[No Variations]"
Add component (AddParameter): Name = "Tolerance"; Value = "±1%"; VariantName = "[No Variations]"
Add component (AddParameter): Name = "Value"; Value = "24.9 kOhms"; VariantName = "[No Variations]"
Added Component: Designator=R46(RES 0603_1608)
Add component (AddParameter): Name = "ComponentLink1Description"; Value = "Datasheet"; VariantName = "[No Variations]"
Add component (AddParameter): Name = "ComponentLink1URL"; Value = "https://www.seielect.com/catalog/sei-packaging.pdf"; VariantName = "[No Variations]"
Add component (AddParameter): Name = "ComponentLink2Description"; Value = "DigiKey Link"; VariantName = "[No Variations]"
Add component (AddParameter): Name = "ComponentLink2URL"; Value = "https://www.digikey.com/en/products/detail/stackpole-electronics-inc/RMCF0603FT2K20/1760987"; VariantName = "[No Variations]"
Add component (AddParameter): Name = "Composition"; Value = "Thick Film"; VariantName = "[No Variations]"
Add component (AddParameter): Name = "Device Package"; Value = "0603 (1608 Metric)"; VariantName = "[No Variations]"
Add component (AddParameter): Name = "Features"; Value = "Automotive AEC-Q200"; VariantName = "[No Variations]"
Add component (AddParameter): Name = "Height - Seated (Max)"; Value = "0.022" (0.55mm)"; VariantName = "[No Variations]"
Add component (AddParameter): Name = "LastUpdated"; Value = "9.02.2024 20:43:32"; VariantName = "[No Variations]"
Add component (AddParameter): Name = "Lifecycle Status"; Value = "Active"; VariantName = "[No Variations]"
Add component (AddParameter): Name = "Manufacturer"; Value = "Stackpole Electronics Inc"; VariantName = "[No Variations]"
Add component (AddParameter): Name = "Minimum Order"; Value = "1"; VariantName = "[No Variations]"
Add component (AddParameter): Name = "Number of Terminations"; Value = "2"; VariantName = "[No Variations]"
Add component (AddParameter): Name = "Operating Temperature"; Value = "-55°C ~ 155°C"; VariantName = "[No Variations]"
Add component (AddParameter): Name = "Package / Case"; Value = "0603 (1608 Metric)"; VariantName = "[No Variations]"
Add component (AddParameter): Name = "Packaging"; Value = "CutTape"; VariantName = "[No Variations]"
Add component (AddParameter): Name = "Part Number"; Value = "RMCF0603FT2K20"; VariantName = "[No Variations]"
Add component (AddParameter): Name = "Part Status"; Value = "Active"; VariantName = "[No Variations]"
Add component (AddParameter): Name = "PartId"; Value = "6089"; VariantName = "[No Variations]"
Add component (AddParameter): Name = "Power (Watts)"; Value = "0.1W, 1/10W"; VariantName = "[No Variations]"
Add component (AddParameter): Name = "Price"; Value = "0.01"; VariantName = "[No Variations]"
Add component (AddParameter): Name = "Ratings"; Value = "AEC-Q200"; VariantName = "[No Variations]"
Add component (AddParameter): Name = "Resistance"; Value = "2.2 kOhms"; VariantName = "[No Variations]"
Add component (AddParameter): Name = "Series"; Value = "RMCF"; VariantName = "[No Variations]"
Add component (AddParameter): Name = "Size / Dimension"; Value = "0.061" L x 0.031" W (1.55mm x 0.80mm)"; VariantName = "[No Variations]"
Add component (AddParameter): Name = "Supplier 1"; Value = "DigiKey"; VariantName = "[No Variations]"
Add component (AddParameter): Name = "Supplier Device Package"; Value = "0603"; VariantName = "[No Variations]"
Add component (AddParameter): Name = "Supplier Part Number 1"; Value = "RMCF0603FT2K20CT-ND"; VariantName = "[No Variations]"
Add component (AddParameter): Name = "Temperature Coefficient"; Value = "±100ppm/°C"; VariantName = "[No Variations]"
Add component (AddParameter): Name = "Tolerance"; Value = "±1%"; VariantName = "[No Variations]"
Add component (AddParameter): Name = "Value"; Value = "2.2 kOhms"; VariantName = "[No Variations]"
Added Component: Designator=R47(RES 0603_1608)
Add component (AddParameter): Name = "ComponentLink1Description"; Value = "Datasheet"; VariantName = "[No Variations]"
Add component (AddParameter): Name = "ComponentLink1URL"; Value = "https://www.seielect.com/catalog/sei-packaging.pdf"; VariantName = "[No Variations]"
Add component (AddParameter): Name = "ComponentLink2Description"; Value = "DigiKey Link"; VariantName = "[No Variations]"
Add component (AddParameter): Name = "ComponentLink2URL"; Value = "https://www.digikey.com/en/products/detail/stackpole-electronics-inc/RMCF0603FG1K00/1713699"; VariantName = "[No Variations]"
Add component (AddParameter): Name = "Composition"; Value = "Thick Film"; VariantName = "[No Variations]"
Add component (AddParameter): Name = "Device Package"; Value = "0603 (1608 Metric)"; VariantName = "[No Variations]"
Add component (AddParameter): Name = "Features"; Value = "Automotive AEC-Q200"; VariantName = "[No Variations]"
Add component (AddParameter): Name = "Height - Seated (Max)"; Value = "0.022" (0.55mm)"; VariantName = "[No Variations]"
Add component (AddParameter): Name = "LastUpdated"; Value = "9.02.2024 20:42:15"; VariantName = "[No Variations]"
Add component (AddParameter): Name = "Lifecycle Status"; Value = "Active"; VariantName = "[No Variations]"
Add component (AddParameter): Name = "Manufacturer"; Value = "Stackpole Electronics Inc"; VariantName = "[No Variations]"
Add component (AddParameter): Name = "Minimum Order"; Value = "1"; VariantName = "[No Variations]"
Add component (AddParameter): Name = "Number of Terminations"; Value = "2"; VariantName = "[No Variations]"
Add component (AddParameter): Name = "Operating Temperature"; Value = "-55°C ~ 155°C"; VariantName = "[No Variations]"
Add component (AddParameter): Name = "Package / Case"; Value = "0603 (1608 Metric)"; VariantName = "[No Variations]"
Add component (AddParameter): Name = "Packaging"; Value = "CutTape"; VariantName = "[No Variations]"
Add component (AddParameter): Name = "Part Number"; Value = "RMCF0603FG1K00"; VariantName = "[No Variations]"
Add component (AddParameter): Name = "Part Status"; Value = "Active"; VariantName = "[No Variations]"
Add component (AddParameter): Name = "PartId"; Value = "24034"; VariantName = "[No Variations]"
Add component (AddParameter): Name = "Power (Watts)"; Value = "0.1W, 1/10W"; VariantName = "[No Variations]"
Add component (AddParameter): Name = "Price"; Value = "0.01"; VariantName = "[No Variations]"
Add component (AddParameter): Name = "Ratings"; Value = "AEC-Q200"; VariantName = "[No Variations]"
Add component (AddParameter): Name = "Resistance"; Value = "1 kOhms"; VariantName = "[No Variations]"
Add component (AddParameter): Name = "Series"; Value = "RMCF"; VariantName = "[No Variations]"
Add component (AddParameter): Name = "Size / Dimension"; Value = "0.061" L x 0.031" W (1.55mm x 0.80mm)"; VariantName = "[No Variations]"
Add component (AddParameter): Name = "Supplier 1"; Value = "DigiKey"; VariantName = "[No Variations]"
Add component (AddParameter): Name = "Supplier Device Package"; Value = "0603"; VariantName = "[No Variations]"
Add component (AddParameter): Name = "Supplier Part Number 1"; Value = "RMCF0603FG1K00CT-ND"; VariantName = "[No Variations]"
Add component (AddParameter): Name = "Temperature Coefficient"; Value = "±100ppm/°C"; VariantName = "[No Variations]"
Add component (AddParameter): Name = "Tolerance"; Value = "±1%"; VariantName = "[No Variations]"
Add component (AddParameter): Name = "Value"; Value = "1 kOhms"; VariantName = "[No Variations]"
Added Component: Designator=R48(RES 0603_1608)
Add component (AddParameter): Name = "ComponentLink1Description"; Value = "Datasheet"; VariantName = "[No Variations]"
Add component (AddParameter): Name = "ComponentLink1URL"; Value = "https://www.seielect.com/catalog/sei-rmcf_rmcp.pdf"; VariantName = "[No Variations]"
Add component (AddParameter): Name = "ComponentLink2Description"; Value = "DigiKey Link"; VariantName = "[No Variations]"
Add component (AddParameter): Name = "ComponentLink2URL"; Value = "https://www.digikey.com/en/products/detail/stackpole-electronics-inc/RMCF0603FT10K0/1761235"; VariantName = "[No Variations]"
Add component (AddParameter): Name = "Composition"; Value = "Thick Film"; VariantName = "[No Variations]"
Add component (AddParameter): Name = "Device Package"; Value = "0603 (1608 Metric)"; VariantName = "[No Variations]"
Add component (AddParameter): Name = "Features"; Value = "Automotive AEC-Q200"; VariantName = "[No Variations]"
Add component (AddParameter): Name = "Height - Seated (Max)"; Value = "0.022" (0.55mm)"; VariantName = "[No Variations]"
Add component (AddParameter): Name = "LastUpdated"; Value = "9.02.2024 20:42:00"; VariantName = "[No Variations]"
Add component (AddParameter): Name = "Lifecycle Status"; Value = "Active"; VariantName = "[No Variations]"
Add component (AddParameter): Name = "Manufacturer"; Value = "Stackpole Electronics Inc"; VariantName = "[No Variations]"
Add component (AddParameter): Name = "Minimum Order"; Value = "1"; VariantName = "[No Variations]"
Add component (AddParameter): Name = "Number of Terminations"; Value = "2"; VariantName = "[No Variations]"
Add component (AddParameter): Name = "Operating Temperature"; Value = "-55°C ~ 155°C"; VariantName = "[No Variations]"
Add component (AddParameter): Name = "Package / Case"; Value = "0603 (1608 Metric)"; VariantName = "[No Variations]"
Add component (AddParameter): Name = "Packaging"; Value = "CutTape"; VariantName = "[No Variations]"
Add component (AddParameter): Name = "Part Number"; Value = "RMCF0603FT10K0"; VariantName = "[No Variations]"
Add component (AddParameter): Name = "Part Status"; Value = "Active"; VariantName = "[No Variations]"
Add component (AddParameter): Name = "PartId"; Value = "25663"; VariantName = "[No Variations]"
Add component (AddParameter): Name = "Power (Watts)"; Value = "0.1W, 1/10W"; VariantName = "[No Variations]"
Add component (AddParameter): Name = "Price"; Value = "0.01"; VariantName = "[No Variations]"
Add component (AddParameter): Name = "Ratings"; Value = "AEC-Q200"; VariantName = "[No Variations]"
Add component (AddParameter): Name = "Resistance"; Value = "10 kOhms"; VariantName = "[No Variations]"
Add component (AddParameter): Name = "Series"; Value = "RMCF"; VariantName = "[No Variations]"
Add component (AddParameter): Name = "Size / Dimension"; Value = "0.061" L x 0.031" W (1.55mm x 0.80mm)"; VariantName = "[No Variations]"
Add component (AddParameter): Name = "Supplier 1"; Value = "DigiKey"; VariantName = "[No Variations]"
Add component (AddParameter): Name = "Supplier Device Package"; Value = "0603"; VariantName = "[No Variations]"
Add component (AddParameter): Name = "Supplier Part Number 1"; Value = "RMCF0603FT10K0CT-ND"; VariantName = "[No Variations]"
Add component (AddParameter): Name = "Temperature Coefficient"; Value = "±100ppm/°C"; VariantName = "[No Variations]"
Add component (AddParameter): Name = "Tolerance"; Value = "±1%"; VariantName = "[No Variations]"
Add component (AddParameter): Name = "Value"; Value = "10 kOhms"; VariantName = "[No Variations]"
Added Component: Designator=R49(RESC1608X55N)
Add component (AddParameter): Name = "Arrow Part Number"; Value = "RNCF0603AKT10R0"; VariantName = "[No Variations]"
Add component (AddParameter): Name = "Arrow Price/Stock"; Value = "https://www.arrow.com/en/products/rncf0603akt10r0/stackpole-electronics?region=nac"; VariantName = "[No Variations]"
Add component (AddParameter): Name = "Datasheet Link"; Value = "https://cs.seielect.com/catalog/SEI-RNCF.pdf"; VariantName = "[No Variations]"
Add component (AddParameter): Name = "Height"; Value = "0.55mm"; VariantName = "[No Variations]"
Add component (AddParameter): Name = "Manufacturer_Name"; Value = "Stackpole Electronics"; VariantName = "[No Variations]"
Add component (AddParameter): Name = "Manufacturer_Part_Number"; Value = "RNCF0603AKT10R0"; VariantName = "[No Variations]"
Add component (AddParameter): Name = "Mouser Part Number"; Value = "708-RNCF0603AKT10R0"; VariantName = "[No Variations]"
Add component (AddParameter): Name = "Mouser Price/Stock"; Value = "https://www.mouser.co.uk/ProductDetail/SEI-Stackpole/RNCF0603AKT10R0?qs=IPgv5n7u5QaEV3NAu4qPaA%3D%3D"; VariantName = "[No Variations]"
Added Component: Designator=R50(RESC1608X55N)
Add component (AddParameter): Name = "Arrow Part Number"; Value = "RNCF0603AKT10R0"; VariantName = "[No Variations]"
Add component (AddParameter): Name = "Arrow Price/Stock"; Value = "https://www.arrow.com/en/products/rncf0603akt10r0/stackpole-electronics?region=nac"; VariantName = "[No Variations]"
Add component (AddParameter): Name = "Datasheet Link"; Value = "https://cs.seielect.com/catalog/SEI-RNCF.pdf"; VariantName = "[No Variations]"
Add component (AddParameter): Name = "Height"; Value = "0.55mm"; VariantName = "[No Variations]"
Add component (AddParameter): Name = "Manufacturer_Name"; Value = "Stackpole Electronics"; VariantName = "[No Variations]"
Add component (AddParameter): Name = "Manufacturer_Part_Number"; Value = "RNCF0603AKT10R0"; VariantName = "[No Variations]"
Add component (AddParameter): Name = "Mouser Part Number"; Value = "708-RNCF0603AKT10R0"; VariantName = "[No Variations]"
Add component (AddParameter): Name = "Mouser Price/Stock"; Value = "https://www.mouser.co.uk/ProductDetail/SEI-Stackpole/RNCF0603AKT10R0?qs=IPgv5n7u5QaEV3NAu4qPaA%3D%3D"; VariantName = "[No Variations]"
Added Component: Designator=R51(0402_R)
Add component (AddParameter): Name = "Manufacturer"; Value = "Yageo"; VariantName = "[No Variations]"
Add component (AddParameter): Name = "Manufacturer Part Number"; Value = "RC0402FR-072K2L"; VariantName = "[No Variations]"
Add component (AddParameter): Name = "Supplier Part Number"; Value = "311-2.20KLRCT-ND"; VariantName = "[No Variations]"
Add component (AddParameter): Name = "Value"; Value = "2.2K"; VariantName = "[No Variations]"
Added Component: Designator=R52(0402_R)
Add component (AddParameter): Name = "Manufacturer"; Value = "Yageo"; VariantName = "[No Variations]"
Add component (AddParameter): Name = "Manufacturer Part Number"; Value = "RC0402FR-070RL"; VariantName = "[No Variations]"
Add component (AddParameter): Name = "Supplier Part Number"; Value = "311-0.0LRCT-ND"; VariantName = "[No Variations]"
Add component (AddParameter): Name = "Value"; Value = "0R"; VariantName = "[No Variations]"
Added Component: Designator=R53(RESC1608X55N)
Add component (AddParameter): Name = "Arrow Part Number"; Value = "RNCF0603AKT10R0"; VariantName = "[No Variations]"
Add component (AddParameter): Name = "Arrow Price/Stock"; Value = "https://www.arrow.com/en/products/rncf0603akt10r0/stackpole-electronics?region=nac"; VariantName = "[No Variations]"
Add component (AddParameter): Name = "Datasheet Link"; Value = "https://cs.seielect.com/catalog/SEI-RNCF.pdf"; VariantName = "[No Variations]"
Add component (AddParameter): Name = "Height"; Value = "0.55mm"; VariantName = "[No Variations]"
Add component (AddParameter): Name = "Manufacturer_Name"; Value = "Stackpole Electronics"; VariantName = "[No Variations]"
Add component (AddParameter): Name = "Manufacturer_Part_Number"; Value = "RNCF0603AKT10R0"; VariantName = "[No Variations]"
Add component (AddParameter): Name = "Mouser Part Number"; Value = "708-RNCF0603AKT10R0"; VariantName = "[No Variations]"
Add component (AddParameter): Name = "Mouser Price/Stock"; Value = "https://www.mouser.co.uk/ProductDetail/SEI-Stackpole/RNCF0603AKT10R0?qs=IPgv5n7u5QaEV3NAu4qPaA%3D%3D"; VariantName = "[No Variations]"
Added Component: Designator=R54(RESC1608X55N)
Add component (AddParameter): Name = "Arrow Part Number"; Value = "RNCF0603AKT10R0"; VariantName = "[No Variations]"
Add component (AddParameter): Name = "Arrow Price/Stock"; Value = "https://www.arrow.com/en/products/rncf0603akt10r0/stackpole-electronics?region=nac"; VariantName = "[No Variations]"
Add component (AddParameter): Name = "Datasheet Link"; Value = "https://cs.seielect.com/catalog/SEI-RNCF.pdf"; VariantName = "[No Variations]"
Add component (AddParameter): Name = "Height"; Value = "0.55mm"; VariantName = "[No Variations]"
Add component (AddParameter): Name = "Manufacturer_Name"; Value = "Stackpole Electronics"; VariantName = "[No Variations]"
Add component (AddParameter): Name = "Manufacturer_Part_Number"; Value = "RNCF0603AKT10R0"; VariantName = "[No Variations]"
Add component (AddParameter): Name = "Mouser Part Number"; Value = "708-RNCF0603AKT10R0"; VariantName = "[No Variations]"
Add component (AddParameter): Name = "Mouser Price/Stock"; Value = "https://www.mouser.co.uk/ProductDetail/SEI-Stackpole/RNCF0603AKT10R0?qs=IPgv5n7u5QaEV3NAu4qPaA%3D%3D"; VariantName = "[No Variations]"
Added Component: Designator=R55(RESC1608X55N)
Add component (AddParameter): Name = "Arrow Part Number"; Value = "RNCF0603AKT10R0"; VariantName = "[No Variations]"
Add component (AddParameter): Name = "Arrow Price/Stock"; Value = "https://www.arrow.com/en/products/rncf0603akt10r0/stackpole-electronics?region=nac"; VariantName = "[No Variations]"
Add component (AddParameter): Name = "Datasheet Link"; Value = "https://cs.seielect.com/catalog/SEI-RNCF.pdf"; VariantName = "[No Variations]"
Add component (AddParameter): Name = "Height"; Value = "0.55mm"; VariantName = "[No Variations]"
Add component (AddParameter): Name = "Manufacturer_Name"; Value = "Stackpole Electronics"; VariantName = "[No Variations]"
Add component (AddParameter): Name = "Manufacturer_Part_Number"; Value = "RNCF0603AKT10R0"; VariantName = "[No Variations]"
Add component (AddParameter): Name = "Mouser Part Number"; Value = "708-RNCF0603AKT10R0"; VariantName = "[No Variations]"
Add component (AddParameter): Name = "Mouser Price/Stock"; Value = "https://www.mouser.co.uk/ProductDetail/SEI-Stackpole/RNCF0603AKT10R0?qs=IPgv5n7u5QaEV3NAu4qPaA%3D%3D"; VariantName = "[No Variations]"
Added Component: Designator=R56(RESC1608X55N)
Add component (AddParameter): Name = "Arrow Part Number"; Value = "RNCF0603AKT10R0"; VariantName = "[No Variations]"
Add component (AddParameter): Name = "Arrow Price/Stock"; Value = "https://www.arrow.com/en/products/rncf0603akt10r0/stackpole-electronics?region=nac"; VariantName = "[No Variations]"
Add component (AddParameter): Name = "Datasheet Link"; Value = "https://cs.seielect.com/catalog/SEI-RNCF.pdf"; VariantName = "[No Variations]"
Add component (AddParameter): Name = "Height"; Value = "0.55mm"; VariantName = "[No Variations]"
Add component (AddParameter): Name = "Manufacturer_Name"; Value = "Stackpole Electronics"; VariantName = "[No Variations]"
Add component (AddParameter): Name = "Manufacturer_Part_Number"; Value = "RNCF0603AKT10R0"; VariantName = "[No Variations]"
Add component (AddParameter): Name = "Mouser Part Number"; Value = "708-RNCF0603AKT10R0"; VariantName = "[No Variations]"
Add component (AddParameter): Name = "Mouser Price/Stock"; Value = "https://www.mouser.co.uk/ProductDetail/SEI-Stackpole/RNCF0603AKT10R0?qs=IPgv5n7u5QaEV3NAu4qPaA%3D%3D"; VariantName = "[No Variations]"
Added Component: Designator=R57(RESC1608X55N)
Add component (AddParameter): Name = "Arrow Part Number"; Value = "RNCF0603AKT10R0"; VariantName = "[No Variations]"
Add component (AddParameter): Name = "Arrow Price/Stock"; Value = "https://www.arrow.com/en/products/rncf0603akt10r0/stackpole-electronics?region=nac"; VariantName = "[No Variations]"
Add component (AddParameter): Name = "Datasheet Link"; Value = "https://cs.seielect.com/catalog/SEI-RNCF.pdf"; VariantName = "[No Variations]"
Add component (AddParameter): Name = "Height"; Value = "0.55mm"; VariantName = "[No Variations]"
Add component (AddParameter): Name = "Manufacturer_Name"; Value = "Stackpole Electronics"; VariantName = "[No Variations]"
Add component (AddParameter): Name = "Manufacturer_Part_Number"; Value = "RNCF0603AKT10R0"; VariantName = "[No Variations]"
Add component (AddParameter): Name = "Mouser Part Number"; Value = "708-RNCF0603AKT10R0"; VariantName = "[No Variations]"
Add component (AddParameter): Name = "Mouser Price/Stock"; Value = "https://www.mouser.co.uk/ProductDetail/SEI-Stackpole/RNCF0603AKT10R0?qs=IPgv5n7u5QaEV3NAu4qPaA%3D%3D"; VariantName = "[No Variations]"
Added Component: Designator=R58(RESC1608X55N)
Add component (AddParameter): Name = "Arrow Part Number"; Value = "RNCF0603AKT10R0"; VariantName = "[No Variations]"
Add component (AddParameter): Name = "Arrow Price/Stock"; Value = "https://www.arrow.com/en/products/rncf0603akt10r0/stackpole-electronics?region=nac"; VariantName = "[No Variations]"
Add component (AddParameter): Name = "Datasheet Link"; Value = "https://cs.seielect.com/catalog/SEI-RNCF.pdf"; VariantName = "[No Variations]"
Add component (AddParameter): Name = "Height"; Value = "0.55mm"; VariantName = "[No Variations]"
Add component (AddParameter): Name = "Manufacturer_Name"; Value = "Stackpole Electronics"; VariantName = "[No Variations]"
Add component (AddParameter): Name = "Manufacturer_Part_Number"; Value = "RNCF0603AKT10R0"; VariantName = "[No Variations]"
Add component (AddParameter): Name = "Mouser Part Number"; Value = "708-RNCF0603AKT10R0"; VariantName = "[No Variations]"
Add component (AddParameter): Name = "Mouser Price/Stock"; Value = "https://www.mouser.co.uk/ProductDetail/SEI-Stackpole/RNCF0603AKT10R0?qs=IPgv5n7u5QaEV3NAu4qPaA%3D%3D"; VariantName = "[No Variations]"
Added Component: Designator=R59(0603)
Add component (AddParameter): Name = "Manufacturer"; Value = "Stackpole Electronics Inc"; VariantName = "[No Variations]"
Add component (AddParameter): Name = "Supplier"; Value = "Digi; RMCF0603FT24K0DKR-ND"; VariantName = "[No Variations]"
Added Component: Designator=R60(RESC0603X03L_C)
Add component (AddParameter): Name = "Manufacturer"; Value = "Vishay Dale"; VariantName = "[No Variations]"
Add component (AddParameter): Name = "Supplier"; Value = "Digi; 541-3906-6-ND"; VariantName = "[No Variations]"
Added Component: Designator=R61(RESC0603X03L_C)
Add component (AddParameter): Name = "Manufacturer"; Value = "Vishay Dale"; VariantName = "[No Variations]"
Add component (AddParameter): Name = "Supplier"; Value = "Digi; 541-3906-6-ND"; VariantName = "[No Variations]"
Added Component: Designator=R62(RESC0603X03L_C)
Add component (AddParameter): Name = "Manufacturer"; Value = "Vishay Dale"; VariantName = "[No Variations]"
Add component (AddParameter): Name = "Supplier"; Value = "Digi; 541-3906-6-ND"; VariantName = "[No Variations]"
Added Component: Designator=R63(RESC0603X03L_C)
Add component (AddParameter): Name = "Manufacturer"; Value = "Vishay Dale"; VariantName = "[No Variations]"
Add component (AddParameter): Name = "Supplier"; Value = "Digi; 541-3906-6-ND"; VariantName = "[No Variations]"
Added Component: Designator=R64(RESC0603X03L_C)
Add component (AddParameter): Name = "Manufacturer"; Value = "Vishay Dale"; VariantName = "[No Variations]"
Add component (AddParameter): Name = "Supplier"; Value = "Digi; 541-3906-6-ND"; VariantName = "[No Variations]"
Added Component: Designator=R65(RESIS_0603)
Add component (AddParameter): Name = "Manufacturer"; Value = "UNI-ROYAL(Uniroyal Elec)"; VariantName = "[No Variations]"
Add component (AddParameter): Name = "Supplier_JLCPCB"; Value = "C25803"; VariantName = "[No Variations]"
Add component (AddParameter): Name = "Supplier_MOUSER"; Value = "303-0603WAF1003T5E"; VariantName = "[No Variations]"
Added Component: Designator=R66(RESC0603X03L_C)
Add component (AddParameter): Name = "Manufacturer"; Value = "Vishay Dale"; VariantName = "[No Variations]"
Add component (AddParameter): Name = "Supplier"; Value = "Digi; 541-3906-6-ND"; VariantName = "[No Variations]"
Added Component: Designator=T1(TEST_POINT)
Add component (AddParameter): Name = "DESIG"; Value = "testing PAD"; VariantName = "[No Variations]"
Add component (AddParameter): Name = "FAB"; Value = "NA"; VariantName = "[No Variations]"
Add component (AddParameter): Name = "PCB Footprint"; Value = "test0_8-smd"; VariantName = "[No Variations]"
Add component (AddParameter): Name = "REF"; Value = "NA"; VariantName = "[No Variations]"
Add component (AddParameter): Name = "VAL"; Value = "NOT POPULATED"; VariantName = "[No Variations]"
Added Component: Designator=T2(TEST_POINT)
Add component (AddParameter): Name = "DESIG"; Value = "testing PAD"; VariantName = "[No Variations]"
Add component (AddParameter): Name = "FAB"; Value = "NA"; VariantName = "[No Variations]"
Add component (AddParameter): Name = "PCB Footprint"; Value = "test0_8-smd"; VariantName = "[No Variations]"
Add component (AddParameter): Name = "REF"; Value = "NA"; VariantName = "[No Variations]"
Add component (AddParameter): Name = "VAL"; Value = "NOT POPULATED"; VariantName = "[No Variations]"
Added Component: Designator=U1(LM5146RGYR)
Add component (AddParameter): Name = "Manufacturer"; Value = "Texas Instruments"; VariantName = "[No Variations]"
Add component (AddParameter): Name = "Supplier"; Value = "Digi; 296-LM5146RGYRDKR-ND"; VariantName = "[No Variations]"
Added Component: Designator=U2(CSD18543Q3A)
Added Component: Designator=U3(CSD18543Q3A)
Added Component: Designator=U4(LQFP48_STM)
Add component (AddParameter): Name = "A/D Converter"; Value = "2x12-bit (10 Channel)"; VariantName = "[No Variations]"
Add component (AddParameter): Name = "ComponentLink1Description"; Value = "Manufacturer URL"; VariantName = "[No Variations]"
Add component (AddParameter): Name = "ComponentLink1URL"; Value = "http://www.st.com/web/en/home.html"; VariantName = "[No Variations]"
Add component (AddParameter): Name = "ComponentLink2Description"; Value = "Datasheet"; VariantName = "[No Variations]"
Add component (AddParameter): Name = "ComponentLink2URL"; Value = "http://www.st.com/st-web-ui/static/active/en/resource/technical/document/datasheet/CD00161566.pdf"; VariantName = "[No Variations]"
Add component (AddParameter): Name = "ComponentLink3Description"; Value = "Package Specification"; VariantName = "[No Variations]"
Add component (AddParameter): Name = "ComponentLink3URL"; Value = "http://www.st.com/st-web-ui/static/active/en/resource/technical/document/datasheet/DM00058181.pdf"; VariantName = "[No Variations]"
Add component (AddParameter): Name = "Core"; Value = "ARM Cortex-M3"; VariantName = "[No Variations]"
Add component (AddParameter): Name = "DatasheetVersion"; Value = "Rev. 16"; VariantName = "[No Variations]"
Add component (AddParameter): Name = "FLASH Size (Prog) (kB)"; Value = "64"; VariantName = "[No Variations]"
Add component (AddParameter): Name = "I/Os (High Current)"; Value = "37"; VariantName = "[No Variations]"
Add component (AddParameter): Name = "Internal RAM Size (kB)"; Value = "20"; VariantName = "[No Variations]"
Add component (AddParameter): Name = "LCSC Manufacturer Part Number"; Value = "STM32F103C8T6"; VariantName = "[No Variations]"
Add component (AddParameter): Name = "LCSC Part Number"; Value = "C8734"; VariantName = "[No Variations]"
Add component (AddParameter): Name = "Manufacturer Part Number"; Value = "STM32F103C8T6"; VariantName = "[No Variations]"
Add component (AddParameter): Name = "Mounting Technology"; Value = "Surface Mount"; VariantName = "[No Variations]"
Add component (AddParameter): Name = "Operating Frequency(F) (Processor speed) (MHz)"; Value = "72"; VariantName = "[No Variations]"
Add component (AddParameter): Name = "PackageDescription"; Value = "48-Pin Low Profile Quad Flat Package, 7 x 7 mm Body, 0.5 mm Pitch"; VariantName = "[No Variations]"
Add component (AddParameter): Name = "PackageReference"; Value = "LQFP48"; VariantName = "[No Variations]"
Add component (AddParameter): Name = "PackageVersion"; Value = "Rev. 6, 06/2013"; VariantName = "[No Variations]"
Add component (AddParameter): Name = "Packing"; Value = "Tray"; VariantName = "[No Variations]"
Add component (AddParameter): Name = "Supply Voltage(Vcc) min (V)"; Value = "2"; VariantName = "[No Variations]"
Added Component: Designator=U5(SOIC8)
Add component (AddParameter): Name = "LCSC Part Number"; Value = "C30530"; VariantName = "[No Variations]"
Add component (AddParameter): Name = "Manufacturer Part Number"; Value = "SN65HVD232DR"; VariantName = "[No Variations]"
Added Component: Designator=U6(4-SOP)
Add component (AddParameter): Name = "Manufacturer"; Value = "IXYS Integrated Circuits Division"; VariantName = "[No Variations]"
Add component (AddParameter): Name = "Manufacturer Part Number"; Value = "CPC1014NTR"; VariantName = "[No Variations]"
Add component (AddParameter): Name = "Supplier Part Number"; Value = "CLA314CT-ND"; VariantName = "[No Variations]"
Added Component: Designator=U7(SOIC127P600X175-16N)
Add component (AddParameter): Name = "Manufacturer"; Value = "Texas Instruments"; VariantName = "[No Variations]"
Add component (AddParameter): Name = "Supplier"; Value = "Digi; 296-24344-6-ND"; VariantName = "[No Variations]"
Added Component: Designator=U8(SOIC127P600X175-16N)
Add component (AddParameter): Name = "Manufacturer"; Value = "Texas Instruments"; VariantName = "[No Variations]"
Add component (AddParameter): Name = "Supplier"; Value = "Digi; 296-24344-6-ND"; VariantName = "[No Variations]"
Added Component: Designator=U9(SOT95P280X145-6N/LM74700QDBVRQ1)
Added Component: Designator=U10(RGE0024H)
Add component (AddParameter): Name = "Copyright"; Value = "Copyright (C) 2025 Ultra Librarian. All rights reserved."; VariantName = "[No Variations]"
Add component (AddParameter): Name = "Manufacturer_Name"; Value = "Texas Instruments"; VariantName = "[No Variations]"
Add component (AddParameter): Name = "Manufacturer_Part_Number"; Value = "TPS16637RGER"; VariantName = "[No Variations]"
Add component (AddParameter): Name = "RefDes"; Value = "RefDes"; VariantName = "[No Variations]"
Add component (AddParameter): Name = "TYPE"; Value = "TYPE"; VariantName = "[No Variations]"
Added Component: Designator=U11(VREG_TLV75733PDRVR)
Add component (AddParameter): Name = "Check_prices"; Value = "https://www.snapeda.com/parts/TLV75733PDRVR/Texas+Instruments/view-part/?ref=eda"; VariantName = "[No Variations]"
Add component (AddParameter): Name = "MF"; Value = "Texas Instruments"; VariantName = "[No Variations]"
Add component (AddParameter): Name = "MP"; Value = "TLV75733PDRVR"; VariantName = "[No Variations]"
Add component (AddParameter): Name = "Package"; Value = "WSON-6 Texas Instruments"; VariantName = "[No Variations]"
Add component (AddParameter): Name = "SnapEDA_Link"; Value = "https://www.snapeda.com/parts/TLV75733PDRVR/Texas+Instruments/view-part/?ref=snap"; VariantName = "[No Variations]"
Add component (AddParameter): Name = "Value"; Value = ""; VariantName = "[No Variations]"
Added Component: Designator=U12(VREG_LM5017MR/NOPB)
Add component (AddParameter): Name = "Check_prices"; Value = "https://www.snapeda.com/parts/LMR33630ADDAR/Texas+Instruments/view-part/?ref=eda"; VariantName = "[No Variations]"
Add component (AddParameter): Name = "MF"; Value = "Texas Instruments"; VariantName = "[No Variations]"
Add component (AddParameter): Name = "MP"; Value = "LMR33630ADDAR"; VariantName = "[No Variations]"
Add component (AddParameter): Name = "Package"; Value = "HSOIC-8 Texas Instruments"; VariantName = "[No Variations]"
Add component (AddParameter): Name = "SnapEDA_Link"; Value = "https://www.snapeda.com/parts/LMR33630ADDAR/Texas+Instruments/view-part/?ref=snap"; VariantName = "[No Variations]"
Add component (AddParameter): Name = "Value"; Value = ""; VariantName = "[No Variations]"
Added Component: Designator=U13(QFN50P500X500X80-33N)
Add component (AddParameter): Name = "Manufacturer"; Value = "Analog Devices Inc./Maxim Integrated"; VariantName = "[No Variations]"
Add component (AddParameter): Name = "Supplier"; Value = "Digi; 505-TMC2240ATJ+-ND"; VariantName = "[No Variations]"
Added Component: Designator=U14(SOT95P280X145-6N)
Add component (AddParameter): Name = "Arrow Part Number"; Value = "INA181A2IDBVR"; VariantName = "[No Variations]"
Add component (AddParameter): Name = "Arrow Price/Stock"; Value = "https://www.arrow.com/en/products/ina181a2idbvr/texas-instruments.html?utm_currency=USD&region=nac"; VariantName = "[No Variations]"
Add component (AddParameter): Name = "Datasheet Link"; Value = "http://www.ti.com/general/docs/suppproductinfo.tsp?distId=26&gotoUrl=http%3A%2F%2Fwww.ti.com%2Flit%2Fgpn%2Fina181"; VariantName = "[No Variations]"
Add component (AddParameter): Name = "Height"; Value = "1.45mm"; VariantName = "[No Variations]"
Add component (AddParameter): Name = "Manufacturer_Name"; Value = "Texas Instruments"; VariantName = "[No Variations]"
Add component (AddParameter): Name = "Manufacturer_Part_Number"; Value = "INA181A2IDBVR"; VariantName = "[No Variations]"
Add component (AddParameter): Name = "Mouser Part Number"; Value = "595-INA181A2IDBVR"; VariantName = "[No Variations]"
Add component (AddParameter): Name = "Mouser Price/Stock"; Value = "https://www.mouser.co.uk/ProductDetail/Texas-Instruments/INA181A2IDBVR?qs=5aG0NVq1C4wvxWxbAGEmKw%3D%3D"; VariantName = "[No Variations]"
Added Component: Designator=Y1(XTAL_ECS-80-8-30Q-VS-TR)
Add component (AddParameter): Name = "Check_prices"; Value = "https://www.snapeda.com/parts/ECS-80-8-30Q-VS-TR/ECS/view-part/?ref=eda"; VariantName = "[No Variations]"
Add component (AddParameter): Name = "MF"; Value = "ECS Inc."; VariantName = "[No Variations]"
Add component (AddParameter): Name = "MP"; Value = "ECS-80-8-30Q-VS-TR"; VariantName = "[No Variations]"
Add component (AddParameter): Name = "Package"; Value = "SMD-2 ECS Inc."; VariantName = "[No Variations]"
Add component (AddParameter): Name = "SnapEDA_Link"; Value = "https://www.snapeda.com/parts/ECS-80-8-30Q-VS-TR/ECS/view-part/?ref=snap"; VariantName = "[No Variations]"
Add component (AddParameter): Name = "Value"; Value = ""; VariantName = "[No Variations]"
Added Pin To Net: NetName=GND Pin=C1-2
Added Pin To Net: NetName=GND Pin=C2-1
Added Pin To Net: NetName=GND Pin=C3-1
Added Pin To Net: NetName=GND Pin=C4-1
Added Pin To Net: NetName=GND Pin=C5-1
Added Pin To Net: NetName=GND Pin=C6-1
Added Pin To Net: NetName=GND Pin=C7-1
Added Pin To Net: NetName=GND Pin=C9-2
Added Pin To Net: NetName=GND Pin=C10-2
Added Pin To Net: NetName=GND Pin=C11-1
Added Pin To Net: NetName=+3V3 Pin=C11-2
Added Pin To Net: NetName=+3V3 Pin=C12-1
Added Pin To Net: NetName=GND Pin=C12-2
Added Pin To Net: NetName=+3V3 Pin=C13-1
Added Pin To Net: NetName=GND Pin=C13-2
Added Pin To Net: NetName=+3V3 Pin=C14-1
Added Pin To Net: NetName=GND Pin=C14-2
Added Pin To Net: NetName=+3V3 Pin=C15-1
Added Pin To Net: NetName=GND Pin=C15-2
Added Pin To Net: NetName=NRST Pin=C16-1
Added Pin To Net: NetName=GND Pin=C16-2
Added Pin To Net: NetName=GND Pin=C17-1
Added Pin To Net: NetName=OSC_OUT_Y Pin=C17-2
Added Pin To Net: NetName=GND Pin=C18-1
Added Pin To Net: NetName=OSC_IN Pin=C18-2
Added Pin To Net: NetName=VDDA Pin=C19-1
Added Pin To Net: NetName=GND Pin=C19-2
Added Pin To Net: NetName=VDDA Pin=C20-1
Added Pin To Net: NetName=GND Pin=C20-2
Added Pin To Net: NetName=CAN1_P Pin=C21-1
Added Pin To Net: NetName=GND Pin=C21-2
Added Pin To Net: NetName=GND Pin=C22-1
Added Pin To Net: NetName=+3V3_CAN Pin=C22-2
Added Pin To Net: NetName=+3V3_CAN Pin=C23-1
Added Pin To Net: NetName=GND Pin=C23-2
Added Pin To Net: NetName=GND Pin=C24-1
Added Pin To Net: NetName=CAN1_N Pin=C24-2
Added Pin To Net: NetName=GND Pin=C25-1
Added Pin To Net: NetName=GND Pin=C26-1
Added Pin To Net: NetName=GND Pin=C27-1
Added Pin To Net: NetName=GND Pin=C28-1
Added Pin To Net: NetName=GND Pin=C29-1
Added Pin To Net: NetName=GND Pin=C31-1
Added Pin To Net: NetName=NetC34_2 Pin=C34-2
Added Pin To Net: NetName=GND Pin=C35-1
Added Pin To Net: NetName=+3V3 Pin=C35-2
Added Pin To Net: NetName=GND Pin=C36-1
Added Pin To Net: NetName=NetC36_2 Pin=C36-2
Added Pin To Net: NetName=GND Pin=C37-1
Added Pin To Net: NetName=+3V3 Pin=C37-2
Added Pin To Net: NetName=GND Pin=C38-1
Added Pin To Net: NetName=NetC38_2 Pin=C38-2
Added Pin To Net: NetName=GND Pin=C61-1
Added Pin To Net: NetName=GND Pin=C62-1
Added Pin To Net: NetName=GND Pin=C63-1
Added Pin To Net: NetName=GND Pin=C64-1
Added Pin To Net: NetName=GND Pin=C65-1
Added Pin To Net: NetName=GND Pin=C67-1
Added Pin To Net: NetName=+3V3 Pin=C67-2
Added Pin To Net: NetName=NetD3_1 Pin=D3-1
Added Pin To Net: NetName=LED_STAT Pin=D3-2
Added Pin To Net: NetName=NetD4_1 Pin=D4-1
Added Pin To Net: NetName=LED_USER Pin=D4-2
Added Pin To Net: NetName=+3V3 Pin=FB1-1
Added Pin To Net: NetName=VDDA Pin=FB1-2
Added Pin To Net: NetName=+3V3 Pin=FB2-1
Added Pin To Net: NetName=+3V3_CAN Pin=FB2-2
Added Pin To Net: NetName=CAN_F_P Pin=FL1-1
Added Pin To Net: NetName=CAN_F_N Pin=FL1-2
Added Pin To Net: NetName=CAN1_N Pin=FL1-3
Added Pin To Net: NetName=CAN1_P Pin=FL1-4
Added Pin To Net: NetName=GND Pin=IC1-6
Added Pin To Net: NetName=GND Pin=IC1-11
Added Pin To Net: NetName=GND Pin=IC1-12
Added Pin To Net: NetName=GND Pin=IC1-17
Added Pin To Net: NetName=GND Pin=IC1-18
Added Pin To Net: NetName=+3V3 Pin=IC1-20
Added Pin To Net: NetName=GND Pin=IC1-21
Added Pin To Net: NetName=+3V3 Pin=IC1-22
Added Pin To Net: NetName=GND Pin=IC1-23
Added Pin To Net: NetName=GND Pin=IC1-24
Added Pin To Net: NetName=GND Pin=IC1-25
Added Pin To Net: NetName=GND Pin=IC1-30
Added Pin To Net: NetName=GND Pin=IC1-49
Added Pin To Net: NetName=GND Pin=J2-1
Added Pin To Net: NetName=USART1_TX Pin=J2-2
Added Pin To Net: NetName=USART1_RX Pin=J2-3
Added Pin To Net: NetName=+3V3 Pin=J3-1
Added Pin To Net: NetName=SWDIO Pin=J3-2
Added Pin To Net: NetName=GND Pin=J3-3
Added Pin To Net: NetName=SWCLK Pin=J3-4
Added Pin To Net: NetName=GND Pin=J3-5
Added Pin To Net: NetName=GND Pin=J3-9
Added Pin To Net: NetName=NRST Pin=J3-10
Added Pin To Net: NetName=GND Pin=Q1-2
Added Pin To Net: NetName=GND Pin=Q2-2
Added Pin To Net: NetName=GND Pin=R3-1
Added Pin To Net: NetName=GND Pin=R4-1
Added Pin To Net: NetName=+3V3 Pin=R6-1
Added Pin To Net: NetName=BOOT0 Pin=R6-2
Added Pin To Net: NetName=+3V3 Pin=R7-1
Added Pin To Net: NetName=NRST Pin=R7-2
Added Pin To Net: NetName=BOOT0 Pin=R8-1
Added Pin To Net: NetName=GND Pin=R8-2
Added Pin To Net: NetName=GND Pin=R9-1
Added Pin To Net: NetName=BOOT1 Pin=R9-2
Added Pin To Net: NetName=OSC_OUT Pin=R10-1
Added Pin To Net: NetName=OSC_OUT_Y Pin=R10-2
Added Pin To Net: NetName=NetD3_1 Pin=R11-1
Added Pin To Net: NetName=GND Pin=R11-2
Added Pin To Net: NetName=NetD4_1 Pin=R12-1
Added Pin To Net: NetName=GND Pin=R12-2
Added Pin To Net: NetName=CAN1_P Pin=R13-1
Added Pin To Net: NetName=NetR13_2 Pin=R13-2
Added Pin To Net: NetName=CAN1_N Pin=R14-1
Added Pin To Net: NetName=NetR14_2 Pin=R14-2
Added Pin To Net: NetName=NetR15_1 Pin=R15-1
Added Pin To Net: NetName=NetR15_2 Pin=R15-2
Added Pin To Net: NetName=GND Pin=R19-1
Added Pin To Net: NetName=NetC34_2 Pin=R21-1
Added Pin To Net: NetName=GND Pin=R23-1
Added Pin To Net: NetName=+3V3 Pin=R24-2
Added Pin To Net: NetName=+3V3 Pin=R25-2
Added Pin To Net: NetName=NetC36_2 Pin=R26-2
Added Pin To Net: NetName=GND Pin=R28-1
Added Pin To Net: NetName=+3V3 Pin=R29-2
Added Pin To Net: NetName=+3V3 Pin=R30-2
Added Pin To Net: NetName=NetC38_2 Pin=R31-2
Added Pin To Net: NetName=GND Pin=R33-1
Added Pin To Net: NetName=GND Pin=R59-1
Added Pin To Net: NetName=NetT2_1 Pin=T2-1
Added Pin To Net: NetName=GND Pin=U1-6
Added Pin To Net: NetName=NetT2_1 Pin=U1-7
Added Pin To Net: NetName=GND Pin=U1-12
Added Pin To Net: NetName=GND Pin=U1-15
Added Pin To Net: NetName=GND Pin=U1-21
Added Pin To Net: NetName=GND Pin=U3-S
Added Pin To Net: NetName=GND Pin=U3-S
Added Pin To Net: NetName=GND Pin=U3-S
Added Pin To Net: NetName=+3V3 Pin=U4-1
Added Pin To Net: NetName=OSC_IN Pin=U4-5
Added Pin To Net: NetName=OSC_OUT Pin=U4-6
Added Pin To Net: NetName=NRST Pin=U4-7
Added Pin To Net: NetName=GND Pin=U4-8
Added Pin To Net: NetName=VDDA Pin=U4-9
Added Pin To Net: NetName=NetR15_2 Pin=U4-14
Added Pin To Net: NetName=LED_STAT Pin=U4-16
Added Pin To Net: NetName=LED_USER Pin=U4-17
Added Pin To Net: NetName=BOOT1 Pin=U4-20
Added Pin To Net: NetName=NFC_RESET Pin=U4-21
Added Pin To Net: NetName=NFC_IRQ Pin=U4-22
Added Pin To Net: NetName=GND Pin=U4-23
Added Pin To Net: NetName=+3V3 Pin=U4-24
Added Pin To Net: NetName=SPI2_CS_NFC Pin=U4-25
Added Pin To Net: NetName=SPI2_SCLK Pin=U4-26
Added Pin To Net: NetName=SPI2_MISO Pin=U4-27
Added Pin To Net: NetName=SPI2_MOSI Pin=U4-28
Added Pin To Net: NetName=USART1_TX Pin=U4-30
Added Pin To Net: NetName=USART1_RX Pin=U4-31
Added Pin To Net: NetName=CAN_RX Pin=U4-32
Added Pin To Net: NetName=CAN_TX Pin=U4-33
Added Pin To Net: NetName=SWDIO Pin=U4-34
Added Pin To Net: NetName=GND Pin=U4-35
Added Pin To Net: NetName=+3V3 Pin=U4-36
Added Pin To Net: NetName=SWCLK Pin=U4-37
Added Pin To Net: NetName=BOOT0 Pin=U4-44
Added Pin To Net: NetName=GND Pin=U4-47
Added Pin To Net: NetName=+3V3 Pin=U4-48
Added Pin To Net: NetName=CAN_TX Pin=U5-1
Added Pin To Net: NetName=GND Pin=U5-2
Added Pin To Net: NetName=+3V3_CAN Pin=U5-3
Added Pin To Net: NetName=CAN_RX Pin=U5-4
Added Pin To Net: NetName=CAN_F_N Pin=U5-6
Added Pin To Net: NetName=CAN_F_P Pin=U5-7
Added Pin To Net: NetName=NetR15_1 Pin=U6-1
Added Pin To Net: NetName=GND Pin=U6-2
Added Pin To Net: NetName=NetR13_2 Pin=U6-3
Added Pin To Net: NetName=NetR14_2 Pin=U6-4
Added Pin To Net: NetName=GND Pin=U7-8
Added Pin To Net: NetName=GND Pin=U7-15
Added Pin To Net: NetName=+3V3 Pin=U7-16
Added Pin To Net: NetName=GND Pin=U8-8
Added Pin To Net: NetName=GND Pin=U8-15
Added Pin To Net: NetName=+3V3 Pin=U8-16
Added Pin To Net: NetName=OSC_OUT_Y Pin=Y1-1
Added Pin To Net: NetName=OSC_IN Pin=Y1-2
Added Pin To Net: NetName=+12V_SYS Pin=C9-1
Added Pin To Net: NetName=+12V_SYS Pin=C10-1
Added Pin To Net: NetName=+12V_SYS Pin=C25-2
Added Pin To Net: NetName=+12V_SYS Pin=C26-2
Added Pin To Net: NetName=+12V_SYS Pin=C27-2
Added Pin To Net: NetName=+12V_SYS Pin=C28-2
Added Pin To Net: NetName=+12V_SYS Pin=C29-2
Added Pin To Net: NetName=+12V_SYS Pin=L1-2
Added Pin To Net: NetName=+12V_SYS Pin=T1-1
Added Net: Name=+12V_SYS
Added Pin To Net: NetName=+24V_BUCK_IN Pin=C1-1
Added Pin To Net: NetName=+24V_BUCK_IN Pin=C2-2
Added Pin To Net: NetName=+24V_BUCK_IN Pin=C3-2
Added Pin To Net: NetName=+24V_BUCK_IN Pin=C4-2
Added Pin To Net: NetName=+24V_BUCK_IN Pin=C5-2
Added Pin To Net: NetName=+24V_BUCK_IN Pin=R1-2
Added Pin To Net: NetName=+24V_BUCK_IN Pin=R2-2
Added Pin To Net: NetName=+24V_BUCK_IN Pin=U2-D
Added Pin To Net: NetName=+24V_BUCK_IN Pin=U2-D
Added Pin To Net: NetName=+24V_BUCK_IN Pin=U2-D
Added Pin To Net: NetName=+24V_BUCK_IN Pin=U2-D
Added Pin To Net: NetName=+24V_BUCK_IN Pin=U2-D
Added Net: Name=+24V_BUCK_IN
Added Pin To Net: NetName=29_VCC Pin=C64-2
Added Pin To Net: NetName=29_VCC Pin=IC1-29
Added Pin To Net: NetName=29_VCC Pin=R51-2
Added Net: Name=29_VCC
Added Pin To Net: NetName=NetC6_2 Pin=C6-2
Added Pin To Net: NetName=NetC6_2 Pin=R2-1
Added Pin To Net: NetName=NetC6_2 Pin=U1-20
Added Net: Name=NetC6_2
Added Pin To Net: NetName=NetC7_2 Pin=C7-2
Added Pin To Net: NetName=NetC7_2 Pin=U1-3
Added Net: Name=NetC7_2
Added Pin To Net: NetName=NetC8_1 Pin=C8-1
Added Pin To Net: NetName=NetC8_1 Pin=C30-2
Added Pin To Net: NetName=NetC8_1 Pin=L1-1
Added Pin To Net: NetName=NetC8_1 Pin=R17-2
Added Pin To Net: NetName=NetC8_1 Pin=U1-19
Added Pin To Net: NetName=NetC8_1 Pin=U2-S
Added Pin To Net: NetName=NetC8_1 Pin=U2-S
Added Pin To Net: NetName=NetC8_1 Pin=U2-S
Added Pin To Net: NetName=NetC8_1 Pin=U3-D
Added Pin To Net: NetName=NetC8_1 Pin=U3-D
Added Pin To Net: NetName=NetC8_1 Pin=U3-D
Added Pin To Net: NetName=NetC8_1 Pin=U3-D
Added Pin To Net: NetName=NetC8_1 Pin=U3-D
Added Net: Name=NetC8_1
Added Pin To Net: NetName=NetC8_2 Pin=C8-2
Added Pin To Net: NetName=NetC8_2 Pin=U1-17
Added Net: Name=NetC8_2
Added Pin To Net: NetName=NetC30_1 Pin=C30-1
Added Pin To Net: NetName=NetC30_1 Pin=R17-1
Added Pin To Net: NetName=NetC30_1 Pin=U1-11
Added Net: Name=NetC30_1
Added Pin To Net: NetName=NetC31_2 Pin=C31-2
Added Pin To Net: NetName=NetC31_2 Pin=U1-14
Added Net: Name=NetC31_2
Added Pin To Net: NetName=NetC32_1 Pin=C32-1
Added Pin To Net: NetName=NetC32_1 Pin=C33-1
Added Pin To Net: NetName=NetC32_1 Pin=C34-1
Added Pin To Net: NetName=NetC32_1 Pin=R22-1
Added Pin To Net: NetName=NetC32_1 Pin=R23-2
Added Pin To Net: NetName=NetC32_1 Pin=U1-5
Added Net: Name=NetC32_1
Added Pin To Net: NetName=NetC32_2 Pin=C32-2
Added Pin To Net: NetName=NetC32_2 Pin=R21-2
Added Pin To Net: NetName=NetC32_2 Pin=U1-4
Added Net: Name=NetC32_2
Added Pin To Net: NetName=NetC33_2 Pin=C33-2
Added Pin To Net: NetName=NetC33_2 Pin=R20-1
Added Net: Name=NetC33_2
Added Pin To Net: NetName=NetC59_1 Pin=C59-1
Added Pin To Net: NetName=NetC59_1 Pin=IC1-40
Added Pin To Net: NetName=NetC59_1 Pin=J12-1
Added Pin To Net: NetName=NetC59_1 Pin=Q5-S
Added Pin To Net: NetName=NetC59_1 Pin=Q5-S
Added Pin To Net: NetName=NetC59_1 Pin=Q5-S
Added Pin To Net: NetName=NetC59_1 Pin=Q6-D
Added Pin To Net: NetName=NetC59_1 Pin=Q6-D
Added Pin To Net: NetName=NetC59_1 Pin=Q6-D
Added Pin To Net: NetName=NetC59_1 Pin=Q6-D
Added Pin To Net: NetName=NetC59_1 Pin=Q6-D
Added Net: Name=NetC59_1
Added Pin To Net: NetName=NetC59_2 Pin=C59-2
Added Pin To Net: NetName=NetC59_2 Pin=IC1-42
Added Net: Name=NetC59_2
Added Pin To Net: NetName=NetC60_1 Pin=C60-1
Added Pin To Net: NetName=NetC60_1 Pin=IC1-32
Added Net: Name=NetC60_1
Added Pin To Net: NetName=NetC60_2 Pin=C60-2
Added Pin To Net: NetName=NetC60_2 Pin=IC1-31
Added Net: Name=NetC60_2
Added Pin To Net: NetName=NetC61_2 Pin=C61-2
Added Pin To Net: NetName=NetC61_2 Pin=D1-1
Added Pin To Net: NetName=NetC61_2 Pin=D2-1
Added Pin To Net: NetName=NetC61_2 Pin=IC1-33
Added Pin To Net: NetName=NetC61_2 Pin=J11-9
Added Pin To Net: NetName=NetC61_2 Pin=J13-9
Added Pin To Net: NetName=NetC61_2 Pin=Q5-D
Added Pin To Net: NetName=NetC61_2 Pin=Q5-D
Added Pin To Net: NetName=NetC61_2 Pin=Q5-D
Added Pin To Net: NetName=NetC61_2 Pin=Q5-D
Added Pin To Net: NetName=NetC61_2 Pin=Q5-D
Added Pin To Net: NetName=NetC61_2 Pin=Q7-D
Added Pin To Net: NetName=NetC61_2 Pin=Q7-D
Added Pin To Net: NetName=NetC61_2 Pin=Q7-D
Added Pin To Net: NetName=NetC61_2 Pin=Q7-D
Added Pin To Net: NetName=NetC61_2 Pin=Q7-D
Added Pin To Net: NetName=NetC61_2 Pin=Q9-D
Added Pin To Net: NetName=NetC61_2 Pin=Q9-D
Added Pin To Net: NetName=NetC61_2 Pin=Q9-D
Added Pin To Net: NetName=NetC61_2 Pin=Q9-D
Added Pin To Net: NetName=NetC61_2 Pin=Q9-D
Added Pin To Net: NetName=NetC61_2 Pin=Q10-D
Added Pin To Net: NetName=NetC61_2 Pin=Q10-D
Added Pin To Net: NetName=NetC61_2 Pin=Q10-D
Added Pin To Net: NetName=NetC61_2 Pin=Q10-D
Added Pin To Net: NetName=NetC61_2 Pin=Q10-D
Added Pin To Net: NetName=NetC61_2 Pin=R52-2
Added Net: Name=NetC61_2
Added Pin To Net: NetName=NetC62_2 Pin=C62-2
Added Pin To Net: NetName=NetC62_2 Pin=IC1-3
Added Net: Name=NetC62_2
Added Pin To Net: NetName=NetC63_2 Pin=C63-2
Added Pin To Net: NetName=NetC63_2 Pin=IC1-5
Added Pin To Net: NetName=NetC63_2 Pin=R51-1
Added Net: Name=NetC63_2
Added Pin To Net: NetName=NetC66_1 Pin=C66-1
Added Pin To Net: NetName=NetC66_1 Pin=IC1-37
Added Pin To Net: NetName=NetC66_1 Pin=J12-2
Added Pin To Net: NetName=NetC66_1 Pin=Q7-S
Added Pin To Net: NetName=NetC66_1 Pin=Q7-S
Added Pin To Net: NetName=NetC66_1 Pin=Q7-S
Added Pin To Net: NetName=NetC66_1 Pin=Q8-D
Added Pin To Net: NetName=NetC66_1 Pin=Q8-D
Added Pin To Net: NetName=NetC66_1 Pin=Q8-D
Added Pin To Net: NetName=NetC66_1 Pin=Q8-D
Added Pin To Net: NetName=NetC66_1 Pin=Q8-D
Added Net: Name=NetC66_1
Added Pin To Net: NetName=NetC66_2 Pin=C66-2
Added Pin To Net: NetName=NetC66_2 Pin=IC1-35
Added Net: Name=NetC66_2
Added Pin To Net: NetName=NetC68_1 Pin=C68-1
Added Pin To Net: NetName=NetC68_1 Pin=IC1-45
Added Pin To Net: NetName=NetC68_1 Pin=J12-4
Added Pin To Net: NetName=NetC68_1 Pin=Q9-S
Added Pin To Net: NetName=NetC68_1 Pin=Q9-S
Added Pin To Net: NetName=NetC68_1 Pin=Q9-S
Added Pin To Net: NetName=NetC68_1 Pin=Q11-D
Added Pin To Net: NetName=NetC68_1 Pin=Q11-D
Added Pin To Net: NetName=NetC68_1 Pin=Q11-D
Added Pin To Net: NetName=NetC68_1 Pin=Q11-D
Added Pin To Net: NetName=NetC68_1 Pin=Q11-D
Added Net: Name=NetC68_1
Added Pin To Net: NetName=NetC68_2 Pin=C68-2
Added Pin To Net: NetName=NetC68_2 Pin=IC1-43
Added Net: Name=NetC68_2
Added Pin To Net: NetName=NetC69_1 Pin=C69-1
Added Pin To Net: NetName=NetC69_1 Pin=IC1-48
Added Pin To Net: NetName=NetC69_1 Pin=J12-3
Added Pin To Net: NetName=NetC69_1 Pin=Q10-S
Added Pin To Net: NetName=NetC69_1 Pin=Q10-S
Added Pin To Net: NetName=NetC69_1 Pin=Q10-S
Added Pin To Net: NetName=NetC69_1 Pin=Q12-D
Added Pin To Net: NetName=NetC69_1 Pin=Q12-D
Added Pin To Net: NetName=NetC69_1 Pin=Q12-D
Added Pin To Net: NetName=NetC69_1 Pin=Q12-D
Added Pin To Net: NetName=NetC69_1 Pin=Q12-D
Added Net: Name=NetC69_1
Added Pin To Net: NetName=NetC69_2 Pin=C69-2
Added Pin To Net: NetName=NetC69_2 Pin=IC1-2
Added Net: Name=NetC69_2
Added Pin To Net: NetName=NetD1_2 Pin=D1-2
Added Pin To Net: NetName=NetD1_2 Pin=Q1-3
Added Net: Name=NetD1_2
Added Pin To Net: NetName=NetD2_2 Pin=D2-2
Added Pin To Net: NetName=NetD2_2 Pin=J13-10
Added Pin To Net: NetName=NetD2_2 Pin=Q2-3
Added Net: Name=NetD2_2
Added Pin To Net: NetName=NetIC1_1 Pin=IC1-1
Added Net: Name=NetIC1_1
Added Pin To Net: NetName=NetIC1_7 Pin=IC1-7
Added Net: Name=NetIC1_7
Added Pin To Net: NetName=NetIC1_8 Pin=IC1-8
Added Net: Name=NetIC1_8
Added Pin To Net: NetName=NetIC1_9 Pin=IC1-9
Added Net: Name=NetIC1_9
Added Pin To Net: NetName=NetIC1_10 Pin=IC1-10
Added Net: Name=NetIC1_10
Added Pin To Net: NetName=NetIC1_13 Pin=IC1-13
Added Net: Name=NetIC1_13
Added Pin To Net: NetName=NetIC1_14 Pin=IC1-14
Added Net: Name=NetIC1_14
Added Pin To Net: NetName=NetIC1_15 Pin=IC1-15
Added Net: Name=NetIC1_15
Added Pin To Net: NetName=NetIC1_16 Pin=IC1-16
Added Net: Name=NetIC1_16
Added Pin To Net: NetName=NetIC1_26 Pin=IC1-26
Added Net: Name=NetIC1_26
Added Pin To Net: NetName=NetIC1_27 Pin=IC1-27
Added Net: Name=NetIC1_27
Added Pin To Net: NetName=NetIC1_28 Pin=IC1-28
Added Net: Name=NetIC1_28
Added Pin To Net: NetName=NetIC1_36 Pin=IC1-36
Added Pin To Net: NetName=NetIC1_36 Pin=R53-1
Added Net: Name=NetIC1_36
Added Pin To Net: NetName=NetIC1_38 Pin=IC1-38
Added Pin To Net: NetName=NetIC1_38 Pin=R54-1
Added Net: Name=NetIC1_38
Added Pin To Net: NetName=NetIC1_39 Pin=IC1-39
Added Pin To Net: NetName=NetIC1_39 Pin=R50-1
Added Net: Name=NetIC1_39
Added Pin To Net: NetName=NetIC1_41 Pin=IC1-41
Added Pin To Net: NetName=NetIC1_41 Pin=R49-1
Added Net: Name=NetIC1_41
Added Pin To Net: NetName=NetIC1_44 Pin=IC1-44
Added Net: Name=NetIC1_44
Added Pin To Net: NetName=NetIC1_46 Pin=IC1-46
Added Pin To Net: NetName=NetIC1_46 Pin=R57-1
Added Net: Name=NetIC1_46
Added Pin To Net: NetName=NetIC1_47 Pin=IC1-47
Added Pin To Net: NetName=NetIC1_47 Pin=R58-1
Added Net: Name=NetIC1_47
Added Pin To Net: NetName=NetJ11_1 Pin=J11-1
Added Net: Name=NetJ11_1
Added Pin To Net: NetName=NetJ11_2 Pin=J11-2
Added Net: Name=NetJ11_2
Added Pin To Net: NetName=NetJ11_3 Pin=J11-3
Added Net: Name=NetJ11_3
Added Pin To Net: NetName=NetJ11_4 Pin=J11-4
Added Net: Name=NetJ11_4
Added Pin To Net: NetName=NetJ11_5 Pin=J11-5
Added Net: Name=NetJ11_5
Added Pin To Net: NetName=NetJ11_6 Pin=J11-6
Added Net: Name=NetJ11_6
Added Pin To Net: NetName=NetJ11_7 Pin=J11-7
Added Pin To Net: NetName=NetJ11_7 Pin=R25-1
Added Pin To Net: NetName=NetJ11_7 Pin=R26-1
Added Net: Name=NetJ11_7
Added Pin To Net: NetName=NetJ11_8 Pin=J11-8
Added Pin To Net: NetName=NetJ11_8 Pin=J13-8
Added Net: Name=NetJ11_8
Added Pin To Net: NetName=NetJ11_10 Pin=J11-10
Added Net: Name=NetJ11_10
Added Pin To Net: NetName=NetJ13_1 Pin=J13-1
Added Net: Name=NetJ13_1
Added Pin To Net: NetName=NetJ13_2 Pin=J13-2
Added Net: Name=NetJ13_2
Added Pin To Net: NetName=NetJ13_3 Pin=J13-3
Added Net: Name=NetJ13_3
Added Pin To Net: NetName=NetJ13_4 Pin=J13-4
Added Net: Name=NetJ13_4
Added Pin To Net: NetName=NetJ13_5 Pin=J13-5
Added Net: Name=NetJ13_5
Added Pin To Net: NetName=NetJ13_6 Pin=J13-6
Added Net: Name=NetJ13_6
Added Pin To Net: NetName=NetJ13_7 Pin=J13-7
Added Net: Name=NetJ13_7
Added Pin To Net: NetName=NetJ14_1 Pin=J14-1
Added Pin To Net: NetName=NetJ14_1 Pin=U13-23
Added Net: Name=NetJ14_1
Added Pin To Net: NetName=NetJ14_2 Pin=J14-2
Added Pin To Net: NetName=NetJ14_2 Pin=U13-22
Added Net: Name=NetJ14_2
Added Pin To Net: NetName=NetJ14_3 Pin=J14-3
Added Pin To Net: NetName=NetJ14_3 Pin=U13-18
Added Net: Name=NetJ14_3
Added Pin To Net: NetName=NetJ14_4 Pin=J14-4
Added Pin To Net: NetName=NetJ14_4 Pin=U13-19
Added Net: Name=NetJ14_4
Added Pin To Net: NetName=NetQ1_1 Pin=Q1-1
Added Pin To Net: NetName=NetQ1_1 Pin=R27-2
Added Net: Name=NetQ1_1
Added Pin To Net: NetName=NetQ2_1 Pin=Q2-1
Added Pin To Net: NetName=NetQ2_1 Pin=R32-2
Added Net: Name=NetQ2_1
Added Pin To Net: NetName=NetQ3_1 Pin=Q3-1
Added Pin To Net: NetName=NetQ3_1 Pin=Q3-2
Added Pin To Net: NetName=NetQ3_1 Pin=Q3-3
Added Net: Name=NetQ3_1
Added Pin To Net: NetName=NetQ4_1 Pin=Q4-1
Added Pin To Net: NetName=NetQ4_1 Pin=Q4-2
Added Pin To Net: NetName=NetQ4_1 Pin=Q4-3
Added Net: Name=NetQ4_1
Added Pin To Net: NetName=NetQ5_G Pin=Q5-G
Added Pin To Net: NetName=NetQ5_G Pin=R49-2
Added Net: Name=NetQ5_G
Added Pin To Net: NetName=NetQ6_G Pin=Q6-G
Added Pin To Net: NetName=NetQ6_G Pin=R50-2
Added Net: Name=NetQ6_G
Added Pin To Net: NetName=NetQ6_S Pin=Q6-S
Added Pin To Net: NetName=NetQ6_S Pin=Q6-S
Added Pin To Net: NetName=NetQ6_S Pin=Q6-S
Added Pin To Net: NetName=NetQ6_S Pin=Q8-S
Added Pin To Net: NetName=NetQ6_S Pin=Q8-S
Added Pin To Net: NetName=NetQ6_S Pin=Q8-S
Added Net: Name=NetQ6_S
Added Pin To Net: NetName=NetQ7_G Pin=Q7-G
Added Pin To Net: NetName=NetQ7_G Pin=R53-2
Added Net: Name=NetQ7_G
Added Pin To Net: NetName=NetQ8_G Pin=Q8-G
Added Pin To Net: NetName=NetQ8_G Pin=R54-2
Added Net: Name=NetQ8_G
Added Pin To Net: NetName=NetQ9_G Pin=Q9-G
Added Pin To Net: NetName=NetQ9_G Pin=R55-2
Added Net: Name=NetQ9_G
Added Pin To Net: NetName=NetQ10_G Pin=Q10-G
Added Pin To Net: NetName=NetQ10_G Pin=R56-2
Added Net: Name=NetQ10_G
Added Pin To Net: NetName=NetQ11_G Pin=Q11-G
Added Pin To Net: NetName=NetQ11_G Pin=R57-2
Added Net: Name=NetQ11_G
Added Pin To Net: NetName=NetQ11_S Pin=Q11-S
Added Pin To Net: NetName=NetQ11_S Pin=Q11-S
Added Pin To Net: NetName=NetQ11_S Pin=Q11-S
Added Pin To Net: NetName=NetQ11_S Pin=Q12-S
Added Pin To Net: NetName=NetQ11_S Pin=Q12-S
Added Pin To Net: NetName=NetQ11_S Pin=Q12-S
Added Net: Name=NetQ11_S
Added Pin To Net: NetName=NetQ12_G Pin=Q12-G
Added Pin To Net: NetName=NetQ12_G Pin=R58-2
Added Net: Name=NetQ12_G
Added Pin To Net: NetName=NetR1_1 Pin=R1-1
Added Pin To Net: NetName=NetR1_1 Pin=R3-2
Added Pin To Net: NetName=NetR1_1 Pin=U1-1
Added Net: Name=NetR1_1
Added Pin To Net: NetName=NetR4_2 Pin=R4-2
Added Pin To Net: NetName=NetR4_2 Pin=U1-2
Added Net: Name=NetR4_2
Added Pin To Net: NetName=NetR5_1 Pin=R5-1
Added Pin To Net: NetName=NetR5_1 Pin=U1-18
Added Net: Name=NetR5_1
Added Pin To Net: NetName=NetR5_2 Pin=R5-2
Added Pin To Net: NetName=NetR5_2 Pin=U2-G
Added Net: Name=NetR5_2
Added Pin To Net: NetName=NetR16_1 Pin=R16-1
Added Net: Name=NetR16_1
Added Pin To Net: NetName=NetR16_2 Pin=R16-2
Added Pin To Net: NetName=NetR16_2 Pin=U1-8
Added Net: Name=NetR16_2
Added Pin To Net: NetName=NetR18_1 Pin=R18-1
Added Pin To Net: NetName=NetR18_1 Pin=U1-13
Added Net: Name=NetR18_1
Added Pin To Net: NetName=NetR18_2 Pin=R18-2
Added Pin To Net: NetName=NetR18_2 Pin=U3-G
Added Net: Name=NetR18_2
Added Pin To Net: NetName=NetR19_2 Pin=R19-2
Added Pin To Net: NetName=NetR19_2 Pin=U1-10
Added Net: Name=NetR19_2
Added Pin To Net: NetName=NetR20_2 Pin=R20-2
Added Pin To Net: NetName=NetR20_2 Pin=R22-2
Added Net: Name=NetR20_2
Added Pin To Net: NetName=NetR24_1 Pin=R24-1
Added Pin To Net: NetName=NetR24_1 Pin=R29-1
Added Pin To Net: NetName=NetR24_1 Pin=U7-12
Added Pin To Net: NetName=NetR24_1 Pin=U8-12
Added Net: Name=NetR24_1
Added Pin To Net: NetName=NetR27_1 Pin=R27-1
Added Pin To Net: NetName=NetR27_1 Pin=R28-2
Added Net: Name=NetR27_1
Added Pin To Net: NetName=NetR30_1 Pin=R30-1
Added Pin To Net: NetName=NetR30_1 Pin=R31-1
Added Net: Name=NetR30_1
Added Pin To Net: NetName=NetR32_1 Pin=R32-1
Added Pin To Net: NetName=NetR32_1 Pin=R33-2
Added Net: Name=NetR32_1
Added Pin To Net: NetName=NetR55_1 Pin=R55-1
Added Net: Name=NetR55_1
Added Pin To Net: NetName=NetR56_1 Pin=R56-1
Added Net: Name=NetR56_1
Added Pin To Net: NetName=NetR59_2 Pin=R59-2
Added Pin To Net: NetName=NetR59_2 Pin=U13-1
Added Net: Name=NetR59_2
Added Pin To Net: NetName=NetU4_11 Pin=U4-11
Added Net: Name=NetU4_11
Added Pin To Net: NetName=NetU7_1 Pin=U7-1
Added Net: Name=NetU7_1
Added Pin To Net: NetName=NetU7_7 Pin=U7-7
Added Net: Name=NetU7_7
Added Pin To Net: NetName=NetU7_9 Pin=U7-9
Added Net: Name=NetU7_9
Added Pin To Net: NetName=NetU8_1 Pin=U8-1
Added Net: Name=NetU8_1
Added Pin To Net: NetName=NetU8_7 Pin=U8-7
Added Net: Name=NetU8_7
Added Pin To Net: NetName=NetU8_9 Pin=U8-9
Added Net: Name=NetU8_9
Added Pin To Net: NetName=VSA Pin=C65-2
Added Pin To Net: NetName=VSA Pin=IC1-4
Added Pin To Net: NetName=VSA Pin=R52-1
Added Net: Name=VSA
Added Class: Name=03_POWER1
Added Class: Name=04_POWER_2
Added Class: Name=06_DRIVER
Added Class: Name=07_CAN
Added Class: Name=09_CONNECTOR
Added Class: Name=DRIVER4
Added Class: Name=DRIVER_2
Added Class: Name=DRIVER_3
Added Class: Name=POWER_3
Added Class: Name=POWER_4
Added Class: Name=POWER_5
Added Member To Class: ClassName=05_MCU Member=Component C11 4.7 µF
Added Member To Class: ClassName=05_MCU Member=Component C12 GCM188R71H104KA57J
Added Member To Class: ClassName=05_MCU Member=Component C13 GCM188R71H104KA57J
Added Member To Class: ClassName=05_MCU Member=Component C14 GCM188R71H104KA57J
Added Member To Class: ClassName=05_MCU Member=Component C15 GCM188R71H104KA57J
Added Member To Class: ClassName=05_MCU Member=Component C16 GCM188R71H104KA57J
Added Member To Class: ClassName=05_MCU Member=Component C17 8.2 pF
Added Member To Class: ClassName=05_MCU Member=Component C18 8.2 pF
Added Member To Class: ClassName=05_MCU Member=Component C19 1 µF
Added Member To Class: ClassName=05_MCU Member=Component C20 10000 pF
Added Member To Class: ClassName=05_MCU Member=Component D3 LED RED CLEAR SMD
Added Member To Class: ClassName=05_MCU Member=Component D4 LED RED CLEAR SMD
Added Member To Class: ClassName=05_MCU Member=Component FB1 BLM21PG121SN1D
Added Member To Class: ClassName=05_MCU Member=Component J2 SWR201-NRTN-S03-SA-WH
Added Member To Class: ClassName=05_MCU Member=Component J3 CONN HEADER SMD 10POS 1.27MM
Added Member To Class: ClassName=05_MCU Member=Component MTG1 Mounting Hole, 2MM
Added Member To Class: ClassName=05_MCU Member=Component MTG2 Mounting Hole, 2MM
Added Member To Class: ClassName=05_MCU Member=Component MTG3 Mounting Hole, 2MM
Added Member To Class: ClassName=05_MCU Member=Component MTG4 Mounting Hole, 2MM
Added Member To Class: ClassName=05_MCU Member=Component R6 10 kOhms
Added Member To Class: ClassName=05_MCU Member=Component R7 10 kOhms
Added Member To Class: ClassName=05_MCU Member=Component R8 10 kOhms
Added Member To Class: ClassName=05_MCU Member=Component R9 10 kOhms
Added Member To Class: ClassName=05_MCU Member=Component R10 0 Ohms
Added Member To Class: ClassName=05_MCU Member=Component R11 1 kOhms
Added Member To Class: ClassName=05_MCU Member=Component R12 1 kOhms
Added Member To Class: ClassName=05_MCU Member=Component U4 STM32F103C8T6
Added Member To Class: ClassName=05_MCU Member=Component Y1 ECS-80-8-30Q-VS-TR
Added Rule: Name=Schematic Supply Nets_3
Added Rule: Name=Schematic Supply Nets_6
Added Rule: Name=Schematic Supply Nets_8
