Added Component: Designator=B1(F0603)
Add component (AddParameter): Name = "Code"; Value = "3030007"; VariantName = "[No Variations]"
Add component (AddParameter): Name = "Family"; Value = "BEAD"; VariantName = "[No Variations]"
Add component (AddParameter): Name = "Manufacturer"; Value = "MURATA"; VariantName = "[No Variations]"
Add component (AddParameter): Name = "Manufacturer Part Name"; Value = "BLM18PG121SN1D"; VariantName = "[No Variations]"
Add component (AddParameter): Name = "Package Reference"; Value = "F1206"; VariantName = "[No Variations]"
Add component (AddParameter): Name = "Supplier"; Value = "Digikey"; VariantName = "[No Variations]"
Add component (AddParameter): Name = "Supplier No"; Value = "490-1037-2-ND"; VariantName = "[No Variations]"
Add component (AddParameter): Name = "Value"; Value = "120R"; VariantName = "[No Variations]"
Added Component: Designator=C1(CAP0603)
Add component (AddParameter): Name = "Datasheet Link"; Value = "https://componentsearchengine.com/Datasheets/1/06031A100FAT2A.pdf"; VariantName = "[No Variations]"
Add component (AddParameter): Name = "Height"; Value = "0.9mm"; VariantName = "[No Variations]"
Add component (AddParameter): Name = "Manufacturer Name"; Value = "KEMET"; VariantName = "[No Variations]"
Add component (AddParameter): Name = "Manufacturer Part Number"; Value = "C0603C104K5RAC7867"; VariantName = "[No Variations]"
Added Component: Designator=C2(CAP0603)
Add component (AddParameter): Name = "Datasheet Link"; Value = "https://componentsearchengine.com/Datasheets/1/06031A100FAT2A.pdf"; VariantName = "[No Variations]"
Add component (AddParameter): Name = "Height"; Value = "0.9mm"; VariantName = "[No Variations]"
Add component (AddParameter): Name = "Manufacturer Name"; Value = "KEMET"; VariantName = "[No Variations]"
Add component (AddParameter): Name = "Manufacturer Part Number"; Value = "C0603C104K5RAC7867"; VariantName = "[No Variations]"
Added Component: Designator=C3(CAP0603)
Add component (AddParameter): Name = "Datasheet Link"; Value = "https://componentsearchengine.com/Datasheets/1/06031A100FAT2A.pdf"; VariantName = "[No Variations]"
Add component (AddParameter): Name = "Height"; Value = "0.9mm"; VariantName = "[No Variations]"
Add component (AddParameter): Name = "Manufacturer Name"; Value = "KEMET"; VariantName = "[No Variations]"
Add component (AddParameter): Name = "Manufacturer Part Number"; Value = "C0603C104K5RAC7867"; VariantName = "[No Variations]"
Added Component: Designator=C4(CAP0603)
Add component (AddParameter): Name = "Datasheet Link"; Value = "https://componentsearchengine.com/Datasheets/1/06031A100FAT2A.pdf"; VariantName = "[No Variations]"
Add component (AddParameter): Name = "Height"; Value = "0.9mm"; VariantName = "[No Variations]"
Add component (AddParameter): Name = "Manufacturer Name"; Value = "KEMET"; VariantName = "[No Variations]"
Add component (AddParameter): Name = "Manufacturer Part Number"; Value = "C0603C104K5RAC7867"; VariantName = "[No Variations]"
Added Component: Designator=C5(CAP0603)
Add component (AddParameter): Name = "Datasheet Link"; Value = "https://componentsearchengine.com/Datasheets/1/06031A100FAT2A.pdf"; VariantName = "[No Variations]"
Add component (AddParameter): Name = "Height"; Value = "0.9mm"; VariantName = "[No Variations]"
Add component (AddParameter): Name = "Manufacturer Name"; Value = "KEMET"; VariantName = "[No Variations]"
Add component (AddParameter): Name = "Manufacturer Part Number"; Value = "C0603C104K5RAC7867"; VariantName = "[No Variations]"
Added Component: Designator=C6(CAP0603)
Add component (AddParameter): Name = "Datasheet Link"; Value = "https://componentsearchengine.com/Datasheets/1/06031A100FAT2A.pdf"; VariantName = "[No Variations]"
Add component (AddParameter): Name = "Height"; Value = "0.9mm"; VariantName = "[No Variations]"
Add component (AddParameter): Name = "Manufacturer Name"; Value = "KEMET"; VariantName = "[No Variations]"
Add component (AddParameter): Name = "Manufacturer Part Number"; Value = "C0603C104K5RAC7867"; VariantName = "[No Variations]"
Added Component: Designator=C7(CAP0603)
Add component (AddParameter): Name = "Datasheet Link"; Value = "https://componentsearchengine.com/Datasheets/1/06031A100FAT2A.pdf"; VariantName = "[No Variations]"
Add component (AddParameter): Name = "Height"; Value = "0.9mm"; VariantName = "[No Variations]"
Add component (AddParameter): Name = "Manufacturer Name"; Value = "KEMET"; VariantName = "[No Variations]"
Add component (AddParameter): Name = "Manufacturer Part Number"; Value = "C0603C104K5RAC7867"; VariantName = "[No Variations]"
Added Component: Designator=C8(CAP0603)
Add component (AddParameter): Name = "Datasheet Link"; Value = "https://componentsearchengine.com/Datasheets/1/06031A100FAT2A.pdf"; VariantName = "[No Variations]"
Add component (AddParameter): Name = "Height"; Value = "0.9mm"; VariantName = "[No Variations]"
Add component (AddParameter): Name = "Manufacturer Name"; Value = "KEMET"; VariantName = "[No Variations]"
Add component (AddParameter): Name = "Manufacturer Part Number"; Value = "C0603C104K5RAC7867"; VariantName = "[No Variations]"
Added Component: Designator=C9(CAP0603)
Add component (AddParameter): Name = "Datasheet Link"; Value = "https://componentsearchengine.com/Datasheets/1/06031A100FAT2A.pdf"; VariantName = "[No Variations]"
Add component (AddParameter): Name = "Height"; Value = "0.9mm"; VariantName = "[No Variations]"
Add component (AddParameter): Name = "Manufacturer Name"; Value = "KEMET"; VariantName = "[No Variations]"
Add component (AddParameter): Name = "Manufacturer Part Number"; Value = "C0603C104K5RAC7867"; VariantName = "[No Variations]"
Added Component: Designator=C10(CAP0603)
Add component (AddParameter): Name = "Datasheet Link"; Value = "https://componentsearchengine.com/Datasheets/1/06031A100FAT2A.pdf"; VariantName = "[No Variations]"
Add component (AddParameter): Name = "Height"; Value = "0.9mm"; VariantName = "[No Variations]"
Add component (AddParameter): Name = "Manufacturer Name"; Value = "KEMET"; VariantName = "[No Variations]"
Add component (AddParameter): Name = "Manufacturer Part Number"; Value = "C0603C104K5RAC7867"; VariantName = "[No Variations]"
Added Component: Designator=C11(CAP0603)
Add component (AddParameter): Name = "Datasheet Link"; Value = "https://componentsearchengine.com/Datasheets/1/06031A100FAT2A.pdf"; VariantName = "[No Variations]"
Add component (AddParameter): Name = "Height"; Value = "0.9mm"; VariantName = "[No Variations]"
Add component (AddParameter): Name = "Manufacturer Name"; Value = "KEMET"; VariantName = "[No Variations]"
Add component (AddParameter): Name = "Manufacturer Part Number"; Value = "C0603C104K5RAC7867"; VariantName = "[No Variations]"
Added Component: Designator=C12(CAP0603)
Add component (AddParameter): Name = "Datasheet Link"; Value = "https://componentsearchengine.com/Datasheets/1/06031A100FAT2A.pdf"; VariantName = "[No Variations]"
Add component (AddParameter): Name = "Height"; Value = "0.9mm"; VariantName = "[No Variations]"
Add component (AddParameter): Name = "Manufacturer Name"; Value = "KEMET"; VariantName = "[No Variations]"
Add component (AddParameter): Name = "Manufacturer Part Number"; Value = "C0603C104K5RAC7867"; VariantName = "[No Variations]"
Added Component: Designator=C13(CAP0603)
Add component (AddParameter): Name = "Datasheet Link"; Value = "https://componentsearchengine.com/Datasheets/1/06031A100FAT2A.pdf"; VariantName = "[No Variations]"
Add component (AddParameter): Name = "Height"; Value = "0.9mm"; VariantName = "[No Variations]"
Add component (AddParameter): Name = "Manufacturer Name"; Value = "KEMET"; VariantName = "[No Variations]"
Add component (AddParameter): Name = "Manufacturer Part Number"; Value = "C0603C104K5RAC7867"; VariantName = "[No Variations]"
Added Component: Designator=C14(CAP0603)
Add component (AddParameter): Name = "Datasheet Link"; Value = "https://componentsearchengine.com/Datasheets/1/06031A100FAT2A.pdf"; VariantName = "[No Variations]"
Add component (AddParameter): Name = "Height"; Value = "0.9mm"; VariantName = "[No Variations]"
Add component (AddParameter): Name = "Manufacturer Name"; Value = "KEMET"; VariantName = "[No Variations]"
Add component (AddParameter): Name = "Manufacturer Part Number"; Value = "C0603C104K5RAC7867"; VariantName = "[No Variations]"
Added Component: Designator=C15(CAP_EEEFT1H221AV)
Add component (AddParameter): Name = "Availability"; Value = "In Stock"; VariantName = "[No Variations]"
Add component (AddParameter): Name = "Check_prices"; Value = "https://www.snapeda.com/parts/EEE-FT1H221AV/Panasonic/view-part/5517810/?ref=eda"; VariantName = "[No Variations]"
Add component (AddParameter): Name = "Manufacturer Part Number"; Value = "EEE-FT1H221AV"; VariantName = "[No Variations]"
Add component (AddParameter): Name = "MF"; Value = "Panasonic Electronic Components"; VariantName = "[No Variations]"
Add component (AddParameter): Name = "Package"; Value = "RADIAL-2 Panasonic"; VariantName = "[No Variations]"
Add component (AddParameter): Name = "Price"; Value = "None"; VariantName = "[No Variations]"
Add component (AddParameter): Name = "SnapEDA_Link"; Value = "https://www.snapeda.com/parts/EEE-FT1H221AV/Panasonic/view-part/5517810/?ref=snap"; VariantName = "[No Variations]"
Add component (AddParameter): Name = "Value"; Value = ""; VariantName = "[No Variations]"
Added Component: Designator=C16(CAP_EEEFT1H221AV)
Add component (AddParameter): Name = "Availability"; Value = "In Stock"; VariantName = "[No Variations]"
Add component (AddParameter): Name = "Check_prices"; Value = "https://www.snapeda.com/parts/EEE-FT1H221AV/Panasonic/view-part/5517810/?ref=eda"; VariantName = "[No Variations]"
Add component (AddParameter): Name = "Manufacturer Part Number"; Value = "EEE-FT1H221AV"; VariantName = "[No Variations]"
Add component (AddParameter): Name = "MF"; Value = "Panasonic Electronic Components"; VariantName = "[No Variations]"
Add component (AddParameter): Name = "Package"; Value = "RADIAL-2 Panasonic"; VariantName = "[No Variations]"
Add component (AddParameter): Name = "Price"; Value = "None"; VariantName = "[No Variations]"
Add component (AddParameter): Name = "SnapEDA_Link"; Value = "https://www.snapeda.com/parts/EEE-FT1H221AV/Panasonic/view-part/5517810/?ref=snap"; VariantName = "[No Variations]"
Add component (AddParameter): Name = "Value"; Value = ""; VariantName = "[No Variations]"
Added Component: Designator=C17(SMC0603)
Add component (AddParameter): Name = "Manufacturer Part Number"; Value = "GCM188R71H224KA64D"; VariantName = "[No Variations]"
Add component (AddParameter): Name = "Order Code"; Value = "DIGI: 490-5402-2-ND"; VariantName = "[No Variations]"
Add component (AddParameter): Name = "Value"; Value = "0.22uF 50V"; VariantName = "[No Variations]"
Added Component: Designator=C18(SMC1206)
Add component (AddParameter): Name = "LCSC Manufacturer Part Number"; Value = "CL31A106KBHNNNE"; VariantName = "[No Variations]"
Add component (AddParameter): Name = "LCSC Part Number"; Value = "C13585"; VariantName = "[No Variations]"
Add component (AddParameter): Name = "Manufacturer Part Number"; Value = "CL31A106KBHNNNE"; VariantName = "[No Variations]"
Add component (AddParameter): Name = "Order Code"; Value = "Digi: 1276-2876-2-ND"; VariantName = "[No Variations]"
Add component (AddParameter): Name = "Sirius Stock Code"; Value = ""; VariantName = "[No Variations]"
Add component (AddParameter): Name = "Value"; Value = "10uF 50V"; VariantName = "[No Variations]"
Added Component: Designator=C19(SMC0603)
Add component (AddParameter): Name = "LCSC Manufacturer Part Number"; Value = "CL10B104KB8NNNC"; VariantName = "[No Variations]"
Add component (AddParameter): Name = "LCSC Part Number"; Value = "C1591"; VariantName = "[No Variations]"
Add component (AddParameter): Name = "Manufacturer Part Number"; Value = "CL10B104KB8NNNL"; VariantName = "[No Variations]"
Add component (AddParameter): Name = "Order Code"; Value = "DIGI:1276-CL10B104KB8NNNLTR-ND"; VariantName = "[No Variations]"
Add component (AddParameter): Name = "Sirius Stock Code"; Value = "A063-AGC10300001226"; VariantName = "[No Variations]"
Add component (AddParameter): Name = "Value"; Value = "0.1uF 50V"; VariantName = "[No Variations]"
Added Component: Designator=C20(CAP0603)
Add component (AddParameter): Name = "LCSC Part Number"; Value = "C1590"; VariantName = "[No Variations]"
Add component (AddParameter): Name = "Manufacturer Part Number"; Value = "CL10B104KA8NNNC"; VariantName = "[No Variations]"
Add component (AddParameter): Name = "Value"; Value = "100nF"; VariantName = "[No Variations]"
Added Component: Designator=C21(CAPAE430X565N/K)
Add component (AddParameter): Name = "Manufacturer"; Value = "KEMET"; VariantName = "[No Variations]"
Add component (AddParameter): Name = "MPN"; Value = "EDH106M016A9BAA"; VariantName = "[No Variations]"
Added Component: Designator=C22(CAP_EEEFT1H331AP)
Add component (AddParameter): Name = "Manufacturer"; Value = "Panasonic Industry"; VariantName = "[No Variations]"
Add component (AddParameter): Name = "MPN"; Value = "EEE-FT1H331AP"; VariantName = "[No Variations]"
Added Component: Designator=C23(1206_C)
Add component (AddParameter): Name = "Manufacturer"; Value = "KEMET"; VariantName = "[No Variations]"
Add component (AddParameter): Name = "Manufacturer Part Number"; Value = "C1206C105K5RAC7800"; VariantName = "[No Variations]"
Add component (AddParameter): Name = "Supplier Part Number"; Value = "399-C1206C105K5RAC7800CT-ND"; VariantName = "[No Variations]"
Add component (AddParameter): Name = "Value"; Value = "1µF/50V"; VariantName = "[No Variations]"
Added Component: Designator=C24(CAP0603)
Add component (AddParameter): Name = "Manufacturer Part Number"; Value = "GRM188R61E106KA73J"; VariantName = "[No Variations]"
Add component (AddParameter): Name = "Order Code"; Value = "DIGI:1276-CL10B104KB8NNNLTR-ND"; VariantName = "[No Variations]"
Add component (AddParameter): Name = "Sirius Stock Code"; Value = "A063-AGC10300001226"; VariantName = "[No Variations]"
Add component (AddParameter): Name = "Value"; Value = "10uF"; VariantName = "[No Variations]"
Added Component: Designator=C25(CAP0603)
Add component (AddParameter): Name = "Manufacturer Part Number"; Value = "GRM188R61E106KA73J"; VariantName = "[No Variations]"
Add component (AddParameter): Name = "Order Code"; Value = "DIGI:1276-CL10B104KB8NNNLTR-ND"; VariantName = "[No Variations]"
Add component (AddParameter): Name = "Sirius Stock Code"; Value = "A063-AGC10300001226"; VariantName = "[No Variations]"
Add component (AddParameter): Name = "Value"; Value = "10uF"; VariantName = "[No Variations]"
Added Component: Designator=C26(CAP0603)
Add component (AddParameter): Name = "LCSC Part Number"; Value = "C1590"; VariantName = "[No Variations]"
Add component (AddParameter): Name = "Manufacturer Part Number"; Value = "CL10B104KA8NNNC"; VariantName = "[No Variations]"
Add component (AddParameter): Name = "Value"; Value = "100nF"; VariantName = "[No Variations]"
Added Component: Designator=C27(CAP0603)
Add component (AddParameter): Name = "LCSC Part Number"; Value = "C1590"; VariantName = "[No Variations]"
Add component (AddParameter): Name = "Manufacturer Part Number"; Value = "CL10B104KA8NNNC"; VariantName = "[No Variations]"
Add component (AddParameter): Name = "Value"; Value = "100nF"; VariantName = "[No Variations]"
Added Component: Designator=C28(CAP_EEHZA1H220P)
Add component (AddParameter): Name = "Manufacturer"; Value = "Panasonic Industry"; VariantName = "[No Variations]"
Add component (AddParameter): Name = "MPN"; Value = "EEH-ZA1H220P"; VariantName = "[No Variations]"
Added Component: Designator=C29(SMC0603)
Add component (AddParameter): Name = "LCSC Manufacturer Part Number"; Value = "CL10A106KP8NNNC"; VariantName = "[No Variations]"
Add component (AddParameter): Name = "LCSC Part Number"; Value = "C19702"; VariantName = "[No Variations]"
Add component (AddParameter): Name = "Manufacturer Part Number"; Value = "CL10A106KP8NNNC"; VariantName = "[No Variations]"
Add component (AddParameter): Name = "Order Code"; Value = "DIGI: 1276-1192-2-ND"; VariantName = "[No Variations]"
Add component (AddParameter): Name = "Sirius Stock Code"; Value = ""; VariantName = "[No Variations]"
Add component (AddParameter): Name = "Value"; Value = "10uF 10V"; VariantName = "[No Variations]"
Added Component: Designator=C30(CAP0603)
Add component (AddParameter): Name = "Datasheet Link"; Value = "https://componentsearchengine.com/Datasheets/1/06031A100FAT2A.pdf"; VariantName = "[No Variations]"
Add component (AddParameter): Name = "Height"; Value = "0.9mm"; VariantName = "[No Variations]"
Add component (AddParameter): Name = "Manufacturer Name"; Value = "KEMET"; VariantName = "[No Variations]"
Add component (AddParameter): Name = "Manufacturer Part Number"; Value = "C0603C104K5RAC7867"; VariantName = "[No Variations]"
Added Component: Designator=C31(CAP0603)
Add component (AddParameter): Name = "LCSC Part Number"; Value = "C14858"; VariantName = "[No Variations]"
Add component (AddParameter): Name = "Manufacturer Part Number"; Value = "CL10C101JB8NNNC"; VariantName = "[No Variations]"
Add component (AddParameter): Name = "Value"; Value = "100pF 50V"; VariantName = "[No Variations]"
Added Component: Designator=C32(CAP0603)
Add component (AddParameter): Name = "LCSC Part Number"; Value = "C14858"; VariantName = "[No Variations]"
Add component (AddParameter): Name = "Manufacturer Part Number"; Value = "CL10C101JB8NNNC"; VariantName = "[No Variations]"
Add component (AddParameter): Name = "Value"; Value = "100pF 50V"; VariantName = "[No Variations]"
Added Component: Designator=C33(CAP0603)
Add component (AddParameter): Name = "Datasheet Link"; Value = "https://componentsearchengine.com/Datasheets/1/06031A100FAT2A.pdf"; VariantName = "[No Variations]"
Add component (AddParameter): Name = "Height"; Value = "0.9mm"; VariantName = "[No Variations]"
Add component (AddParameter): Name = "Manufacturer Name"; Value = "Murata Electronics"; VariantName = "[No Variations]"
Add component (AddParameter): Name = "Manufacturer Part Number"; Value = "GRM185R61A475ME11D"; VariantName = "[No Variations]"
Added Component: Designator=C34(SMC0603)
Add component (AddParameter): Name = "Manufacturer Part Number"; Value = "CGA3E1X7R1C105K080AC"; VariantName = "[No Variations]"
Add component (AddParameter): Name = "Order Code"; Value = "DIGI: 445-12539-2-ND"; VariantName = "[No Variations]"
Add component (AddParameter): Name = "Value"; Value = "1uF 16V"; VariantName = "[No Variations]"
Added Component: Designator=C35(SMC0603)
Add component (AddParameter): Name = "Manufacturer Part Number"; Value = "CGA3E1X7R1C105K080AC"; VariantName = "[No Variations]"
Add component (AddParameter): Name = "Order Code"; Value = "DIGI: 445-12539-2-ND"; VariantName = "[No Variations]"
Add component (AddParameter): Name = "Value"; Value = "1uF 16V"; VariantName = "[No Variations]"
Added Component: Designator=C36(SMC0603)
Add component (AddParameter): Name = "Manufacturer Part Number"; Value = "CGA3E1X7R1C105K080AC"; VariantName = "[No Variations]"
Add component (AddParameter): Name = "Order Code"; Value = "DIGI: 445-12539-2-ND"; VariantName = "[No Variations]"
Add component (AddParameter): Name = "Value"; Value = "1uF 16V"; VariantName = "[No Variations]"
Added Component: Designator=C37(SMC0603)
Add component (AddParameter): Name = "Manufacturer Part Number"; Value = "CGA3E1X7R1C105K080AC"; VariantName = "[No Variations]"
Add component (AddParameter): Name = "Order Code"; Value = "DIGI: 445-12539-2-ND"; VariantName = "[No Variations]"
Add component (AddParameter): Name = "Value"; Value = "1uF 16V"; VariantName = "[No Variations]"
Added Component: Designator=C38(SMC0603)
Add component (AddParameter): Name = "LCSC Manufacturer Part Number"; Value = "CC0603JRNPO9BN180"; VariantName = "[No Variations]"
Add component (AddParameter): Name = "LCSC Part Number"; Value = "C107040"; VariantName = "[No Variations]"
Add component (AddParameter): Name = "Manufacturer Part Number"; Value = "CC0603JRNPO9BN180"; VariantName = "[No Variations]"
Add component (AddParameter): Name = "Order Code"; Value = "DIGI : 311-1061-2-ND"; VariantName = "[No Variations]"
Add component (AddParameter): Name = "Value"; Value = "18pF 50V"; VariantName = "[No Variations]"
Added Component: Designator=C39(SMC0603)
Add component (AddParameter): Name = "LCSC Manufacturer Part Number"; Value = "CC0603JRNPO9BN180"; VariantName = "[No Variations]"
Add component (AddParameter): Name = "LCSC Part Number"; Value = "C107040"; VariantName = "[No Variations]"
Add component (AddParameter): Name = "Manufacturer Part Number"; Value = "CC0603JRNPO9BN180"; VariantName = "[No Variations]"
Add component (AddParameter): Name = "Order Code"; Value = "DIGI : 311-1061-2-ND"; VariantName = "[No Variations]"
Add component (AddParameter): Name = "Value"; Value = "18pF 50V"; VariantName = "[No Variations]"
Added Component: Designator=C40(SMC0603)
Add component (AddParameter): Name = "Manufacturer Part Number"; Value = "CGA3E1X7R1C105K080AC"; VariantName = "[No Variations]"
Add component (AddParameter): Name = "Order Code"; Value = "DIGI: 445-12539-2-ND"; VariantName = "[No Variations]"
Add component (AddParameter): Name = "Value"; Value = "1uF 16V"; VariantName = "[No Variations]"
Added Component: Designator=C41(SMC0603)
Add component (AddParameter): Name = "Manufacturer Part Number"; Value = "CGA3E1X7R1C105K080AC"; VariantName = "[No Variations]"
Add component (AddParameter): Name = "Order Code"; Value = "DIGI: 445-12539-2-ND"; VariantName = "[No Variations]"
Add component (AddParameter): Name = "Value"; Value = "1uF 16V"; VariantName = "[No Variations]"
Added Component: Designator=C42(CAP_EEHZA1H220P)
Add component (AddParameter): Name = "Manufacturer"; Value = "Panasonic Industry"; VariantName = "[No Variations]"
Add component (AddParameter): Name = "MPN"; Value = "EEH-ZA1H220P"; VariantName = "[No Variations]"
Added Component: Designator=C43(SMC0402)
Add component (AddParameter): Name = "Manufacturer Part Number"; Value = "GCM155R71H104KE02J"; VariantName = "[No Variations]"
Add component (AddParameter): Name = "Order Code"; Value = "DIGI: 490-14514-2-ND"; VariantName = "[No Variations]"
Add component (AddParameter): Name = "Value"; Value = "0.1uF 50V"; VariantName = "[No Variations]"
Added Component: Designator=C44(CAP0603)
Add component (AddParameter): Name = "Arrow Part Number"; Value = "0603ZC104KAT2A"; VariantName = "[No Variations]"
Add component (AddParameter): Name = "Arrow Price/Stock"; Value = "https://www.arrow.com/en/products/0603zc104kat2a/avx"; VariantName = "[No Variations]"
Add component (AddParameter): Name = "Datasheet Link"; Value = "https://componentsearchengine.com/Datasheets/1/06031A100FAT2A.pdf"; VariantName = "[No Variations]"
Add component (AddParameter): Name = "Height"; Value = "0.9mm"; VariantName = "[No Variations]"
Add component (AddParameter): Name = "Manufacturer Name"; Value = "AVX"; VariantName = "[No Variations]"
Add component (AddParameter): Name = "Manufacturer Part Number"; Value = "0603ZC104KAT2A"; VariantName = "[No Variations]"
Add component (AddParameter): Name = "Mouser Part Number"; Value = "581-0603ZC104K"; VariantName = "[No Variations]"
Add component (AddParameter): Name = "Mouser Price/Stock"; Value = "https://www.mouser.co.uk/ProductDetail/AVX/0603ZC104KAT2A?qs=pf7pOjfHGZYfu9op9dQPDA%3D%3D"; VariantName = "[No Variations]"
Added Component: Designator=C45(CAP0603)
Add component (AddParameter): Name = "Assembly"; Value = ""; VariantName = "[No Variations]"
Add component (AddParameter): Name = "Order Code"; Value = "DIGI : 399-5089-1-ND"; VariantName = "[No Variations]"
Add component (AddParameter): Name = "P/N"; Value = "C0603C104K5RACTU"; VariantName = "[No Variations]"
Add component (AddParameter): Name = "Value"; Value = "100nF 50V"; VariantName = "[No Variations]"
Added Component: Designator=C46(CAP0603)
Add component (AddParameter): Name = "Assembly"; Value = ""; VariantName = "[No Variations]"
Add component (AddParameter): Name = "Order Code"; Value = "DIGI : 399-5089-1-ND"; VariantName = "[No Variations]"
Add component (AddParameter): Name = "P/N"; Value = "C0603C104K5RACTU"; VariantName = "[No Variations]"
Add component (AddParameter): Name = "Value"; Value = "100nF 50V"; VariantName = "[No Variations]"
Added Component: Designator=C47(CAP0603)
Add component (AddParameter): Name = "Assembly"; Value = ""; VariantName = "[No Variations]"
Add component (AddParameter): Name = "Order Code"; Value = "DIGI : 399-5089-1-ND"; VariantName = "[No Variations]"
Add component (AddParameter): Name = "P/N"; Value = "C0603C104K5RACTU"; VariantName = "[No Variations]"
Add component (AddParameter): Name = "Value"; Value = "100nF 50V"; VariantName = "[No Variations]"
Added Component: Designator=C48(CAP0603)
Add component (AddParameter): Name = "LCSC Part Number"; Value = "C1590"; VariantName = "[No Variations]"
Add component (AddParameter): Name = "Manufacturer Part Number"; Value = "CL10B104KA8NNNC"; VariantName = "[No Variations]"
Add component (AddParameter): Name = "Value"; Value = "100nF"; VariantName = "[No Variations]"
Added Component: Designator=C49(CAP0603)
Add component (AddParameter): Name = "Arrow Part Number"; Value = "0603ZC104KAT2A"; VariantName = "[No Variations]"
Add component (AddParameter): Name = "Arrow Price/Stock"; Value = "https://www.arrow.com/en/products/0603zc104kat2a/avx"; VariantName = "[No Variations]"
Add component (AddParameter): Name = "Datasheet Link"; Value = "https://componentsearchengine.com/Datasheets/1/06031A100FAT2A.pdf"; VariantName = "[No Variations]"
Add component (AddParameter): Name = "Height"; Value = "0.9mm"; VariantName = "[No Variations]"
Add component (AddParameter): Name = "Manufacturer Name"; Value = "AVX"; VariantName = "[No Variations]"
Add component (AddParameter): Name = "Manufacturer Part Number"; Value = "0603ZC104KAT2A"; VariantName = "[No Variations]"
Add component (AddParameter): Name = "Mouser Part Number"; Value = "581-0603ZC104K"; VariantName = "[No Variations]"
Add component (AddParameter): Name = "Mouser Price/Stock"; Value = "https://www.mouser.co.uk/ProductDetail/AVX/0603ZC104KAT2A?qs=pf7pOjfHGZYfu9op9dQPDA%3D%3D"; VariantName = "[No Variations]"
Added Component: Designator=C50(CAP0603)
Add component (AddParameter): Name = "Assembly"; Value = ""; VariantName = "[No Variations]"
Add component (AddParameter): Name = "Order Code"; Value = "DIGI : 399-5089-1-ND"; VariantName = "[No Variations]"
Add component (AddParameter): Name = "P/N"; Value = "C0603C104K5RACTU"; VariantName = "[No Variations]"
Add component (AddParameter): Name = "Value"; Value = "100nF 50V"; VariantName = "[No Variations]"
Added Component: Designator=C53(CAP0603)
Add component (AddParameter): Name = "LCSC Part Number"; Value = "C1590"; VariantName = "[No Variations]"
Add component (AddParameter): Name = "Manufacturer Part Number"; Value = "CL10B104KA8NNNC"; VariantName = "[No Variations]"
Add component (AddParameter): Name = "Value"; Value = "100nF"; VariantName = "[No Variations]"
Added Component: Designator=D1(SOD2513X120N)
Add component (AddParameter): Name = "MPN"; Value = "BAT54WS-7-F"; VariantName = "[No Variations]"
Add component (AddParameter): Name = "Supplier"; Value = "C124205"; VariantName = "[No Variations]"
Added Component: Designator=D2(SOD2513X120N)
Add component (AddParameter): Name = "MPN"; Value = "BAT54WS-7-F"; VariantName = "[No Variations]"
Add component (AddParameter): Name = "Supplier"; Value = "C124205"; VariantName = "[No Variations]"
Added Component: Designator=D3(SOD2513X120N)
Add component (AddParameter): Name = "MPN"; Value = "BAT54WS-7-F"; VariantName = "[No Variations]"
Add component (AddParameter): Name = "Supplier"; Value = "C124205"; VariantName = "[No Variations]"
Added Component: Designator=D4(SOD2513X120N)
Add component (AddParameter): Name = "MPN"; Value = "BAT54WS-7-F"; VariantName = "[No Variations]"
Add component (AddParameter): Name = "Supplier"; Value = "C124205"; VariantName = "[No Variations]"
Added Component: Designator=D5(SOD2513X120N)
Add component (AddParameter): Name = "MPN"; Value = "BAT54WS-7-F"; VariantName = "[No Variations]"
Add component (AddParameter): Name = "Supplier"; Value = "C124205"; VariantName = "[No Variations]"
Added Component: Designator=D6(SOD2513X120N)
Add component (AddParameter): Name = "MPN"; Value = "BAT54WS-7-F"; VariantName = "[No Variations]"
Add component (AddParameter): Name = "Supplier"; Value = "C124205"; VariantName = "[No Variations]"
Added Component: Designator=D7(SOD2513X120N)
Add component (AddParameter): Name = "MPN"; Value = "BAT54WS-7-F"; VariantName = "[No Variations]"
Add component (AddParameter): Name = "Supplier"; Value = "C124205"; VariantName = "[No Variations]"
Added Component: Designator=D8(DIONM9059X262N)
Add component (AddParameter): Name = "Manufacturer"; Value = "Littelfuse Inc."; VariantName = "[No Variations]"
Add component (AddParameter): Name = "MPN"; Value = "SMDJ24CA"; VariantName = "[No Variations]"
Added Component: Designator=D9(SM6S30A)
Add component (AddParameter): Name = "Manufacturer"; Value = "SMC Diode Solutions"; VariantName = "[No Variations]"
Add component (AddParameter): Name = "MPN"; Value = "SM6S30A"; VariantName = "[No Variations]"
Added Component: Designator=D10(SOD3716X135N)
Added Component: Designator=D11(SOD3716X135N)
Added Component: Designator=D12(SOT23_3-DIODE)
Add component (AddParameter): Name = "Assembly"; Value = ""; VariantName = "[No Variations]"
Add component (AddParameter): Name = "LCSC Manufacturer Part Number"; Value = "SM24CANB-02HTG"; VariantName = "[No Variations]"
Add component (AddParameter): Name = "LCSC Part Number"; Value = "C151237"; VariantName = "[No Variations]"
Add component (AddParameter): Name = "Manufacturer Part Number"; Value = "SM24CANB-02HTG"; VariantName = "[No Variations]"
Add component (AddParameter): Name = "Order Code"; Value = "DIGI : F6707CT-ND"; VariantName = "[No Variations]"
Add component (AddParameter): Name = "Value"; Value = "2Ch"; VariantName = "[No Variations]"
Added Component: Designator=D13(LED0805)
Add component (AddParameter): Name = "Color"; Value = "Red"; VariantName = "[No Variations]"
Add component (AddParameter): Name = "ComponentLink1Description"; Value = "Manufacturer URL"; VariantName = "[No Variations]"
Add component (AddParameter): Name = "ComponentLink1URL"; Value = "http://www.we-online.com"; VariantName = "[No Variations]"
Add component (AddParameter): Name = "ComponentLink2Description"; Value = "Datasheet"; VariantName = "[No Variations]"
Add component (AddParameter): Name = "ComponentLink2URL"; Value = "http://katalog.we-online.com/led/datasheet/150080RS75000.pdf"; VariantName = "[No Variations]"
Add component (AddParameter): Name = "Manufacturer"; Value = "Everlight Electronics Co Ltd"; VariantName = "[No Variations]"
Add component (AddParameter): Name = "Manufacturer Part Number"; Value = "QTLP630C4TR"; VariantName = "[No Variations]"
Add component (AddParameter): Name = "PackageReference"; Value = "0805_A"; VariantName = "[No Variations]"
Added Component: Designator=D14(Lite-On_Yellow_0603)
Add component (AddParameter): Name = "Color"; Value = "Yellow Clear"; VariantName = "[No Variations]"
Add component (AddParameter): Name = "Manufacturer Part Number"; Value = "LTST-C191KSKT"; VariantName = "[No Variations]"
Add component (AddParameter): Name = "Order Code"; Value = "DIGI: 160-1448-2-ND"; VariantName = "[No Variations]"
Added Component: Designator=D15(TLHG4400)
Add component (AddParameter): Name = "MPN"; Value = "TLHG4400"; VariantName = "[No Variations]"
Add component (AddParameter): Name = "Supplier"; Value = "Vishay Semiconductor Opto Division"; VariantName = "[No Variations]"
Added Component: Designator=D16(TLHG4400)
Add component (AddParameter): Name = "MPN"; Value = "TLHG4400"; VariantName = "[No Variations]"
Add component (AddParameter): Name = "Supplier"; Value = "Vishay Semiconductor Opto Division"; VariantName = "[No Variations]"
Added Component: Designator=D17(TLHG4400)
Add component (AddParameter): Name = "MPN"; Value = "TLHG4400"; VariantName = "[No Variations]"
Add component (AddParameter): Name = "Supplier"; Value = "Vishay Semiconductor Opto Division"; VariantName = "[No Variations]"
Added Component: Designator=D18(TLHG4400)
Add component (AddParameter): Name = "MPN"; Value = "TLHG4400"; VariantName = "[No Variations]"
Add component (AddParameter): Name = "Supplier"; Value = "Vishay Semiconductor Opto Division"; VariantName = "[No Variations]"
Added Component: Designator=D19(TLHG4400)
Add component (AddParameter): Name = "MPN"; Value = "TLHG4400"; VariantName = "[No Variations]"
Add component (AddParameter): Name = "Supplier"; Value = "Vishay Semiconductor Opto Division"; VariantName = "[No Variations]"
Added Component: Designator=D20(TLHG4400)
Add component (AddParameter): Name = "MPN"; Value = "TLHG4400"; VariantName = "[No Variations]"
Add component (AddParameter): Name = "Supplier"; Value = "Vishay Semiconductor Opto Division"; VariantName = "[No Variations]"
Added Component: Designator=D21(TLHG4400)
Add component (AddParameter): Name = "MPN"; Value = "TLHG4400"; VariantName = "[No Variations]"
Add component (AddParameter): Name = "Supplier"; Value = "Vishay Semiconductor Opto Division"; VariantName = "[No Variations]"
Added Component: Designator=D22(SMAJ5.0A)
Add component (AddParameter): Name = "Manufacturer"; Value = "Littelfuse Inc."; VariantName = "[No Variations]"
Add component (AddParameter): Name = "MPN"; Value = "SMAJ5.0A"; VariantName = "[No Variations]"
Added Component: Designator=D23(Littelfuse_SESD0402_MFG)
Add component (AddParameter): Name = "Manufacturer Part Number"; Value = "SESD0402X1BN-0010-098"; VariantName = "[No Variations]"
Add component (AddParameter): Name = "Order Code"; Value = "DIGI: SESD0402X1BN-0010-098TR-ND"; VariantName = "[No Variations]"
Add component (AddParameter): Name = "Value"; Value = "RF2945-000"; VariantName = "[No Variations]"
Added Component: Designator=D24(Littelfuse_SESD0402_MFG)
Add component (AddParameter): Name = "Manufacturer Part Number"; Value = "SESD0402X1BN-0010-098"; VariantName = "[No Variations]"
Add component (AddParameter): Name = "Order Code"; Value = "DIGI: SESD0402X1BN-0010-098TR-ND"; VariantName = "[No Variations]"
Add component (AddParameter): Name = "Value"; Value = "RF2945-000"; VariantName = "[No Variations]"
Added Component: Designator=D25(SOD-123F - duplicate)
Add component (AddParameter): Name = "Manufacturer"; Value = "Littelfuse Inc."; VariantName = "[No Variations]"
Add component (AddParameter): Name = "MPN"; Value = "SMF33A"; VariantName = "[No Variations]"
Added Component: Designator=D26(SOD-123F - duplicate)
Add component (AddParameter): Name = "Manufacturer"; Value = "Littelfuse Inc."; VariantName = "[No Variations]"
Add component (AddParameter): Name = "MPN"; Value = "SMF33A"; VariantName = "[No Variations]"
Added Component: Designator=D27(SOD-123F - duplicate)
Add component (AddParameter): Name = "Manufacturer"; Value = "Littelfuse Inc."; VariantName = "[No Variations]"
Add component (AddParameter): Name = "MPN"; Value = "SMF33A"; VariantName = "[No Variations]"
Added Component: Designator=D28(SOD-123F - duplicate)
Add component (AddParameter): Name = "Manufacturer"; Value = "Littelfuse Inc."; VariantName = "[No Variations]"
Add component (AddParameter): Name = "MPN"; Value = "SMF33A"; VariantName = "[No Variations]"
Added Component: Designator=D29(SOD-123F - duplicate)
Add component (AddParameter): Name = "Manufacturer"; Value = "Littelfuse Inc."; VariantName = "[No Variations]"
Add component (AddParameter): Name = "MPN"; Value = "SMF33A"; VariantName = "[No Variations]"
Added Component: Designator=D30(SOD-123F - duplicate)
Add component (AddParameter): Name = "Manufacturer"; Value = "Littelfuse Inc."; VariantName = "[No Variations]"
Add component (AddParameter): Name = "MPN"; Value = "SMF33A"; VariantName = "[No Variations]"
Added Component: Designator=D31(SOD-123F - duplicate)
Add component (AddParameter): Name = "Manufacturer"; Value = "Littelfuse Inc."; VariantName = "[No Variations]"
Add component (AddParameter): Name = "MPN"; Value = "SMF33A"; VariantName = "[No Variations]"
Added Component: Designator=D32(SOD-123F - duplicate)
Add component (AddParameter): Name = "Manufacturer"; Value = "Littelfuse Inc."; VariantName = "[No Variations]"
Add component (AddParameter): Name = "MPN"; Value = "SMF33A"; VariantName = "[No Variations]"
Added Component: Designator=D33(SOD-123F - duplicate)
Add component (AddParameter): Name = "Manufacturer"; Value = "Littelfuse Inc."; VariantName = "[No Variations]"
Add component (AddParameter): Name = "MPN"; Value = "SMF33A"; VariantName = "[No Variations]"
Added Component: Designator=D34(SOD-123F - duplicate)
Add component (AddParameter): Name = "Manufacturer"; Value = "Littelfuse Inc."; VariantName = "[No Variations]"
Add component (AddParameter): Name = "MPN"; Value = "SMF33A"; VariantName = "[No Variations]"
Added Component: Designator=D35(SOD-123F - duplicate)
Add component (AddParameter): Name = "Manufacturer"; Value = "Littelfuse Inc."; VariantName = "[No Variations]"
Add component (AddParameter): Name = "MPN"; Value = "SMF33A"; VariantName = "[No Variations]"
Added Component: Designator=D36(SOD-123F - duplicate)
Add component (AddParameter): Name = "Manufacturer"; Value = "Littelfuse Inc."; VariantName = "[No Variations]"
Add component (AddParameter): Name = "MPN"; Value = "SMF33A"; VariantName = "[No Variations]"
Added Component: Designator=D37(SOD-123F - duplicate)
Add component (AddParameter): Name = "Manufacturer"; Value = "Littelfuse Inc."; VariantName = "[No Variations]"
Add component (AddParameter): Name = "MPN"; Value = "SMF33A"; VariantName = "[No Variations]"
Added Component: Designator=D38(SOD-123F - duplicate)
Add component (AddParameter): Name = "Manufacturer"; Value = "Littelfuse Inc."; VariantName = "[No Variations]"
Add component (AddParameter): Name = "MPN"; Value = "SMF33A"; VariantName = "[No Variations]"
Added Component: Designator=D39(LED0603)
Add component (AddParameter): Name = "Manufacturer"; Value = "Lite-On Inc."; VariantName = "[No Variations]"
Add component (AddParameter): Name = "Manufacturer Part Number"; Value = "LTST-C191KRKT"; VariantName = "[No Variations]"
Add component (AddParameter): Name = "Supplier Part Number"; Value = "160-1447-1-ND"; VariantName = "[No Variations]"
Add component (AddParameter): Name = "Value"; Value = "LTST-C191KRKT"; VariantName = "[No Variations]"
Added Component: Designator=D40(SOD2513X120N)
Add component (AddParameter): Name = "MPN"; Value = "BAT54WS-7-F"; VariantName = "[No Variations]"
Add component (AddParameter): Name = "Supplier"; Value = "C124205"; VariantName = "[No Variations]"
Added Component: Designator=D41(SOD2513X120N)
Add component (AddParameter): Name = "MPN"; Value = "BAT54WS-7-F"; VariantName = "[No Variations]"
Add component (AddParameter): Name = "Supplier"; Value = "C124205"; VariantName = "[No Variations]"
Added Component: Designator=F1(0452010MRL)
Add component (AddParameter): Name = "MPN"; Value = "0452010.MRL"; VariantName = "[No Variations]"
Add component (AddParameter): Name = "Supplier"; Value = "18-0452010.MRLDKR-ND"; VariantName = "[No Variations]"
Added Component: Designator=FB1(BEADC2012X105N/)
Add component (AddParameter): Name = "MPN"; Value = "BLM21PG121SN1D"; VariantName = "[No Variations]"
Add component (AddParameter): Name = "Supplier"; Value = "Digi; 490-5986-6-ND"; VariantName = "[No Variations]"
Added Component: Designator=J1(B3P-VH-FB-B)
Added Component: Designator=J2(B3P-VH-FB-B)
Added Component: Designator=J3(B3P-VH-FB-B)
Added Component: Designator=J4(B3P-VH-FB-B)
Added Component: Designator=J5(B3P-VH-FB-B)
Added Component: Designator=J6(B3P-VH-FB-B)
Added Component: Designator=J7(B3P-VH-FB-B)
Added Component: Designator=J8(CONN_SD-43045-001_04_MOL)
Add component (AddParameter): Name = "Manufacturer"; Value = "MOLEX"; VariantName = "[No Variations]"
Add component (AddParameter): Name = "Manufacturer Part Number"; Value = "0430450400"; VariantName = "[No Variations]"
Add component (AddParameter): Name = "Supplier"; Value = "Digi; WM1814-ND"; VariantName = "[No Variations]"
Added Component: Designator=J9(CONN_SD-43045-001_06_MOL)
Added Component: Designator=J10(GCT_USB4510-03-1-A_REVA)
Add component (AddParameter): Name = "Manufacturer Part Number"; Value = "USB4510-03-1-A"; VariantName = "[No Variations]"
Add component (AddParameter): Name = "Order Code"; Value = "DIGI: 2073-USB4510-03-1-ATR-ND"; VariantName = "[No Variations]"
Added Component: Designator=L1(IND_VLS5045EX-4R7M-H)
Add component (AddParameter): Name = "Manufacturer"; Value = "TDK"; VariantName = "[No Variations]"
Add component (AddParameter): Name = "MPN"; Value = "VLS5045EX-4R7M-H"; VariantName = "[No Variations]"
Added Component: Designator=L2(IND_MCZ1210AH_TDK)
Add component (AddParameter): Name = "LCSC Manufacturer Part Number"; Value = "MCZ1210AH900L2TD0G"; VariantName = "[No Variations]"
Add component (AddParameter): Name = "LCSC Part Number"; Value = "C435268"; VariantName = "[No Variations]"
Add component (AddParameter): Name = "Manufacturer Part Number"; Value = "MCZ1210AH900L2TA0G"; VariantName = "[No Variations]"
Add component (AddParameter): Name = "Order Code"; Value = "Digi: 445-MCZ1210AH900L2TA0GTR-ND"; VariantName = "[No Variations]"
Added Component: Designator=M1(BSC028N06NS)
Added Component: Designator=MTG1(MTG-PTH-2MM)
Added Component: Designator=MTG2(MTG-PTH-2MM)
Added Component: Designator=MTG3(MTG-PTH-2MM)
Added Component: Designator=MTG4(MTG-PTH-2MM)
Added Component: Designator=P1(SMTC-FTSH-105-01-L-DV-K_V)
Add component (AddParameter): Name = "Category"; Value = "Headers and Wire Housings"; VariantName = "[No Variations]"
Add component (AddParameter): Name = "Color"; Value = "Black"; VariantName = "[No Variations]"
Add component (AddParameter): Name = "ComponentLink1Description"; Value = "https://datasheet.ciiva.com/26936/getdatasheetpartid-175877-26936879.pdf?src-supplier=Verical"; VariantName = "[No Variations]"
Add component (AddParameter): Name = "ComponentLink1URL"; Value = "https://datasheet.ciiva.com/26936/getdatasheetpartid-175877-26936879.pdf?src-supplier=Verical"; VariantName = "[No Variations]"
Add component (AddParameter): Name = "ComponentLink2Description"; Value = "https://datasheet.ciiva.com/728/ftsh-1xx-xx-xxx-dv-xxx-mkt-728872.pdf?src-supplier=Digi-Key"; VariantName = "[No Variations]"
Add component (AddParameter): Name = "ComponentLink2URL"; Value = "https://datasheet.ciiva.com/728/ftsh-1xx-xx-xxx-dv-xxx-mkt-728872.pdf?src-supplier=Digi-Key"; VariantName = "[No Variations]"
Add component (AddParameter): Name = "ComponentLink3Description"; Value = "https://datasheet.ciiva.com/10245/ftsh-mt-10245272.pdf?src-supplier=Avnet"; VariantName = "[No Variations]"
Add component (AddParameter): Name = "ComponentLink3URL"; Value = "https://datasheet.ciiva.com/10245/ftsh-mt-10245272.pdf?src-supplier=Avnet"; VariantName = "[No Variations]"
Add component (AddParameter): Name = "ComponentLink4Description"; Value = "https://datasheet.ciiva.com/16657/ftsh-mt-16657372.pdf?src-supplier=Avnet+Europe"; VariantName = "[No Variations]"
Add component (AddParameter): Name = "ComponentLink4URL"; Value = "https://datasheet.ciiva.com/16657/ftsh-mt-16657372.pdf?src-supplier=Avnet+Europe"; VariantName = "[No Variations]"
Add component (AddParameter): Name = "ComponentLink5Description"; Value = "https://datasheet.ciiva.com/22703/ftsh-smt-22703900.pdf?src-supplier=Element14"; VariantName = "[No Variations]"
Add component (AddParameter): Name = "ComponentLink5URL"; Value = "https://datasheet.ciiva.com/22703/ftsh-smt-22703900.pdf?src-supplier=Element14"; VariantName = "[No Variations]"
Add component (AddParameter): Name = "Connector Type"; Value = "Male Pin"; VariantName = "[No Variations]"
Add component (AddParameter): Name = "Contact Material"; Value = "Bronze"; VariantName = "[No Variations]"
Add component (AddParameter): Name = "Contact Mating Length"; Value = "0.12inch"; VariantName = "[No Variations]"
Add component (AddParameter): Name = "Contact Plating"; Value = "Gold"; VariantName = "[No Variations]"
Add component (AddParameter): Name = "Contact Type"; Value = "Male Pin"; VariantName = "[No Variations]"
Add component (AddParameter): Name = "Depth"; Value = "3.43mm"; VariantName = "[No Variations]"
Add component (AddParameter): Name = "Gender"; Value = "Male"; VariantName = "[No Variations]"
Add component (AddParameter): Name = "Housing Color"; Value = "Black"; VariantName = "[No Variations]"
Add component (AddParameter): Name = "Housing Material"; Value = "Polymer"; VariantName = "[No Variations]"
Add component (AddParameter): Name = "Lead Free"; Value = "Lead Free"; VariantName = "[No Variations]"
Add component (AddParameter): Name = "Length"; Value = "6.35mm"; VariantName = "[No Variations]"
Add component (AddParameter): Name = "Manufacturer"; Value = "Samtec"; VariantName = "[No Variations]"
Add component (AddParameter): Name = "Manufacturer Part Number"; Value = "FTSH-105-01-L-DV-K"; VariantName = "[No Variations]"
Add component (AddParameter): Name = "Max Current Rating"; Value = "1.75A"; VariantName = "[No Variations]"
Add component (AddParameter): Name = "Max Operating Temperature"; Value = "125°C"; VariantName = "[No Variations]"
Add component (AddParameter): Name = "Min Operating Temperature"; Value = "-55°C"; VariantName = "[No Variations]"
Add component (AddParameter): Name = "Mount"; Value = "Surface Mount"; VariantName = "[No Variations]"
Add component (AddParameter): Name = "Number of Contacts"; Value = "10"; VariantName = "[No Variations]"
Add component (AddParameter): Name = "Number of Positions"; Value = "10"; VariantName = "[No Variations]"
Add component (AddParameter): Name = "Number of Rows"; Value = "2"; VariantName = "[No Variations]"
Add component (AddParameter): Name = "Orientation"; Value = "Straight"; VariantName = "[No Variations]"
Add component (AddParameter): Name = "Package Quantity"; Value = "1"; VariantName = "[No Variations]"
Add component (AddParameter): Name = "Packaging"; Value = "Rail/Tube"; VariantName = "[No Variations]"
Add component (AddParameter): Name = "Pitch"; Value = "1.27mm"; VariantName = "[No Variations]"
Add component (AddParameter): Name = "Pricing 1"; Value = "1=3,91000, 10=3,75700, 100=3,13100, 500=2,66136, 1000=2,26998 (USD)"; VariantName = "[No Variations]"
Add component (AddParameter): Name = "Radiation Hardening"; Value = "No"; VariantName = "[No Variations]"
Add component (AddParameter): Name = "REACH SVHC"; Value = "No SVHC"; VariantName = "[No Variations]"
Add component (AddParameter): Name = "RoHS"; Value = "Yes"; VariantName = "[No Variations]"
Add component (AddParameter): Name = "RoHS Compliant"; Value = "Yes"; VariantName = "[No Variations]"
Add component (AddParameter): Name = "Row Spacing"; Value = "0.05inch"; VariantName = "[No Variations]"
Add component (AddParameter): Name = "Series"; Value = "FTSH"; VariantName = "[No Variations]"
Add component (AddParameter): Name = "Stock 1"; Value = "34196"; VariantName = "[No Variations]"
Add component (AddParameter): Name = "Supplier 1"; Value = "Digi-Key"; VariantName = "[No Variations]"
Add component (AddParameter): Name = "Supplier Part Number 1"; Value = "SAM8799-ND"; VariantName = "[No Variations]"
Add component (AddParameter): Name = "Termination"; Value = "Solder"; VariantName = "[No Variations]"
Added Component: Designator=R1(SMR0603)
Add component (AddParameter): Name = "LCSC Manufacturer Part Number"; Value = "RC0603FR-0710KL"; VariantName = "[No Variations]"
Add component (AddParameter): Name = "LCSC Part Number"; Value = "C98220"; VariantName = "[No Variations]"
Add component (AddParameter): Name = "Manufacturer Part Number"; Value = "RC0603FR-0710KL"; VariantName = "[No Variations]"
Add component (AddParameter): Name = "Order Code"; Value = "Digi: 311-10.0KHRTR-ND"; VariantName = "[No Variations]"
Add component (AddParameter): Name = "Sirius Stock Code"; Value = ""; VariantName = "[No Variations]"
Add component (AddParameter): Name = "Value"; Value = "10k"; VariantName = "[No Variations]"
Added Component: Designator=R2(SMR0603)
Add component (AddParameter): Name = "LCSC Manufacturer Part Number"; Value = "RC0603FR-0710KL"; VariantName = "[No Variations]"
Add component (AddParameter): Name = "LCSC Part Number"; Value = "C98220"; VariantName = "[No Variations]"
Add component (AddParameter): Name = "Manufacturer Part Number"; Value = "RC0603FR-0710KL"; VariantName = "[No Variations]"
Add component (AddParameter): Name = "Order Code"; Value = "Digi: 311-10.0KHRTR-ND"; VariantName = "[No Variations]"
Add component (AddParameter): Name = "Sirius Stock Code"; Value = ""; VariantName = "[No Variations]"
Add component (AddParameter): Name = "Value"; Value = "10k"; VariantName = "[No Variations]"
Added Component: Designator=R3(SMR0603)
Add component (AddParameter): Name = "LCSC Manufacturer Part Number"; Value = "RC0603FR-0710KL"; VariantName = "[No Variations]"
Add component (AddParameter): Name = "LCSC Part Number"; Value = "C98220"; VariantName = "[No Variations]"
Add component (AddParameter): Name = "Manufacturer Part Number"; Value = "RC0603FR-0710KL"; VariantName = "[No Variations]"
Add component (AddParameter): Name = "Order Code"; Value = "Digi: 311-10.0KHRTR-ND"; VariantName = "[No Variations]"
Add component (AddParameter): Name = "Sirius Stock Code"; Value = ""; VariantName = "[No Variations]"
Add component (AddParameter): Name = "Value"; Value = "10k"; VariantName = "[No Variations]"
Added Component: Designator=R4(SMR0603)
Add component (AddParameter): Name = "LCSC Manufacturer Part Number"; Value = "RC0603FR-0710KL"; VariantName = "[No Variations]"
Add component (AddParameter): Name = "LCSC Part Number"; Value = "C98220"; VariantName = "[No Variations]"
Add component (AddParameter): Name = "Manufacturer Part Number"; Value = "RC0603FR-0710KL"; VariantName = "[No Variations]"
Add component (AddParameter): Name = "Order Code"; Value = "Digi: 311-10.0KHRTR-ND"; VariantName = "[No Variations]"
Add component (AddParameter): Name = "Sirius Stock Code"; Value = ""; VariantName = "[No Variations]"
Add component (AddParameter): Name = "Value"; Value = "10k"; VariantName = "[No Variations]"
Added Component: Designator=R5(SMR0603)
Add component (AddParameter): Name = "LCSC Manufacturer Part Number"; Value = "RC0603FR-07100KL"; VariantName = "[No Variations]"
Add component (AddParameter): Name = "LCSC Part Number"; Value = "C123419"; VariantName = "[No Variations]"
Add component (AddParameter): Name = "Manufacturer Part Number"; Value = "RC0603FR-07100KL"; VariantName = "[No Variations]"
Add component (AddParameter): Name = "Order Code"; Value = "DIGI : 311-100KHRTR-ND"; VariantName = "[No Variations]"
Add component (AddParameter): Name = "Value"; Value = "100k"; VariantName = "[No Variations]"
Added Component: Designator=R6(SMR0603)
Add component (AddParameter): Name = "LCSC Manufacturer Part Number"; Value = "RC0603FR-07100KL"; VariantName = "[No Variations]"
Add component (AddParameter): Name = "LCSC Part Number"; Value = "C123419"; VariantName = "[No Variations]"
Add component (AddParameter): Name = "Manufacturer Part Number"; Value = "RC0603FR-07100KL"; VariantName = "[No Variations]"
Add component (AddParameter): Name = "Order Code"; Value = "DIGI : 311-100KHRTR-ND"; VariantName = "[No Variations]"
Add component (AddParameter): Name = "Value"; Value = "100k"; VariantName = "[No Variations]"
Added Component: Designator=R7(RES0603)
Added Component: Designator=R8(RES0603)
Add component (AddParameter): Name = "LCSC Manufacturer Part Number"; Value = "MCT06030C1002FP500"; VariantName = "[No Variations]"
Add component (AddParameter): Name = "LCSC Part Number"; Value = "C161803"; VariantName = "[No Variations]"
Add component (AddParameter): Name = "Manufacturer Part Number"; Value = "RNCP0603FTD10K0"; VariantName = "[No Variations]"
Add component (AddParameter): Name = "Order Code"; Value = "Digi: RNCP0603FTD10K0TR-ND"; VariantName = "[No Variations]"
Add component (AddParameter): Name = "Sirius Stock Code"; Value = ""; VariantName = "[No Variations]"
Add component (AddParameter): Name = "Value"; Value = "10k"; VariantName = "[No Variations]"
Added Component: Designator=R9(RES0603)
Added Component: Designator=R10(RES0603)
Add component (AddParameter): Name = "LCSC Manufacturer Part Number"; Value = "MCT06030C1002FP500"; VariantName = "[No Variations]"
Add component (AddParameter): Name = "LCSC Part Number"; Value = "C161803"; VariantName = "[No Variations]"
Add component (AddParameter): Name = "Manufacturer Part Number"; Value = "RNCP0603FTD10K0"; VariantName = "[No Variations]"
Add component (AddParameter): Name = "Order Code"; Value = "Digi: RNCP0603FTD10K0TR-ND"; VariantName = "[No Variations]"
Add component (AddParameter): Name = "Sirius Stock Code"; Value = ""; VariantName = "[No Variations]"
Add component (AddParameter): Name = "Value"; Value = "10k"; VariantName = "[No Variations]"
Added Component: Designator=R11(SMR0603)
Add component (AddParameter): Name = "LCSC Manufacturer Part Number"; Value = "RC0603FR-0710KL"; VariantName = "[No Variations]"
Add component (AddParameter): Name = "LCSC Part Number"; Value = "C98220"; VariantName = "[No Variations]"
Add component (AddParameter): Name = "Manufacturer Part Number"; Value = "RC0603FR-0710KL"; VariantName = "[No Variations]"
Add component (AddParameter): Name = "Order Code"; Value = "Digi: 311-10.0KHRTR-ND"; VariantName = "[No Variations]"
Add component (AddParameter): Name = "Sirius Stock Code"; Value = ""; VariantName = "[No Variations]"
Add component (AddParameter): Name = "Value"; Value = "10k"; VariantName = "[No Variations]"
Added Component: Designator=R12(SMR0603)
Add component (AddParameter): Name = "LCSC Manufacturer Part Number"; Value = "RC0603FR-0710KL"; VariantName = "[No Variations]"
Add component (AddParameter): Name = "LCSC Part Number"; Value = "C98220"; VariantName = "[No Variations]"
Add component (AddParameter): Name = "Manufacturer Part Number"; Value = "RC0603FR-0710KL"; VariantName = "[No Variations]"
Add component (AddParameter): Name = "Order Code"; Value = "Digi: 311-10.0KHRTR-ND"; VariantName = "[No Variations]"
Add component (AddParameter): Name = "Sirius Stock Code"; Value = ""; VariantName = "[No Variations]"
Add component (AddParameter): Name = "Value"; Value = "10k"; VariantName = "[No Variations]"
Added Component: Designator=R13(SMR0603)
Add component (AddParameter): Name = "LCSC Manufacturer Part Number"; Value = "RC0603FR-0710KL"; VariantName = "[No Variations]"
Add component (AddParameter): Name = "LCSC Part Number"; Value = "C98220"; VariantName = "[No Variations]"
Add component (AddParameter): Name = "Manufacturer Part Number"; Value = "RC0603FR-0710KL"; VariantName = "[No Variations]"
Add component (AddParameter): Name = "Order Code"; Value = "Digi: 311-10.0KHRTR-ND"; VariantName = "[No Variations]"
Add component (AddParameter): Name = "Sirius Stock Code"; Value = ""; VariantName = "[No Variations]"
Add component (AddParameter): Name = "Value"; Value = "10k"; VariantName = "[No Variations]"
Added Component: Designator=R14(SMR0603)
Add component (AddParameter): Name = "LCSC Manufacturer Part Number"; Value = "RC0603FR-0710KL"; VariantName = "[No Variations]"
Add component (AddParameter): Name = "LCSC Part Number"; Value = "C98220"; VariantName = "[No Variations]"
Add component (AddParameter): Name = "Manufacturer Part Number"; Value = "RC0603FR-0710KL"; VariantName = "[No Variations]"
Add component (AddParameter): Name = "Order Code"; Value = "Digi: 311-10.0KHRTR-ND"; VariantName = "[No Variations]"
Add component (AddParameter): Name = "Sirius Stock Code"; Value = ""; VariantName = "[No Variations]"
Add component (AddParameter): Name = "Value"; Value = "10k"; VariantName = "[No Variations]"
Added Component: Designator=R15(SMR0603)
Add component (AddParameter): Name = "LCSC Manufacturer Part Number"; Value = "RC0603FR-07100KL"; VariantName = "[No Variations]"
Add component (AddParameter): Name = "LCSC Part Number"; Value = "C123419"; VariantName = "[No Variations]"
Add component (AddParameter): Name = "Manufacturer Part Number"; Value = "RC0603FR-07100KL"; VariantName = "[No Variations]"
Add component (AddParameter): Name = "Order Code"; Value = "DIGI : 311-100KHRTR-ND"; VariantName = "[No Variations]"
Add component (AddParameter): Name = "Value"; Value = "100k"; VariantName = "[No Variations]"
Added Component: Designator=R16(SMR0603)
Add component (AddParameter): Name = "LCSC Manufacturer Part Number"; Value = "RC0603FR-07100KL"; VariantName = "[No Variations]"
Add component (AddParameter): Name = "LCSC Part Number"; Value = "C123419"; VariantName = "[No Variations]"
Add component (AddParameter): Name = "Manufacturer Part Number"; Value = "RC0603FR-07100KL"; VariantName = "[No Variations]"
Add component (AddParameter): Name = "Order Code"; Value = "DIGI : 311-100KHRTR-ND"; VariantName = "[No Variations]"
Add component (AddParameter): Name = "Value"; Value = "100k"; VariantName = "[No Variations]"
Added Component: Designator=R17(RES0603)
Added Component: Designator=R18(RES0603)
Add component (AddParameter): Name = "LCSC Manufacturer Part Number"; Value = "MCT06030C1002FP500"; VariantName = "[No Variations]"
Add component (AddParameter): Name = "LCSC Part Number"; Value = "C161803"; VariantName = "[No Variations]"
Add component (AddParameter): Name = "Manufacturer Part Number"; Value = "RNCP0603FTD10K0"; VariantName = "[No Variations]"
Add component (AddParameter): Name = "Order Code"; Value = "Digi: RNCP0603FTD10K0TR-ND"; VariantName = "[No Variations]"
Add component (AddParameter): Name = "Sirius Stock Code"; Value = ""; VariantName = "[No Variations]"
Add component (AddParameter): Name = "Value"; Value = "10k"; VariantName = "[No Variations]"
Added Component: Designator=R19(RES0603)
Added Component: Designator=R20(RES0603)
Add component (AddParameter): Name = "LCSC Manufacturer Part Number"; Value = "MCT06030C1002FP500"; VariantName = "[No Variations]"
Add component (AddParameter): Name = "LCSC Part Number"; Value = "C161803"; VariantName = "[No Variations]"
Add component (AddParameter): Name = "Manufacturer Part Number"; Value = "RNCP0603FTD10K0"; VariantName = "[No Variations]"
Add component (AddParameter): Name = "Order Code"; Value = "Digi: RNCP0603FTD10K0TR-ND"; VariantName = "[No Variations]"
Add component (AddParameter): Name = "Sirius Stock Code"; Value = ""; VariantName = "[No Variations]"
Add component (AddParameter): Name = "Value"; Value = "10k"; VariantName = "[No Variations]"
Added Component: Designator=R21(SMR0603)
Add component (AddParameter): Name = "LCSC Manufacturer Part Number"; Value = "RC0603FR-0710KL"; VariantName = "[No Variations]"
Add component (AddParameter): Name = "LCSC Part Number"; Value = "C98220"; VariantName = "[No Variations]"
Add component (AddParameter): Name = "Manufacturer Part Number"; Value = "RC0603FR-0710KL"; VariantName = "[No Variations]"
Add component (AddParameter): Name = "Order Code"; Value = "Digi: 311-10.0KHRTR-ND"; VariantName = "[No Variations]"
Add component (AddParameter): Name = "Sirius Stock Code"; Value = ""; VariantName = "[No Variations]"
Add component (AddParameter): Name = "Value"; Value = "10k"; VariantName = "[No Variations]"
Added Component: Designator=R22(SMR0603)
Add component (AddParameter): Name = "LCSC Manufacturer Part Number"; Value = "RC0603FR-0710KL"; VariantName = "[No Variations]"
Add component (AddParameter): Name = "LCSC Part Number"; Value = "C98220"; VariantName = "[No Variations]"
Add component (AddParameter): Name = "Manufacturer Part Number"; Value = "RC0603FR-0710KL"; VariantName = "[No Variations]"
Add component (AddParameter): Name = "Order Code"; Value = "Digi: 311-10.0KHRTR-ND"; VariantName = "[No Variations]"
Add component (AddParameter): Name = "Sirius Stock Code"; Value = ""; VariantName = "[No Variations]"
Add component (AddParameter): Name = "Value"; Value = "10k"; VariantName = "[No Variations]"
Added Component: Designator=R23(SMR0603)
Add component (AddParameter): Name = "LCSC Manufacturer Part Number"; Value = "RC0603FR-0710KL"; VariantName = "[No Variations]"
Add component (AddParameter): Name = "LCSC Part Number"; Value = "C98220"; VariantName = "[No Variations]"
Add component (AddParameter): Name = "Manufacturer Part Number"; Value = "RC0603FR-0710KL"; VariantName = "[No Variations]"
Add component (AddParameter): Name = "Order Code"; Value = "Digi: 311-10.0KHRTR-ND"; VariantName = "[No Variations]"
Add component (AddParameter): Name = "Sirius Stock Code"; Value = ""; VariantName = "[No Variations]"
Add component (AddParameter): Name = "Value"; Value = "10k"; VariantName = "[No Variations]"
Added Component: Designator=R24(SMR0603)
Add component (AddParameter): Name = "LCSC Manufacturer Part Number"; Value = "RC0603FR-0710KL"; VariantName = "[No Variations]"
Add component (AddParameter): Name = "LCSC Part Number"; Value = "C98220"; VariantName = "[No Variations]"
Add component (AddParameter): Name = "Manufacturer Part Number"; Value = "RC0603FR-0710KL"; VariantName = "[No Variations]"
Add component (AddParameter): Name = "Order Code"; Value = "Digi: 311-10.0KHRTR-ND"; VariantName = "[No Variations]"
Add component (AddParameter): Name = "Sirius Stock Code"; Value = ""; VariantName = "[No Variations]"
Add component (AddParameter): Name = "Value"; Value = "10k"; VariantName = "[No Variations]"
Added Component: Designator=R25(SMR0603)
Add component (AddParameter): Name = "LCSC Manufacturer Part Number"; Value = "RC0603FR-07100KL"; VariantName = "[No Variations]"
Add component (AddParameter): Name = "LCSC Part Number"; Value = "C123419"; VariantName = "[No Variations]"
Add component (AddParameter): Name = "Manufacturer Part Number"; Value = "RC0603FR-07100KL"; VariantName = "[No Variations]"
Add component (AddParameter): Name = "Order Code"; Value = "DIGI : 311-100KHRTR-ND"; VariantName = "[No Variations]"
Add component (AddParameter): Name = "Value"; Value = "100k"; VariantName = "[No Variations]"
Added Component: Designator=R26(SMR0603)
Add component (AddParameter): Name = "LCSC Manufacturer Part Number"; Value = "RC0603FR-07100KL"; VariantName = "[No Variations]"
Add component (AddParameter): Name = "LCSC Part Number"; Value = "C123419"; VariantName = "[No Variations]"
Add component (AddParameter): Name = "Manufacturer Part Number"; Value = "RC0603FR-07100KL"; VariantName = "[No Variations]"
Add component (AddParameter): Name = "Order Code"; Value = "DIGI : 311-100KHRTR-ND"; VariantName = "[No Variations]"
Add component (AddParameter): Name = "Value"; Value = "100k"; VariantName = "[No Variations]"
Added Component: Designator=R27(SMR0603)
Add component (AddParameter): Name = "LCSC Manufacturer Part Number"; Value = "RC0603FR-0710KL"; VariantName = "[No Variations]"
Add component (AddParameter): Name = "LCSC Part Number"; Value = "C98220"; VariantName = "[No Variations]"
Add component (AddParameter): Name = "Manufacturer Part Number"; Value = "RC0603FR-0710KL"; VariantName = "[No Variations]"
Add component (AddParameter): Name = "Order Code"; Value = "Digi: 311-10.0KHRTR-ND"; VariantName = "[No Variations]"
Add component (AddParameter): Name = "Sirius Stock Code"; Value = ""; VariantName = "[No Variations]"
Add component (AddParameter): Name = "Value"; Value = "10k"; VariantName = "[No Variations]"
Added Component: Designator=R28(RES0603)
Added Component: Designator=R29(RES0603)
Add component (AddParameter): Name = "LCSC Manufacturer Part Number"; Value = "MCT06030C1002FP500"; VariantName = "[No Variations]"
Add component (AddParameter): Name = "LCSC Part Number"; Value = "C161803"; VariantName = "[No Variations]"
Add component (AddParameter): Name = "Manufacturer Part Number"; Value = "RNCP0603FTD10K0"; VariantName = "[No Variations]"
Add component (AddParameter): Name = "Order Code"; Value = "Digi: RNCP0603FTD10K0TR-ND"; VariantName = "[No Variations]"
Add component (AddParameter): Name = "Sirius Stock Code"; Value = ""; VariantName = "[No Variations]"
Add component (AddParameter): Name = "Value"; Value = "10k"; VariantName = "[No Variations]"
Added Component: Designator=R30(RES0603)
Added Component: Designator=R31(RES0603)
Add component (AddParameter): Name = "LCSC Manufacturer Part Number"; Value = "MCT06030C1002FP500"; VariantName = "[No Variations]"
Add component (AddParameter): Name = "LCSC Part Number"; Value = "C161803"; VariantName = "[No Variations]"
Add component (AddParameter): Name = "Manufacturer Part Number"; Value = "RNCP0603FTD10K0"; VariantName = "[No Variations]"
Add component (AddParameter): Name = "Order Code"; Value = "Digi: RNCP0603FTD10K0TR-ND"; VariantName = "[No Variations]"
Add component (AddParameter): Name = "Sirius Stock Code"; Value = ""; VariantName = "[No Variations]"
Add component (AddParameter): Name = "Value"; Value = "10k"; VariantName = "[No Variations]"
Added Component: Designator=R32(SMR0603)
Add component (AddParameter): Name = "LCSC Manufacturer Part Number"; Value = "RC0603FR-0710KL"; VariantName = "[No Variations]"
Add component (AddParameter): Name = "LCSC Part Number"; Value = "C98220"; VariantName = "[No Variations]"
Add component (AddParameter): Name = "Manufacturer Part Number"; Value = "RC0603FR-0710KL"; VariantName = "[No Variations]"
Add component (AddParameter): Name = "Order Code"; Value = "Digi: 311-10.0KHRTR-ND"; VariantName = "[No Variations]"
Add component (AddParameter): Name = "Sirius Stock Code"; Value = ""; VariantName = "[No Variations]"
Add component (AddParameter): Name = "Value"; Value = "10k"; VariantName = "[No Variations]"
Added Component: Designator=R33(SMR0603)
Add component (AddParameter): Name = "LCSC Manufacturer Part Number"; Value = "RC0603FR-07100KL"; VariantName = "[No Variations]"
Add component (AddParameter): Name = "LCSC Part Number"; Value = "C123419"; VariantName = "[No Variations]"
Add component (AddParameter): Name = "Manufacturer Part Number"; Value = "RC0603FR-07100KL"; VariantName = "[No Variations]"
Add component (AddParameter): Name = "Order Code"; Value = "DIGI : 311-100KHRTR-ND"; VariantName = "[No Variations]"
Add component (AddParameter): Name = "Value"; Value = "100k"; VariantName = "[No Variations]"
Added Component: Designator=R34(RES0603)
Added Component: Designator=R35(RES0603)
Add component (AddParameter): Name = "LCSC Manufacturer Part Number"; Value = "MCT06030C1002FP500"; VariantName = "[No Variations]"
Add component (AddParameter): Name = "LCSC Part Number"; Value = "C161803"; VariantName = "[No Variations]"
Add component (AddParameter): Name = "Manufacturer Part Number"; Value = "RNCP0603FTD10K0"; VariantName = "[No Variations]"
Add component (AddParameter): Name = "Order Code"; Value = "Digi: RNCP0603FTD10K0TR-ND"; VariantName = "[No Variations]"
Add component (AddParameter): Name = "Sirius Stock Code"; Value = ""; VariantName = "[No Variations]"
Add component (AddParameter): Name = "Value"; Value = "10k"; VariantName = "[No Variations]"
Added Component: Designator=R36(FP-RC0603-0_55-MFG)
Add component (AddParameter): Name = "Case Code (Imperial)"; Value = "0603"; VariantName = "[No Variations]"
Add component (AddParameter): Name = "Case Code (Metric)"; Value = "1608"; VariantName = "[No Variations]"
Add component (AddParameter): Name = "Case/Package"; Value = "0603"; VariantName = "[No Variations]"
Add component (AddParameter): Name = "Construction"; Value = "Rectangular"; VariantName = "[No Variations]"
Add component (AddParameter): Name = "Depth"; Value = "0.8mm"; VariantName = "[No Variations]"
Add component (AddParameter): Name = "Features"; Value = "Moisture Resistant"; VariantName = "[No Variations]"
Add component (AddParameter): Name = "Height"; Value = "0.45mm"; VariantName = "[No Variations]"
Add component (AddParameter): Name = "Lead Free"; Value = "Lead Free"; VariantName = "[No Variations]"
Add component (AddParameter): Name = "Length"; Value = "1.6mm"; VariantName = "[No Variations]"
Add component (AddParameter): Name = "Max Operating Temperature"; Value = "155°C"; VariantName = "[No Variations]"
Add component (AddParameter): Name = "Max Power Dissipation"; Value = "100mW"; VariantName = "[No Variations]"
Add component (AddParameter): Name = "Military Standard"; Value = "Not"; VariantName = "[No Variations]"
Add component (AddParameter): Name = "Min Operating Temperature"; Value = "-55°C"; VariantName = "[No Variations]"
Add component (AddParameter): Name = "Number of Pins"; Value = "2"; VariantName = "[No Variations]"
Add component (AddParameter): Name = "Number of Terminations"; Value = "2"; VariantName = "[No Variations]"
Add component (AddParameter): Name = "Packaging"; Value = "Tape and Reel"; VariantName = "[No Variations]"
Add component (AddParameter): Name = "Power Rating"; Value = "100mW"; VariantName = "[No Variations]"
Add component (AddParameter): Name = "REACH SVHC"; Value = "No SVHC"; VariantName = "[No Variations]"
Add component (AddParameter): Name = "Resistance"; Value = "100kR"; VariantName = "[No Variations]"
Add component (AddParameter): Name = "Resistance Tolerance"; Value = "1%"; VariantName = "[No Variations]"
Add component (AddParameter): Name = "Resistor Type"; Value = "Thick Film"; VariantName = "[No Variations]"
Add component (AddParameter): Name = "RoHS Compliant"; Value = "Yes"; VariantName = "[No Variations]"
Add component (AddParameter): Name = "Series"; Value = "RC"; VariantName = "[No Variations]"
Add component (AddParameter): Name = "Technology"; Value = "THICK FILM"; VariantName = "[No Variations]"
Add component (AddParameter): Name = "Temperature Coefficient"; Value = "100ppm/°C"; VariantName = "[No Variations]"
Add component (AddParameter): Name = "Termination"; Value = "SMD/SMT"; VariantName = "[No Variations]"
Add component (AddParameter): Name = "Tolerance"; Value = "1%"; VariantName = "[No Variations]"
Add component (AddParameter): Name = "Voltage Rating"; Value = "50V"; VariantName = "[No Variations]"
Add component (AddParameter): Name = "Voltage Rating (DC)"; Value = "50V"; VariantName = "[No Variations]"
Add component (AddParameter): Name = "Width"; Value = "0.8mm"; VariantName = "[No Variations]"
Add component (AddParameter): Name = "Working Voltage"; Value = "75V"; VariantName = "[No Variations]"
Added Component: Designator=R37(RES0603)
Add component (AddParameter): Name = "LCSC Manufacturer Part Number"; Value = "MCT06030C1002FP500"; VariantName = "[No Variations]"
Add component (AddParameter): Name = "LCSC Part Number"; Value = "C161803"; VariantName = "[No Variations]"
Add component (AddParameter): Name = "Manufacturer Part Number"; Value = "RNCP0603FTD10K0"; VariantName = "[No Variations]"
Add component (AddParameter): Name = "Order Code"; Value = "Digi: RNCP0603FTD10K0TR-ND"; VariantName = "[No Variations]"
Add component (AddParameter): Name = "Sirius Stock Code"; Value = ""; VariantName = "[No Variations]"
Add component (AddParameter): Name = "Value"; Value = "10k"; VariantName = "[No Variations]"
Added Component: Designator=R38(SMR0603)
Add component (AddParameter): Name = "LCSC Manufacturer Part Number"; Value = "RC0603FR-0722KL"; VariantName = "[No Variations]"
Add component (AddParameter): Name = "LCSC Part Number"; Value = "C114065"; VariantName = "[No Variations]"
Add component (AddParameter): Name = "Manufacturer Part Number"; Value = "RC0603FR-0722KL"; VariantName = "[No Variations]"
Add component (AddParameter): Name = "Order Code"; Value = "Digi: 311-22.0KHRTR-ND"; VariantName = "[No Variations]"
Add component (AddParameter): Name = "Sirius Stock Code"; Value = ""; VariantName = "[No Variations]"
Add component (AddParameter): Name = "Value"; Value = "22k"; VariantName = "[No Variations]"
Added Component: Designator=R39(R0603)
Add component (AddParameter): Name = "Category 5A00970A6D5C81C7"; Value = "Uncategorized"; VariantName = "[No Variations]"
Add component (AddParameter): Name = "Category 5C6A91606D4187Ad"; Value = "Resistors"; VariantName = "[No Variations]"
Add component (AddParameter): Name = "Category 7542B8484461Ae85"; Value = "Passive Components"; VariantName = "[No Variations]"
Add component (AddParameter): Name = "Category Cd01000Bfc2916C6"; Value = "Single Components"; VariantName = "[No Variations]"
Add component (AddParameter): Name = "ComponentLink1Description"; Value = "Upverter"; VariantName = "[No Variations]"
Add component (AddParameter): Name = "ComponentLink1URL"; Value = "https://upverter.com/upn/revision/974350d35a6c8a23/"; VariantName = "[No Variations]"
Add component (AddParameter): Name = "ComponentLink2Description"; Value = "Datasheet"; VariantName = "[No Variations]"
Add component (AddParameter): Name = "ComponentLink2URL"; Value = "http://www.yageo.com/documents/recent/PYu-RC_Group_51_RoHS_L_6.pdf"; VariantName = "[No Variations]"
Add component (AddParameter): Name = "Digikey Description"; Value = "RES 10k Ohm ±5% 0.1W, 1/10W Chip Resistor 0603 (1608 Metric) Moisture Resistant Thick Film"; VariantName = "[No Variations]"
Add component (AddParameter): Name = "Digikey Part Number"; Value = "311-10KGRCT-ND"; VariantName = "[No Variations]"
Add component (AddParameter): Name = "helpURL"; Value = "https://upverter.com/upn/revision/974350d35a6c8a23/"; VariantName = "[No Variations]"
Add component (AddParameter): Name = "Ipc Land Pattern Name"; Value = "RESC16080X45"; VariantName = "[No Variations]"
Add component (AddParameter): Name = "Lead Free"; Value = "yes"; VariantName = "[No Variations]"
Add component (AddParameter): Name = "Manufacturer"; Value = "Stackpole Electronics Inc"; VariantName = "[No Variations]"
Add component (AddParameter): Name = "Manufacturer Part Number"; Value = "RMCF0603FT180K"; VariantName = "[No Variations]"
Add component (AddParameter): Name = "Mouser Part Number"; Value = "603-RC0603JR-0710KL"; VariantName = "[No Variations]"
Add component (AddParameter): Name = "Num Pins"; Value = "2"; VariantName = "[No Variations]"
Add component (AddParameter): Name = "Octopart Part Number"; Value = "1fdcd61e8aa8c01b"; VariantName = "[No Variations]"
Add component (AddParameter): Name = "Package"; Value = "0603 (1608 metric)"; VariantName = "[No Variations]"
Add component (AddParameter): Name = "Part Number"; Value = "RC0603JR-0710KL"; VariantName = "[No Variations]"
Add component (AddParameter): Name = "Price"; Value = "0.00379592162232"; VariantName = "[No Variations]"
Add component (AddParameter): Name = "Rated Power"; Value = "0.1W"; VariantName = "[No Variations]"
Add component (AddParameter): Name = "RoHS"; Value = "TRUE"; VariantName = "[No Variations]"
Add component (AddParameter): Name = "Supplier 1"; Value = "Digi-Key"; VariantName = "[No Variations]"
Add component (AddParameter): Name = "Supplier 2"; Value = "Mouser"; VariantName = "[No Variations]"
Add component (AddParameter): Name = "Supplier Part Number 1"; Value = "311-10KGRCT-ND"; VariantName = "[No Variations]"
Add component (AddParameter): Name = "Symbol 0 0"; Value = "Standard"; VariantName = "[No Variations]"
Add component (AddParameter): Name = "Temperature"; Value = "-55°C to +155°C"; VariantName = "[No Variations]"
Add component (AddParameter): Name = "Temperature Range High"; Value = "+155°C"; VariantName = "[No Variations]"
Add component (AddParameter): Name = "Temperature Range Low"; Value = "-55°C"; VariantName = "[No Variations]"
Add component (AddParameter): Name = "Tolerance"; Value = "±5%"; VariantName = "[No Variations]"
Add component (AddParameter): Name = "Type"; Value = "integrated circuit"; VariantName = "[No Variations]"
Add component (AddParameter): Name = "Value"; Value = "33kO"; VariantName = "[No Variations]"
Added Component: Designator=R40(RES 0603_1608)
Add component (AddParameter): Name = "ComponentLink1Description"; Value = "Datasheet"; VariantName = "[No Variations]"
Add component (AddParameter): Name = "ComponentLink1URL"; Value = "https://www.te.com/commerce/DocumentDelivery/DDEController?Action=srchrtrv&DocNm=1773204-1&DocType=DS&DocLang=English"; VariantName = "[No Variations]"
Add component (AddParameter): Name = "ComponentLink2Description"; Value = "DigiKey Link"; VariantName = "[No Variations]"
Add component (AddParameter): Name = "ComponentLink2URL"; Value = "https://www.digikey.com/en/products/detail/te-connectivity-passive-product/CRGH0603F330R/5586961"; VariantName = "[No Variations]"
Add component (AddParameter): Name = "Composition"; Value = "Thick Film"; VariantName = "[No Variations]"
Add component (AddParameter): Name = "Device Package"; Value = "0603 (1608 Metric)"; VariantName = "[No Variations]"
Add component (AddParameter): Name = "Height - Seated (Max)"; Value = "0.022" (0.55mm)"; VariantName = "[No Variations]"
Add component (AddParameter): Name = "LastUpdated"; Value = "2/9/2024 8:43:33 PM"; VariantName = "[No Variations]"
Add component (AddParameter): Name = "Lifecycle Status"; Value = "Active"; VariantName = "[No Variations]"
Add component (AddParameter): Name = "Manufacturer"; Value = "TE Connectivity Passive Product"; VariantName = "[No Variations]"
Add component (AddParameter): Name = "Minimum Order"; Value = "1"; VariantName = "[No Variations]"
Add component (AddParameter): Name = "Number of Terminations"; Value = "2"; VariantName = "[No Variations]"
Add component (AddParameter): Name = "Operating Temperature"; Value = "-55°C ~ 155°C"; VariantName = "[No Variations]"
Add component (AddParameter): Name = "Package / Case"; Value = "0603 (1608 Metric)"; VariantName = "[No Variations]"
Add component (AddParameter): Name = "Packaging"; Value = "TapeAndReel"; VariantName = "[No Variations]"
Add component (AddParameter): Name = "Part Number"; Value = "CRGH0603F330R"; VariantName = "[No Variations]"
Add component (AddParameter): Name = "Part Status"; Value = "Active"; VariantName = "[No Variations]"
Add component (AddParameter): Name = "PartId"; Value = "5733"; VariantName = "[No Variations]"
Add component (AddParameter): Name = "Power (Watts)"; Value = "0.2W, 1/5W"; VariantName = "[No Variations]"
Add component (AddParameter): Name = "Price"; Value = "0.01"; VariantName = "[No Variations]"
Add component (AddParameter): Name = "Resistance"; Value = "330 Ohms"; VariantName = "[No Variations]"
Add component (AddParameter): Name = "Series"; Value = "CRGH, Neohm"; VariantName = "[No Variations]"
Add component (AddParameter): Name = "Size / Dimension"; Value = "0.063" L x 0.031" W (1.60mm x 0.80mm)"; VariantName = "[No Variations]"
Add component (AddParameter): Name = "Supplier 1"; Value = "DigiKey"; VariantName = "[No Variations]"
Add component (AddParameter): Name = "Supplier Device Package"; Value = "0603"; VariantName = "[No Variations]"
Add component (AddParameter): Name = "Supplier Part Number 1"; Value = "A129541CT-ND"; VariantName = "[No Variations]"
Add component (AddParameter): Name = "Temperature Coefficient"; Value = "±100ppm/°C"; VariantName = "[No Variations]"
Add component (AddParameter): Name = "Tolerance"; Value = "±1%"; VariantName = "[No Variations]"
Add component (AddParameter): Name = "Value"; Value = "330 Ohms"; VariantName = "[No Variations]"
Added Component: Designator=R41(SMR0603)
Add component (AddParameter): Name = "LCSC Manufacturer Part Number"; Value = "RC0603FR-0710KL"; VariantName = "[No Variations]"
Add component (AddParameter): Name = "LCSC Part Number"; Value = "C98220"; VariantName = "[No Variations]"
Add component (AddParameter): Name = "Manufacturer Part Number"; Value = "RC0603FR-0710KL"; VariantName = "[No Variations]"
Add component (AddParameter): Name = "Order Code"; Value = "Digi: 311-10.0KHRTR-ND"; VariantName = "[No Variations]"
Add component (AddParameter): Name = "Sirius Stock Code"; Value = ""; VariantName = "[No Variations]"
Add component (AddParameter): Name = "Value"; Value = "10k"; VariantName = "[No Variations]"
Added Component: Designator=R42(SMR0603)
Add component (AddParameter): Name = "LCSC Manufacturer Part Number"; Value = "RC0603FR-0710KL"; VariantName = "[No Variations]"
Add component (AddParameter): Name = "LCSC Part Number"; Value = "C98220"; VariantName = "[No Variations]"
Add component (AddParameter): Name = "Manufacturer Part Number"; Value = "RC0603FR-0710KL"; VariantName = "[No Variations]"
Add component (AddParameter): Name = "Order Code"; Value = "Digi: 311-10.0KHRTR-ND"; VariantName = "[No Variations]"
Add component (AddParameter): Name = "Sirius Stock Code"; Value = ""; VariantName = "[No Variations]"
Add component (AddParameter): Name = "Value"; Value = "10k"; VariantName = "[No Variations]"
Added Component: Designator=R43(RES0603)
Add component (AddParameter): Name = "LCSC Manufacturer Part Number"; Value = "MCT06030C1002FP500"; VariantName = "[No Variations]"
Add component (AddParameter): Name = "LCSC Part Number"; Value = "C161803"; VariantName = "[No Variations]"
Add component (AddParameter): Name = "Manufacturer Part Number"; Value = "RNCP0603FTD10K0"; VariantName = "[No Variations]"
Add component (AddParameter): Name = "Order Code"; Value = "Digi: RNCP0603FTD10K0TR-ND"; VariantName = "[No Variations]"
Add component (AddParameter): Name = "Sirius Stock Code"; Value = ""; VariantName = "[No Variations]"
Add component (AddParameter): Name = "Value"; Value = "10k"; VariantName = "[No Variations]"
Added Component: Designator=R44(RES 1206_3216)
Add component (AddParameter): Name = "ComponentLink1Description"; Value = "Datasheet"; VariantName = "[No Variations]"
Add component (AddParameter): Name = "ComponentLink1URL"; Value = "https://www.yageo.com/upload/media/product/productsearch/datasheet/rchip/PYu-AC_51_RoHS_L_7.pdf"; VariantName = "[No Variations]"
Add component (AddParameter): Name = "ComponentLink2Description"; Value = "DigiKey Link"; VariantName = "[No Variations]"
Add component (AddParameter): Name = "ComponentLink2URL"; Value = "https://www.digikey.com/en/products/detail/yageo/AC1206FR-07120RL/5897228"; VariantName = "[No Variations]"
Add component (AddParameter): Name = "Composition"; Value = "Thick Film"; VariantName = "[No Variations]"
Add component (AddParameter): Name = "Device Package"; Value = "1206 (3216 Metric)"; VariantName = "[No Variations]"
Add component (AddParameter): Name = "Features"; Value = "Automotive AEC-Q200, Moisture Resistant"; VariantName = "[No Variations]"
Add component (AddParameter): Name = "Height - Seated (Max)"; Value = "0.026" (0.65mm)"; VariantName = "[No Variations]"
Add component (AddParameter): Name = "LastUpdated"; Value = "2/9/2024 8:54:27 PM"; VariantName = "[No Variations]"
Add component (AddParameter): Name = "Lifecycle Status"; Value = "Active"; VariantName = "[No Variations]"
Add component (AddParameter): Name = "Manufacturer"; Value = "Yageo"; VariantName = "[No Variations]"
Add component (AddParameter): Name = "Minimum Order"; Value = "1"; VariantName = "[No Variations]"
Add component (AddParameter): Name = "Number of Terminations"; Value = "2"; VariantName = "[No Variations]"
Add component (AddParameter): Name = "Operating Temperature"; Value = "-55°C ~ 155°C"; VariantName = "[No Variations]"
Add component (AddParameter): Name = "Package / Case"; Value = "1206 (3216 Metric)"; VariantName = "[No Variations]"
Add component (AddParameter): Name = "Packaging"; Value = "TapeAndReel"; VariantName = "[No Variations]"
Add component (AddParameter): Name = "Part Number"; Value = "AC1206FR-07120RL"; VariantName = "[No Variations]"
Add component (AddParameter): Name = "Part Status"; Value = "Active"; VariantName = "[No Variations]"
Add component (AddParameter): Name = "PartId"; Value = "31141"; VariantName = "[No Variations]"
Add component (AddParameter): Name = "Power (Watts)"; Value = "0.25W, 1/4W"; VariantName = "[No Variations]"
Add component (AddParameter): Name = "Price"; Value = "0.01"; VariantName = "[No Variations]"
Add component (AddParameter): Name = "Ratings"; Value = "AEC-Q200"; VariantName = "[No Variations]"
Add component (AddParameter): Name = "Resistance"; Value = "120 Ohms"; VariantName = "[No Variations]"
Add component (AddParameter): Name = "Series"; Value = "AC"; VariantName = "[No Variations]"
Add component (AddParameter): Name = "Size / Dimension"; Value = "0.122" L x 0.063" W (3.10mm x 1.60mm)"; VariantName = "[No Variations]"
Add component (AddParameter): Name = "Supplier 1"; Value = "DigiKey"; VariantName = "[No Variations]"
Add component (AddParameter): Name = "Supplier Device Package"; Value = "1206"; VariantName = "[No Variations]"
Add component (AddParameter): Name = "Supplier Part Number 1"; Value = "YAG3810CT-ND"; VariantName = "[No Variations]"
Add component (AddParameter): Name = "Temperature Coefficient"; Value = "±100ppm/°C"; VariantName = "[No Variations]"
Add component (AddParameter): Name = "Tolerance"; Value = "±1%"; VariantName = "[No Variations]"
Add component (AddParameter): Name = "Value"; Value = "120 Ohms"; VariantName = "[No Variations]"
Added Component: Designator=R45(R 0603(1608))
Add component (AddParameter): Name = "Case Code (Imperial)"; Value = "0603"; VariantName = "[No Variations]"
Add component (AddParameter): Name = "Case Code (Metric)"; Value = "1608"; VariantName = "[No Variations]"
Add component (AddParameter): Name = "Case/Package"; Value = "0603"; VariantName = "[No Variations]"
Add component (AddParameter): Name = "Category"; Value = "Chip SMD Resistors"; VariantName = "[No Variations]"
Add component (AddParameter): Name = "ComponentLink1Description"; Value = "https://datasheet.ciiva.com/11819/0900766b80c66297-11819477.pdf?src-supplier=RSComponents"; VariantName = "[No Variations]"
Add component (AddParameter): Name = "ComponentLink1URL"; Value = "https://datasheet.ciiva.com/11819/0900766b80c66297-11819477.pdf?src-supplier=RSComponents"; VariantName = "[No Variations]"
Add component (AddParameter): Name = "ComponentLink2Description"; Value = "https://datasheet.ciiva.com/12666/pyu-rc0402-51-rohs-l-6-r-12666741.pdf?src-supplier=Mouser"; VariantName = "[No Variations]"
Add component (AddParameter): Name = "ComponentLink2URL"; Value = "https://datasheet.ciiva.com/12666/pyu-rc0402-51-rohs-l-6-r-12666741.pdf?src-supplier=Mouser"; VariantName = "[No Variations]"
Add component (AddParameter): Name = "ComponentLink3Description"; Value = "https://datasheet.ciiva.com/17063/pyu-rc0402-51-rohs-l-6-r-17063193.pdf?src-supplier=Future+Electronics"; VariantName = "[No Variations]"
Add component (AddParameter): Name = "ComponentLink3URL"; Value = "https://datasheet.ciiva.com/17063/pyu-rc0402-51-rohs-l-6-r-17063193.pdf?src-supplier=Future+Electronics"; VariantName = "[No Variations]"
Add component (AddParameter): Name = "ComponentLink4Description"; Value = "https://datasheet.ciiva.com/22747/1018594-22747513.pdf?src-supplier=Element14"; VariantName = "[No Variations]"
Add component (AddParameter): Name = "ComponentLink4URL"; Value = "https://datasheet.ciiva.com/22747/1018594-22747513.pdf?src-supplier=Element14"; VariantName = "[No Variations]"
Add component (AddParameter): Name = "ComponentLink5Description"; Value = "https://datasheet.ciiva.com/7849/1018594-7849869.pdf?src-supplier=Element14"; VariantName = "[No Variations]"
Add component (AddParameter): Name = "ComponentLink5URL"; Value = "https://datasheet.ciiva.com/7849/1018594-7849869.pdf?src-supplier=Element14"; VariantName = "[No Variations]"
Add component (AddParameter): Name = "ComponentLink6Description"; Value = "https://datasheet.ciiva.com/7983/1018594-7983502.pdf?src-supplier=Element14"; VariantName = "[No Variations]"
Add component (AddParameter): Name = "ComponentLink6URL"; Value = "https://datasheet.ciiva.com/7983/1018594-7983502.pdf?src-supplier=Element14"; VariantName = "[No Variations]"
Add component (AddParameter): Name = "ComponentLink7Description"; Value = "https://datasheet.ciiva.com/7849/1018594-7849871.pdf?src-supplier=Element14"; VariantName = "[No Variations]"
Add component (AddParameter): Name = "ComponentLink7URL"; Value = "https://datasheet.ciiva.com/7849/1018594-7849871.pdf?src-supplier=Element14"; VariantName = "[No Variations]"
Add component (AddParameter): Name = "ComponentLink8Description"; Value = "https://datasheet.ciiva.com/11808/0900766b80c66297-11808195.pdf?src-supplier=RSComponents"; VariantName = "[No Variations]"
Add component (AddParameter): Name = "ComponentLink8URL"; Value = "https://datasheet.ciiva.com/11808/0900766b80c66297-11808195.pdf?src-supplier=RSComponents"; VariantName = "[No Variations]"
Add component (AddParameter): Name = "ComponentLink9Description"; Value = "https://datasheet.ciiva.com/2452/pyu-rc0402-51-rohs-l-6-2452608.pdf?src-supplier=Digi-Key"; VariantName = "[No Variations]"
Add component (AddParameter): Name = "ComponentLink9URL"; Value = "https://datasheet.ciiva.com/2452/pyu-rc0402-51-rohs-l-6-2452608.pdf?src-supplier=Digi-Key"; VariantName = "[No Variations]"
Add component (AddParameter): Name = "ComponentLink10Description"; Value = "https://datasheet.ciiva.com/2452/pyu-r-int-thick-7-2452609.pdf?src-supplier=Digi-Key"; VariantName = "[No Variations]"
Add component (AddParameter): Name = "ComponentLink10URL"; Value = "https://datasheet.ciiva.com/2452/pyu-r-int-thick-7-2452609.pdf?src-supplier=Digi-Key"; VariantName = "[No Variations]"
Add component (AddParameter): Name = "ComponentLink11Description"; Value = "https://datasheet.ciiva.com/2452/pyu-r-int-thick-7-2452610.pdf?src-supplier=Digi-Key"; VariantName = "[No Variations]"
Add component (AddParameter): Name = "ComponentLink11URL"; Value = "https://datasheet.ciiva.com/2452/pyu-r-int-thick-7-2452610.pdf?src-supplier=Digi-Key"; VariantName = "[No Variations]"
Add component (AddParameter): Name = "ComponentLink12Description"; Value = "https://datasheet.ciiva.com/28386/pyu-rc0402-51-rohs-l-6-28386633.pdf?src-supplier=Avnet+Europe"; VariantName = "[No Variations]"
Add component (AddParameter): Name = "ComponentLink12URL"; Value = "https://datasheet.ciiva.com/28386/pyu-rc0402-51-rohs-l-6-28386633.pdf?src-supplier=Avnet+Europe"; VariantName = "[No Variations]"
Add component (AddParameter): Name = "ComponentLink13Description"; Value = "https://datasheet.ciiva.com/22747/1018594-22747515.pdf?src-supplier=Element14"; VariantName = "[No Variations]"
Add component (AddParameter): Name = "ComponentLink13URL"; Value = "https://datasheet.ciiva.com/22747/1018594-22747515.pdf?src-supplier=Element14"; VariantName = "[No Variations]"
Add component (AddParameter): Name = "ComponentLink14Description"; Value = "https://datasheet.ciiva.com/7983/1018594-7983535.pdf?src-supplier=Element14"; VariantName = "[No Variations]"
Add component (AddParameter): Name = "ComponentLink14URL"; Value = "https://datasheet.ciiva.com/7983/1018594-7983535.pdf?src-supplier=Element14"; VariantName = "[No Variations]"
Add component (AddParameter): Name = "ComponentLink15Description"; Value = "https://datasheet.ciiva.com/8896/pyu-rc0402-51-rohs-l-6-8896201.pdf?src-supplier=Avnet"; VariantName = "[No Variations]"
Add component (AddParameter): Name = "ComponentLink15URL"; Value = "https://datasheet.ciiva.com/8896/pyu-rc0402-51-rohs-l-6-8896201.pdf?src-supplier=Avnet"; VariantName = "[No Variations]"
Add component (AddParameter): Name = "ComponentLink16Description"; Value = "https://datasheet.ciiva.com/15189/getdatasheetpartid-326379-15189533.pdf?src-supplier=Verical"; VariantName = "[No Variations]"
Add component (AddParameter): Name = "ComponentLink16URL"; Value = "https://datasheet.ciiva.com/15189/getdatasheetpartid-326379-15189533.pdf?src-supplier=Verical"; VariantName = "[No Variations]"
Add component (AddParameter): Name = "Construction"; Value = "Rectangular"; VariantName = "[No Variations]"
Add component (AddParameter): Name = "Contact Plating"; Value = "Tin,Matte"; VariantName = "[No Variations]"
Add component (AddParameter): Name = "Depth"; Value = "0.8mm"; VariantName = "[No Variations]"
Add component (AddParameter): Name = "Features"; Value = "Moisture Resistant"; VariantName = "[No Variations]"
Add component (AddParameter): Name = "Height"; Value = "0.45mm"; VariantName = "[No Variations]"
Add component (AddParameter): Name = "Lead Free"; Value = "Lead Free"; VariantName = "[No Variations]"
Add component (AddParameter): Name = "Length"; Value = "1.6mm"; VariantName = "[No Variations]"
Add component (AddParameter): Name = "Manufacturer"; Value = "Yageo"; VariantName = "[No Variations]"
Add component (AddParameter): Name = "Manufacturer Part Number"; Value = "RC0603FR-071KL"; VariantName = "[No Variations]"
Add component (AddParameter): Name = "Max Operating Temperature"; Value = "155°C"; VariantName = "[No Variations]"
Add component (AddParameter): Name = "Max Power Dissipation"; Value = "100mW"; VariantName = "[No Variations]"
Add component (AddParameter): Name = "Military Standard"; Value = "Not"; VariantName = "[No Variations]"
Add component (AddParameter): Name = "Min Operating Temperature"; Value = "-55°C"; VariantName = "[No Variations]"
Add component (AddParameter): Name = "Number of Terminations"; Value = "2"; VariantName = "[No Variations]"
Add component (AddParameter): Name = "Packaging"; Value = "Tape and Reel"; VariantName = "[No Variations]"
Add component (AddParameter): Name = "Power Rating"; Value = "100mW"; VariantName = "[No Variations]"
Add component (AddParameter): Name = "Pricing 1"; Value = "1=0,10000, 10=0,02400, 100=0,00970, 1000=0,00436, 2500=0,00378 (USD)"; VariantName = "[No Variations]"
Add component (AddParameter): Name = "Radiation Hardening"; Value = "No"; VariantName = "[No Variations]"
Add component (AddParameter): Name = "REACH SVHC"; Value = "No SVHC"; VariantName = "[No Variations]"
Add component (AddParameter): Name = "Resistance"; Value = "1kR"; VariantName = "[No Variations]"
Add component (AddParameter): Name = "Resistance Tolerance"; Value = "1%"; VariantName = "[No Variations]"
Add component (AddParameter): Name = "Resistor Type"; Value = "Thick Film"; VariantName = "[No Variations]"
Add component (AddParameter): Name = "RoHS"; Value = "Yes"; VariantName = "[No Variations]"
Add component (AddParameter): Name = "RoHS Compliant"; Value = "Yes"; VariantName = "[No Variations]"
Add component (AddParameter): Name = "Series"; Value = "RC"; VariantName = "[No Variations]"
Add component (AddParameter): Name = "Size Code"; Value = "0603"; VariantName = "[No Variations]"
Add component (AddParameter): Name = "Stock 1"; Value = "11977983"; VariantName = "[No Variations]"
Add component (AddParameter): Name = "Supplier 1"; Value = "Digi-Key"; VariantName = "[No Variations]"
Add component (AddParameter): Name = "Supplier Part Number 1"; Value = "311-1.00KHRCT-ND"; VariantName = "[No Variations]"
Add component (AddParameter): Name = "Technology"; Value = "THICK FILM"; VariantName = "[No Variations]"
Add component (AddParameter): Name = "Temperature Coefficient"; Value = "100ppm/°C"; VariantName = "[No Variations]"
Add component (AddParameter): Name = "Termination"; Value = "SMD/SMT"; VariantName = "[No Variations]"
Add component (AddParameter): Name = "Tolerance"; Value = "1%"; VariantName = "[No Variations]"
Add component (AddParameter): Name = "Voltage Rating"; Value = "50V"; VariantName = "[No Variations]"
Added Component: Designator=R46(R 0603(1608))
Add component (AddParameter): Name = "Case Code (Imperial)"; Value = "0603"; VariantName = "[No Variations]"
Add component (AddParameter): Name = "Case Code (Metric)"; Value = "1608"; VariantName = "[No Variations]"
Add component (AddParameter): Name = "Case/Package"; Value = "0603"; VariantName = "[No Variations]"
Add component (AddParameter): Name = "Category"; Value = "Chip SMD Resistors"; VariantName = "[No Variations]"
Add component (AddParameter): Name = "ComponentLink1Description"; Value = "https://datasheet.ciiva.com/11819/0900766b80c66297-11819477.pdf?src-supplier=RSComponents"; VariantName = "[No Variations]"
Add component (AddParameter): Name = "ComponentLink1URL"; Value = "https://datasheet.ciiva.com/11819/0900766b80c66297-11819477.pdf?src-supplier=RSComponents"; VariantName = "[No Variations]"
Add component (AddParameter): Name = "ComponentLink2Description"; Value = "https://datasheet.ciiva.com/12666/pyu-rc0402-51-rohs-l-6-r-12666741.pdf?src-supplier=Mouser"; VariantName = "[No Variations]"
Add component (AddParameter): Name = "ComponentLink2URL"; Value = "https://datasheet.ciiva.com/12666/pyu-rc0402-51-rohs-l-6-r-12666741.pdf?src-supplier=Mouser"; VariantName = "[No Variations]"
Add component (AddParameter): Name = "ComponentLink3Description"; Value = "https://datasheet.ciiva.com/17063/pyu-rc0402-51-rohs-l-6-r-17063193.pdf?src-supplier=Future+Electronics"; VariantName = "[No Variations]"
Add component (AddParameter): Name = "ComponentLink3URL"; Value = "https://datasheet.ciiva.com/17063/pyu-rc0402-51-rohs-l-6-r-17063193.pdf?src-supplier=Future+Electronics"; VariantName = "[No Variations]"
Add component (AddParameter): Name = "ComponentLink4Description"; Value = "https://datasheet.ciiva.com/22747/1018594-22747513.pdf?src-supplier=Element14"; VariantName = "[No Variations]"
Add component (AddParameter): Name = "ComponentLink4URL"; Value = "https://datasheet.ciiva.com/22747/1018594-22747513.pdf?src-supplier=Element14"; VariantName = "[No Variations]"
Add component (AddParameter): Name = "ComponentLink5Description"; Value = "https://datasheet.ciiva.com/7849/1018594-7849869.pdf?src-supplier=Element14"; VariantName = "[No Variations]"
Add component (AddParameter): Name = "ComponentLink5URL"; Value = "https://datasheet.ciiva.com/7849/1018594-7849869.pdf?src-supplier=Element14"; VariantName = "[No Variations]"
Add component (AddParameter): Name = "ComponentLink6Description"; Value = "https://datasheet.ciiva.com/7983/1018594-7983502.pdf?src-supplier=Element14"; VariantName = "[No Variations]"
Add component (AddParameter): Name = "ComponentLink6URL"; Value = "https://datasheet.ciiva.com/7983/1018594-7983502.pdf?src-supplier=Element14"; VariantName = "[No Variations]"
Add component (AddParameter): Name = "ComponentLink7Description"; Value = "https://datasheet.ciiva.com/7849/1018594-7849871.pdf?src-supplier=Element14"; VariantName = "[No Variations]"
Add component (AddParameter): Name = "ComponentLink7URL"; Value = "https://datasheet.ciiva.com/7849/1018594-7849871.pdf?src-supplier=Element14"; VariantName = "[No Variations]"
Add component (AddParameter): Name = "ComponentLink8Description"; Value = "https://datasheet.ciiva.com/11808/0900766b80c66297-11808195.pdf?src-supplier=RSComponents"; VariantName = "[No Variations]"
Add component (AddParameter): Name = "ComponentLink8URL"; Value = "https://datasheet.ciiva.com/11808/0900766b80c66297-11808195.pdf?src-supplier=RSComponents"; VariantName = "[No Variations]"
Add component (AddParameter): Name = "ComponentLink9Description"; Value = "https://datasheet.ciiva.com/2452/pyu-rc0402-51-rohs-l-6-2452608.pdf?src-supplier=Digi-Key"; VariantName = "[No Variations]"
Add component (AddParameter): Name = "ComponentLink9URL"; Value = "https://datasheet.ciiva.com/2452/pyu-rc0402-51-rohs-l-6-2452608.pdf?src-supplier=Digi-Key"; VariantName = "[No Variations]"
Add component (AddParameter): Name = "ComponentLink10Description"; Value = "https://datasheet.ciiva.com/2452/pyu-r-int-thick-7-2452609.pdf?src-supplier=Digi-Key"; VariantName = "[No Variations]"
Add component (AddParameter): Name = "ComponentLink10URL"; Value = "https://datasheet.ciiva.com/2452/pyu-r-int-thick-7-2452609.pdf?src-supplier=Digi-Key"; VariantName = "[No Variations]"
Add component (AddParameter): Name = "ComponentLink11Description"; Value = "https://datasheet.ciiva.com/2452/pyu-r-int-thick-7-2452610.pdf?src-supplier=Digi-Key"; VariantName = "[No Variations]"
Add component (AddParameter): Name = "ComponentLink11URL"; Value = "https://datasheet.ciiva.com/2452/pyu-r-int-thick-7-2452610.pdf?src-supplier=Digi-Key"; VariantName = "[No Variations]"
Add component (AddParameter): Name = "ComponentLink12Description"; Value = "https://datasheet.ciiva.com/28386/pyu-rc0402-51-rohs-l-6-28386633.pdf?src-supplier=Avnet+Europe"; VariantName = "[No Variations]"
Add component (AddParameter): Name = "ComponentLink12URL"; Value = "https://datasheet.ciiva.com/28386/pyu-rc0402-51-rohs-l-6-28386633.pdf?src-supplier=Avnet+Europe"; VariantName = "[No Variations]"
Add component (AddParameter): Name = "ComponentLink13Description"; Value = "https://datasheet.ciiva.com/22747/1018594-22747515.pdf?src-supplier=Element14"; VariantName = "[No Variations]"
Add component (AddParameter): Name = "ComponentLink13URL"; Value = "https://datasheet.ciiva.com/22747/1018594-22747515.pdf?src-supplier=Element14"; VariantName = "[No Variations]"
Add component (AddParameter): Name = "ComponentLink14Description"; Value = "https://datasheet.ciiva.com/7983/1018594-7983535.pdf?src-supplier=Element14"; VariantName = "[No Variations]"
Add component (AddParameter): Name = "ComponentLink14URL"; Value = "https://datasheet.ciiva.com/7983/1018594-7983535.pdf?src-supplier=Element14"; VariantName = "[No Variations]"
Add component (AddParameter): Name = "ComponentLink15Description"; Value = "https://datasheet.ciiva.com/8896/pyu-rc0402-51-rohs-l-6-8896201.pdf?src-supplier=Avnet"; VariantName = "[No Variations]"
Add component (AddParameter): Name = "ComponentLink15URL"; Value = "https://datasheet.ciiva.com/8896/pyu-rc0402-51-rohs-l-6-8896201.pdf?src-supplier=Avnet"; VariantName = "[No Variations]"
Add component (AddParameter): Name = "ComponentLink16Description"; Value = "https://datasheet.ciiva.com/15189/getdatasheetpartid-326379-15189533.pdf?src-supplier=Verical"; VariantName = "[No Variations]"
Add component (AddParameter): Name = "ComponentLink16URL"; Value = "https://datasheet.ciiva.com/15189/getdatasheetpartid-326379-15189533.pdf?src-supplier=Verical"; VariantName = "[No Variations]"
Add component (AddParameter): Name = "Construction"; Value = "Rectangular"; VariantName = "[No Variations]"
Add component (AddParameter): Name = "Contact Plating"; Value = "Tin,Matte"; VariantName = "[No Variations]"
Add component (AddParameter): Name = "Depth"; Value = "0.8mm"; VariantName = "[No Variations]"
Add component (AddParameter): Name = "Features"; Value = "Moisture Resistant"; VariantName = "[No Variations]"
Add component (AddParameter): Name = "Height"; Value = "0.45mm"; VariantName = "[No Variations]"
Add component (AddParameter): Name = "Lead Free"; Value = "Lead Free"; VariantName = "[No Variations]"
Add component (AddParameter): Name = "Length"; Value = "1.6mm"; VariantName = "[No Variations]"
Add component (AddParameter): Name = "Manufacturer"; Value = "Yageo"; VariantName = "[No Variations]"
Add component (AddParameter): Name = "Manufacturer Part Number"; Value = "RC0603FR-071KL"; VariantName = "[No Variations]"
Add component (AddParameter): Name = "Max Operating Temperature"; Value = "155°C"; VariantName = "[No Variations]"
Add component (AddParameter): Name = "Max Power Dissipation"; Value = "100mW"; VariantName = "[No Variations]"
Add component (AddParameter): Name = "Military Standard"; Value = "Not"; VariantName = "[No Variations]"
Add component (AddParameter): Name = "Min Operating Temperature"; Value = "-55°C"; VariantName = "[No Variations]"
Add component (AddParameter): Name = "Number of Terminations"; Value = "2"; VariantName = "[No Variations]"
Add component (AddParameter): Name = "Packaging"; Value = "Tape and Reel"; VariantName = "[No Variations]"
Add component (AddParameter): Name = "Power Rating"; Value = "100mW"; VariantName = "[No Variations]"
Add component (AddParameter): Name = "Pricing 1"; Value = "1=0,10000, 10=0,02400, 100=0,00970, 1000=0,00436, 2500=0,00378 (USD)"; VariantName = "[No Variations]"
Add component (AddParameter): Name = "Radiation Hardening"; Value = "No"; VariantName = "[No Variations]"
Add component (AddParameter): Name = "REACH SVHC"; Value = "No SVHC"; VariantName = "[No Variations]"
Add component (AddParameter): Name = "Resistance"; Value = "1kR"; VariantName = "[No Variations]"
Add component (AddParameter): Name = "Resistance Tolerance"; Value = "1%"; VariantName = "[No Variations]"
Add component (AddParameter): Name = "Resistor Type"; Value = "Thick Film"; VariantName = "[No Variations]"
Add component (AddParameter): Name = "RoHS"; Value = "Yes"; VariantName = "[No Variations]"
Add component (AddParameter): Name = "RoHS Compliant"; Value = "Yes"; VariantName = "[No Variations]"
Add component (AddParameter): Name = "Series"; Value = "RC"; VariantName = "[No Variations]"
Add component (AddParameter): Name = "Size Code"; Value = "0603"; VariantName = "[No Variations]"
Add component (AddParameter): Name = "Stock 1"; Value = "11977983"; VariantName = "[No Variations]"
Add component (AddParameter): Name = "Supplier 1"; Value = "Digi-Key"; VariantName = "[No Variations]"
Add component (AddParameter): Name = "Supplier Part Number 1"; Value = "311-1.00KHRCT-ND"; VariantName = "[No Variations]"
Add component (AddParameter): Name = "Technology"; Value = "THICK FILM"; VariantName = "[No Variations]"
Add component (AddParameter): Name = "Temperature Coefficient"; Value = "100ppm/°C"; VariantName = "[No Variations]"
Add component (AddParameter): Name = "Termination"; Value = "SMD/SMT"; VariantName = "[No Variations]"
Add component (AddParameter): Name = "Tolerance"; Value = "1%"; VariantName = "[No Variations]"
Add component (AddParameter): Name = "Voltage Rating"; Value = "50V"; VariantName = "[No Variations]"
Added Component: Designator=R47(RES 0603_1608)
Add component (AddParameter): Name = "ComponentLink1Description"; Value = "Datasheet"; VariantName = "[No Variations]"
Add component (AddParameter): Name = "ComponentLink1URL"; Value = "https://www.te.com/commerce/DocumentDelivery/DDEController?Action=srchrtrv&DocNm=1773204-1&DocType=DS&DocLang=English"; VariantName = "[No Variations]"
Add component (AddParameter): Name = "ComponentLink2Description"; Value = "DigiKey Link"; VariantName = "[No Variations]"
Add component (AddParameter): Name = "ComponentLink2URL"; Value = "https://www.digikey.com/en/products/detail/te-connectivity-passive-product/CRGH0603F330R/5586961"; VariantName = "[No Variations]"
Add component (AddParameter): Name = "Composition"; Value = "Thick Film"; VariantName = "[No Variations]"
Add component (AddParameter): Name = "Device Package"; Value = "0603 (1608 Metric)"; VariantName = "[No Variations]"
Add component (AddParameter): Name = "Height - Seated (Max)"; Value = "0.022" (0.55mm)"; VariantName = "[No Variations]"
Add component (AddParameter): Name = "LastUpdated"; Value = "2/9/2024 8:43:33 PM"; VariantName = "[No Variations]"
Add component (AddParameter): Name = "Lifecycle Status"; Value = "Active"; VariantName = "[No Variations]"
Add component (AddParameter): Name = "Manufacturer"; Value = "TE Connectivity Passive Product"; VariantName = "[No Variations]"
Add component (AddParameter): Name = "Minimum Order"; Value = "1"; VariantName = "[No Variations]"
Add component (AddParameter): Name = "Number of Terminations"; Value = "2"; VariantName = "[No Variations]"
Add component (AddParameter): Name = "Operating Temperature"; Value = "-55°C ~ 155°C"; VariantName = "[No Variations]"
Add component (AddParameter): Name = "Package / Case"; Value = "0603 (1608 Metric)"; VariantName = "[No Variations]"
Add component (AddParameter): Name = "Packaging"; Value = "TapeAndReel"; VariantName = "[No Variations]"
Add component (AddParameter): Name = "Part Number"; Value = "CRGH0603F330R"; VariantName = "[No Variations]"
Add component (AddParameter): Name = "Part Status"; Value = "Active"; VariantName = "[No Variations]"
Add component (AddParameter): Name = "PartId"; Value = "5733"; VariantName = "[No Variations]"
Add component (AddParameter): Name = "Power (Watts)"; Value = "0.2W, 1/5W"; VariantName = "[No Variations]"
Add component (AddParameter): Name = "Price"; Value = "0.01"; VariantName = "[No Variations]"
Add component (AddParameter): Name = "Resistance"; Value = "330 Ohms"; VariantName = "[No Variations]"
Add component (AddParameter): Name = "Series"; Value = "CRGH, Neohm"; VariantName = "[No Variations]"
Add component (AddParameter): Name = "Size / Dimension"; Value = "0.063" L x 0.031" W (1.60mm x 0.80mm)"; VariantName = "[No Variations]"
Add component (AddParameter): Name = "Supplier 1"; Value = "DigiKey"; VariantName = "[No Variations]"
Add component (AddParameter): Name = "Supplier Device Package"; Value = "0603"; VariantName = "[No Variations]"
Add component (AddParameter): Name = "Supplier Part Number 1"; Value = "A129541CT-ND"; VariantName = "[No Variations]"
Add component (AddParameter): Name = "Temperature Coefficient"; Value = "±100ppm/°C"; VariantName = "[No Variations]"
Add component (AddParameter): Name = "Tolerance"; Value = "±1%"; VariantName = "[No Variations]"
Add component (AddParameter): Name = "Value"; Value = "330 Ohms"; VariantName = "[No Variations]"
Added Component: Designator=R48(RES 0603_1608)
Add component (AddParameter): Name = "ComponentLink1Description"; Value = "Datasheet"; VariantName = "[No Variations]"
Add component (AddParameter): Name = "ComponentLink1URL"; Value = "https://www.te.com/commerce/DocumentDelivery/DDEController?Action=srchrtrv&DocNm=1773204-1&DocType=DS&DocLang=English"; VariantName = "[No Variations]"
Add component (AddParameter): Name = "ComponentLink2Description"; Value = "DigiKey Link"; VariantName = "[No Variations]"
Add component (AddParameter): Name = "ComponentLink2URL"; Value = "https://www.digikey.com/en/products/detail/te-connectivity-passive-product/CRGH0603F330R/5586961"; VariantName = "[No Variations]"
Add component (AddParameter): Name = "Composition"; Value = "Thick Film"; VariantName = "[No Variations]"
Add component (AddParameter): Name = "Device Package"; Value = "0603 (1608 Metric)"; VariantName = "[No Variations]"
Add component (AddParameter): Name = "Height - Seated (Max)"; Value = "0.022" (0.55mm)"; VariantName = "[No Variations]"
Add component (AddParameter): Name = "LastUpdated"; Value = "2/9/2024 8:43:33 PM"; VariantName = "[No Variations]"
Add component (AddParameter): Name = "Lifecycle Status"; Value = "Active"; VariantName = "[No Variations]"
Add component (AddParameter): Name = "Manufacturer"; Value = "TE Connectivity Passive Product"; VariantName = "[No Variations]"
Add component (AddParameter): Name = "Minimum Order"; Value = "1"; VariantName = "[No Variations]"
Add component (AddParameter): Name = "Number of Terminations"; Value = "2"; VariantName = "[No Variations]"
Add component (AddParameter): Name = "Operating Temperature"; Value = "-55°C ~ 155°C"; VariantName = "[No Variations]"
Add component (AddParameter): Name = "Package / Case"; Value = "0603 (1608 Metric)"; VariantName = "[No Variations]"
Add component (AddParameter): Name = "Packaging"; Value = "TapeAndReel"; VariantName = "[No Variations]"
Add component (AddParameter): Name = "Part Number"; Value = "CRGH0603F330R"; VariantName = "[No Variations]"
Add component (AddParameter): Name = "Part Status"; Value = "Active"; VariantName = "[No Variations]"
Add component (AddParameter): Name = "PartId"; Value = "5733"; VariantName = "[No Variations]"
Add component (AddParameter): Name = "Power (Watts)"; Value = "0.2W, 1/5W"; VariantName = "[No Variations]"
Add component (AddParameter): Name = "Price"; Value = "0.01"; VariantName = "[No Variations]"
Add component (AddParameter): Name = "Resistance"; Value = "330 Ohms"; VariantName = "[No Variations]"
Add component (AddParameter): Name = "Series"; Value = "CRGH, Neohm"; VariantName = "[No Variations]"
Add component (AddParameter): Name = "Size / Dimension"; Value = "0.063" L x 0.031" W (1.60mm x 0.80mm)"; VariantName = "[No Variations]"
Add component (AddParameter): Name = "Supplier 1"; Value = "DigiKey"; VariantName = "[No Variations]"
Add component (AddParameter): Name = "Supplier Device Package"; Value = "0603"; VariantName = "[No Variations]"
Add component (AddParameter): Name = "Supplier Part Number 1"; Value = "A129541CT-ND"; VariantName = "[No Variations]"
Add component (AddParameter): Name = "Temperature Coefficient"; Value = "±100ppm/°C"; VariantName = "[No Variations]"
Add component (AddParameter): Name = "Tolerance"; Value = "±1%"; VariantName = "[No Variations]"
Add component (AddParameter): Name = "Value"; Value = "330 Ohms"; VariantName = "[No Variations]"
Added Component: Designator=R49(RES 0603_1608)
Add component (AddParameter): Name = "ComponentLink1Description"; Value = "Datasheet"; VariantName = "[No Variations]"
Add component (AddParameter): Name = "ComponentLink1URL"; Value = "https://www.te.com/commerce/DocumentDelivery/DDEController?Action=srchrtrv&DocNm=1773204-1&DocType=DS&DocLang=English"; VariantName = "[No Variations]"
Add component (AddParameter): Name = "ComponentLink2Description"; Value = "DigiKey Link"; VariantName = "[No Variations]"
Add component (AddParameter): Name = "ComponentLink2URL"; Value = "https://www.digikey.com/en/products/detail/te-connectivity-passive-product/CRGH0603F330R/5586961"; VariantName = "[No Variations]"
Add component (AddParameter): Name = "Composition"; Value = "Thick Film"; VariantName = "[No Variations]"
Add component (AddParameter): Name = "Device Package"; Value = "0603 (1608 Metric)"; VariantName = "[No Variations]"
Add component (AddParameter): Name = "Height - Seated (Max)"; Value = "0.022" (0.55mm)"; VariantName = "[No Variations]"
Add component (AddParameter): Name = "LastUpdated"; Value = "2/9/2024 8:43:33 PM"; VariantName = "[No Variations]"
Add component (AddParameter): Name = "Lifecycle Status"; Value = "Active"; VariantName = "[No Variations]"
Add component (AddParameter): Name = "Manufacturer"; Value = "TE Connectivity Passive Product"; VariantName = "[No Variations]"
Add component (AddParameter): Name = "Minimum Order"; Value = "1"; VariantName = "[No Variations]"
Add component (AddParameter): Name = "Number of Terminations"; Value = "2"; VariantName = "[No Variations]"
Add component (AddParameter): Name = "Operating Temperature"; Value = "-55°C ~ 155°C"; VariantName = "[No Variations]"
Add component (AddParameter): Name = "Package / Case"; Value = "0603 (1608 Metric)"; VariantName = "[No Variations]"
Add component (AddParameter): Name = "Packaging"; Value = "TapeAndReel"; VariantName = "[No Variations]"
Add component (AddParameter): Name = "Part Number"; Value = "CRGH0603F330R"; VariantName = "[No Variations]"
Add component (AddParameter): Name = "Part Status"; Value = "Active"; VariantName = "[No Variations]"
Add component (AddParameter): Name = "PartId"; Value = "5733"; VariantName = "[No Variations]"
Add component (AddParameter): Name = "Power (Watts)"; Value = "0.2W, 1/5W"; VariantName = "[No Variations]"
Add component (AddParameter): Name = "Price"; Value = "0.01"; VariantName = "[No Variations]"
Add component (AddParameter): Name = "Resistance"; Value = "330 Ohms"; VariantName = "[No Variations]"
Add component (AddParameter): Name = "Series"; Value = "CRGH, Neohm"; VariantName = "[No Variations]"
Add component (AddParameter): Name = "Size / Dimension"; Value = "0.063" L x 0.031" W (1.60mm x 0.80mm)"; VariantName = "[No Variations]"
Add component (AddParameter): Name = "Supplier 1"; Value = "DigiKey"; VariantName = "[No Variations]"
Add component (AddParameter): Name = "Supplier Device Package"; Value = "0603"; VariantName = "[No Variations]"
Add component (AddParameter): Name = "Supplier Part Number 1"; Value = "A129541CT-ND"; VariantName = "[No Variations]"
Add component (AddParameter): Name = "Temperature Coefficient"; Value = "±100ppm/°C"; VariantName = "[No Variations]"
Add component (AddParameter): Name = "Tolerance"; Value = "±1%"; VariantName = "[No Variations]"
Add component (AddParameter): Name = "Value"; Value = "330 Ohms"; VariantName = "[No Variations]"
Added Component: Designator=R50(RES 0603_1608)
Add component (AddParameter): Name = "ComponentLink1Description"; Value = "Datasheet"; VariantName = "[No Variations]"
Add component (AddParameter): Name = "ComponentLink1URL"; Value = "https://www.te.com/commerce/DocumentDelivery/DDEController?Action=srchrtrv&DocNm=1773204-1&DocType=DS&DocLang=English"; VariantName = "[No Variations]"
Add component (AddParameter): Name = "ComponentLink2Description"; Value = "DigiKey Link"; VariantName = "[No Variations]"
Add component (AddParameter): Name = "ComponentLink2URL"; Value = "https://www.digikey.com/en/products/detail/te-connectivity-passive-product/CRGH0603F330R/5586961"; VariantName = "[No Variations]"
Add component (AddParameter): Name = "Composition"; Value = "Thick Film"; VariantName = "[No Variations]"
Add component (AddParameter): Name = "Device Package"; Value = "0603 (1608 Metric)"; VariantName = "[No Variations]"
Add component (AddParameter): Name = "Height - Seated (Max)"; Value = "0.022" (0.55mm)"; VariantName = "[No Variations]"
Add component (AddParameter): Name = "LastUpdated"; Value = "2/9/2024 8:43:33 PM"; VariantName = "[No Variations]"
Add component (AddParameter): Name = "Lifecycle Status"; Value = "Active"; VariantName = "[No Variations]"
Add component (AddParameter): Name = "Manufacturer"; Value = "TE Connectivity Passive Product"; VariantName = "[No Variations]"
Add component (AddParameter): Name = "Minimum Order"; Value = "1"; VariantName = "[No Variations]"
Add component (AddParameter): Name = "Number of Terminations"; Value = "2"; VariantName = "[No Variations]"
Add component (AddParameter): Name = "Operating Temperature"; Value = "-55°C ~ 155°C"; VariantName = "[No Variations]"
Add component (AddParameter): Name = "Package / Case"; Value = "0603 (1608 Metric)"; VariantName = "[No Variations]"
Add component (AddParameter): Name = "Packaging"; Value = "TapeAndReel"; VariantName = "[No Variations]"
Add component (AddParameter): Name = "Part Number"; Value = "CRGH0603F330R"; VariantName = "[No Variations]"
Add component (AddParameter): Name = "Part Status"; Value = "Active"; VariantName = "[No Variations]"
Add component (AddParameter): Name = "PartId"; Value = "5733"; VariantName = "[No Variations]"
Add component (AddParameter): Name = "Power (Watts)"; Value = "0.2W, 1/5W"; VariantName = "[No Variations]"
Add component (AddParameter): Name = "Price"; Value = "0.01"; VariantName = "[No Variations]"
Add component (AddParameter): Name = "Resistance"; Value = "330 Ohms"; VariantName = "[No Variations]"
Add component (AddParameter): Name = "Series"; Value = "CRGH, Neohm"; VariantName = "[No Variations]"
Add component (AddParameter): Name = "Size / Dimension"; Value = "0.063" L x 0.031" W (1.60mm x 0.80mm)"; VariantName = "[No Variations]"
Add component (AddParameter): Name = "Supplier 1"; Value = "DigiKey"; VariantName = "[No Variations]"
Add component (AddParameter): Name = "Supplier Device Package"; Value = "0603"; VariantName = "[No Variations]"
Add component (AddParameter): Name = "Supplier Part Number 1"; Value = "A129541CT-ND"; VariantName = "[No Variations]"
Add component (AddParameter): Name = "Temperature Coefficient"; Value = "±100ppm/°C"; VariantName = "[No Variations]"
Add component (AddParameter): Name = "Tolerance"; Value = "±1%"; VariantName = "[No Variations]"
Add component (AddParameter): Name = "Value"; Value = "330 Ohms"; VariantName = "[No Variations]"
Added Component: Designator=R51(RES 0603_1608)
Add component (AddParameter): Name = "ComponentLink1Description"; Value = "Datasheet"; VariantName = "[No Variations]"
Add component (AddParameter): Name = "ComponentLink1URL"; Value = "https://www.te.com/commerce/DocumentDelivery/DDEController?Action=srchrtrv&DocNm=1773204-1&DocType=DS&DocLang=English"; VariantName = "[No Variations]"
Add component (AddParameter): Name = "ComponentLink2Description"; Value = "DigiKey Link"; VariantName = "[No Variations]"
Add component (AddParameter): Name = "ComponentLink2URL"; Value = "https://www.digikey.com/en/products/detail/te-connectivity-passive-product/CRGH0603F330R/5586961"; VariantName = "[No Variations]"
Add component (AddParameter): Name = "Composition"; Value = "Thick Film"; VariantName = "[No Variations]"
Add component (AddParameter): Name = "Device Package"; Value = "0603 (1608 Metric)"; VariantName = "[No Variations]"
Add component (AddParameter): Name = "Height - Seated (Max)"; Value = "0.022" (0.55mm)"; VariantName = "[No Variations]"
Add component (AddParameter): Name = "LastUpdated"; Value = "2/9/2024 8:43:33 PM"; VariantName = "[No Variations]"
Add component (AddParameter): Name = "Lifecycle Status"; Value = "Active"; VariantName = "[No Variations]"
Add component (AddParameter): Name = "Manufacturer"; Value = "TE Connectivity Passive Product"; VariantName = "[No Variations]"
Add component (AddParameter): Name = "Minimum Order"; Value = "1"; VariantName = "[No Variations]"
Add component (AddParameter): Name = "Number of Terminations"; Value = "2"; VariantName = "[No Variations]"
Add component (AddParameter): Name = "Operating Temperature"; Value = "-55°C ~ 155°C"; VariantName = "[No Variations]"
Add component (AddParameter): Name = "Package / Case"; Value = "0603 (1608 Metric)"; VariantName = "[No Variations]"
Add component (AddParameter): Name = "Packaging"; Value = "TapeAndReel"; VariantName = "[No Variations]"
Add component (AddParameter): Name = "Part Number"; Value = "CRGH0603F330R"; VariantName = "[No Variations]"
Add component (AddParameter): Name = "Part Status"; Value = "Active"; VariantName = "[No Variations]"
Add component (AddParameter): Name = "PartId"; Value = "5733"; VariantName = "[No Variations]"
Add component (AddParameter): Name = "Power (Watts)"; Value = "0.2W, 1/5W"; VariantName = "[No Variations]"
Add component (AddParameter): Name = "Price"; Value = "0.01"; VariantName = "[No Variations]"
Add component (AddParameter): Name = "Resistance"; Value = "330 Ohms"; VariantName = "[No Variations]"
Add component (AddParameter): Name = "Series"; Value = "CRGH, Neohm"; VariantName = "[No Variations]"
Add component (AddParameter): Name = "Size / Dimension"; Value = "0.063" L x 0.031" W (1.60mm x 0.80mm)"; VariantName = "[No Variations]"
Add component (AddParameter): Name = "Supplier 1"; Value = "DigiKey"; VariantName = "[No Variations]"
Add component (AddParameter): Name = "Supplier Device Package"; Value = "0603"; VariantName = "[No Variations]"
Add component (AddParameter): Name = "Supplier Part Number 1"; Value = "A129541CT-ND"; VariantName = "[No Variations]"
Add component (AddParameter): Name = "Temperature Coefficient"; Value = "±100ppm/°C"; VariantName = "[No Variations]"
Add component (AddParameter): Name = "Tolerance"; Value = "±1%"; VariantName = "[No Variations]"
Add component (AddParameter): Name = "Value"; Value = "330 Ohms"; VariantName = "[No Variations]"
Added Component: Designator=R52(RES 0603_1608)
Add component (AddParameter): Name = "ComponentLink1Description"; Value = "Datasheet"; VariantName = "[No Variations]"
Add component (AddParameter): Name = "ComponentLink1URL"; Value = "https://www.te.com/commerce/DocumentDelivery/DDEController?Action=srchrtrv&DocNm=1773204-1&DocType=DS&DocLang=English"; VariantName = "[No Variations]"
Add component (AddParameter): Name = "ComponentLink2Description"; Value = "DigiKey Link"; VariantName = "[No Variations]"
Add component (AddParameter): Name = "ComponentLink2URL"; Value = "https://www.digikey.com/en/products/detail/te-connectivity-passive-product/CRGH0603F330R/5586961"; VariantName = "[No Variations]"
Add component (AddParameter): Name = "Composition"; Value = "Thick Film"; VariantName = "[No Variations]"
Add component (AddParameter): Name = "Device Package"; Value = "0603 (1608 Metric)"; VariantName = "[No Variations]"
Add component (AddParameter): Name = "Height - Seated (Max)"; Value = "0.022" (0.55mm)"; VariantName = "[No Variations]"
Add component (AddParameter): Name = "LastUpdated"; Value = "2/9/2024 8:43:33 PM"; VariantName = "[No Variations]"
Add component (AddParameter): Name = "Lifecycle Status"; Value = "Active"; VariantName = "[No Variations]"
Add component (AddParameter): Name = "Manufacturer"; Value = "TE Connectivity Passive Product"; VariantName = "[No Variations]"
Add component (AddParameter): Name = "Minimum Order"; Value = "1"; VariantName = "[No Variations]"
Add component (AddParameter): Name = "Number of Terminations"; Value = "2"; VariantName = "[No Variations]"
Add component (AddParameter): Name = "Operating Temperature"; Value = "-55°C ~ 155°C"; VariantName = "[No Variations]"
Add component (AddParameter): Name = "Package / Case"; Value = "0603 (1608 Metric)"; VariantName = "[No Variations]"
Add component (AddParameter): Name = "Packaging"; Value = "TapeAndReel"; VariantName = "[No Variations]"
Add component (AddParameter): Name = "Part Number"; Value = "CRGH0603F330R"; VariantName = "[No Variations]"
Add component (AddParameter): Name = "Part Status"; Value = "Active"; VariantName = "[No Variations]"
Add component (AddParameter): Name = "PartId"; Value = "5733"; VariantName = "[No Variations]"
Add component (AddParameter): Name = "Power (Watts)"; Value = "0.2W, 1/5W"; VariantName = "[No Variations]"
Add component (AddParameter): Name = "Price"; Value = "0.01"; VariantName = "[No Variations]"
Add component (AddParameter): Name = "Resistance"; Value = "330 Ohms"; VariantName = "[No Variations]"
Add component (AddParameter): Name = "Series"; Value = "CRGH, Neohm"; VariantName = "[No Variations]"
Add component (AddParameter): Name = "Size / Dimension"; Value = "0.063" L x 0.031" W (1.60mm x 0.80mm)"; VariantName = "[No Variations]"
Add component (AddParameter): Name = "Supplier 1"; Value = "DigiKey"; VariantName = "[No Variations]"
Add component (AddParameter): Name = "Supplier Device Package"; Value = "0603"; VariantName = "[No Variations]"
Add component (AddParameter): Name = "Supplier Part Number 1"; Value = "A129541CT-ND"; VariantName = "[No Variations]"
Add component (AddParameter): Name = "Temperature Coefficient"; Value = "±100ppm/°C"; VariantName = "[No Variations]"
Add component (AddParameter): Name = "Tolerance"; Value = "±1%"; VariantName = "[No Variations]"
Add component (AddParameter): Name = "Value"; Value = "330 Ohms"; VariantName = "[No Variations]"
Added Component: Designator=R53(RES 0603_1608)
Add component (AddParameter): Name = "ComponentLink1Description"; Value = "Datasheet"; VariantName = "[No Variations]"
Add component (AddParameter): Name = "ComponentLink1URL"; Value = "https://www.te.com/commerce/DocumentDelivery/DDEController?Action=srchrtrv&DocNm=1773204-1&DocType=DS&DocLang=English"; VariantName = "[No Variations]"
Add component (AddParameter): Name = "ComponentLink2Description"; Value = "DigiKey Link"; VariantName = "[No Variations]"
Add component (AddParameter): Name = "ComponentLink2URL"; Value = "https://www.digikey.com/en/products/detail/te-connectivity-passive-product/CRGH0603F330R/5586961"; VariantName = "[No Variations]"
Add component (AddParameter): Name = "Composition"; Value = "Thick Film"; VariantName = "[No Variations]"
Add component (AddParameter): Name = "Device Package"; Value = "0603 (1608 Metric)"; VariantName = "[No Variations]"
Add component (AddParameter): Name = "Height - Seated (Max)"; Value = "0.022" (0.55mm)"; VariantName = "[No Variations]"
Add component (AddParameter): Name = "LastUpdated"; Value = "2/9/2024 8:43:33 PM"; VariantName = "[No Variations]"
Add component (AddParameter): Name = "Lifecycle Status"; Value = "Active"; VariantName = "[No Variations]"
Add component (AddParameter): Name = "Manufacturer"; Value = "TE Connectivity Passive Product"; VariantName = "[No Variations]"
Add component (AddParameter): Name = "Minimum Order"; Value = "1"; VariantName = "[No Variations]"
Add component (AddParameter): Name = "Number of Terminations"; Value = "2"; VariantName = "[No Variations]"
Add component (AddParameter): Name = "Operating Temperature"; Value = "-55°C ~ 155°C"; VariantName = "[No Variations]"
Add component (AddParameter): Name = "Package / Case"; Value = "0603 (1608 Metric)"; VariantName = "[No Variations]"
Add component (AddParameter): Name = "Packaging"; Value = "TapeAndReel"; VariantName = "[No Variations]"
Add component (AddParameter): Name = "Part Number"; Value = "CRGH0603F330R"; VariantName = "[No Variations]"
Add component (AddParameter): Name = "Part Status"; Value = "Active"; VariantName = "[No Variations]"
Add component (AddParameter): Name = "PartId"; Value = "5733"; VariantName = "[No Variations]"
Add component (AddParameter): Name = "Power (Watts)"; Value = "0.2W, 1/5W"; VariantName = "[No Variations]"
Add component (AddParameter): Name = "Price"; Value = "0.01"; VariantName = "[No Variations]"
Add component (AddParameter): Name = "Resistance"; Value = "330 Ohms"; VariantName = "[No Variations]"
Add component (AddParameter): Name = "Series"; Value = "CRGH, Neohm"; VariantName = "[No Variations]"
Add component (AddParameter): Name = "Size / Dimension"; Value = "0.063" L x 0.031" W (1.60mm x 0.80mm)"; VariantName = "[No Variations]"
Add component (AddParameter): Name = "Supplier 1"; Value = "DigiKey"; VariantName = "[No Variations]"
Add component (AddParameter): Name = "Supplier Device Package"; Value = "0603"; VariantName = "[No Variations]"
Add component (AddParameter): Name = "Supplier Part Number 1"; Value = "A129541CT-ND"; VariantName = "[No Variations]"
Add component (AddParameter): Name = "Temperature Coefficient"; Value = "±100ppm/°C"; VariantName = "[No Variations]"
Add component (AddParameter): Name = "Tolerance"; Value = "±1%"; VariantName = "[No Variations]"
Add component (AddParameter): Name = "Value"; Value = "330 Ohms"; VariantName = "[No Variations]"
Added Component: Designator=R54(SMR0402)
Add component (AddParameter): Name = "Manufacturer Part Number"; Value = "CRCW04025K10FKED"; VariantName = "[No Variations]"
Add component (AddParameter): Name = "Order Code"; Value = "DIGI: 541-5.10KLTR-ND"; VariantName = "[No Variations]"
Add component (AddParameter): Name = "Value"; Value = "5.1k %1"; VariantName = "[No Variations]"
Added Component: Designator=R55(SMR0402)
Add component (AddParameter): Name = "Manufacturer Part Number"; Value = "CRCW04025K10FKED"; VariantName = "[No Variations]"
Add component (AddParameter): Name = "Order Code"; Value = "DIGI: 541-5.10KLTR-ND"; VariantName = "[No Variations]"
Add component (AddParameter): Name = "Value"; Value = "5.1k %1"; VariantName = "[No Variations]"
Added Component: Designator=R56(RES0603)
Add component (AddParameter): Name = "LCSC Manufacturer Part Number"; Value = "MCT06030C1002FP500"; VariantName = "[No Variations]"
Add component (AddParameter): Name = "LCSC Part Number"; Value = "C161803"; VariantName = "[No Variations]"
Add component (AddParameter): Name = "Manufacturer Part Number"; Value = "RNCP0603FTD10K0"; VariantName = "[No Variations]"
Add component (AddParameter): Name = "Order Code"; Value = "Digi: RNCP0603FTD10K0TR-ND"; VariantName = "[No Variations]"
Add component (AddParameter): Name = "Sirius Stock Code"; Value = ""; VariantName = "[No Variations]"
Add component (AddParameter): Name = "Value"; Value = "10k"; VariantName = "[No Variations]"
Added Component: Designator=R57(R 0603(1608))
Add component (AddParameter): Name = "Case Code (Imperial)"; Value = "0603"; VariantName = "[No Variations]"
Add component (AddParameter): Name = "Case Code (Metric)"; Value = "1608"; VariantName = "[No Variations]"
Add component (AddParameter): Name = "Case/Package"; Value = "0603"; VariantName = "[No Variations]"
Add component (AddParameter): Name = "Category"; Value = "Chip SMD Resistors"; VariantName = "[No Variations]"
Add component (AddParameter): Name = "ComponentLink1Description"; Value = "https://datasheet.ciiva.com/11819/0900766b80c66297-11819477.pdf?src-supplier=RSComponents"; VariantName = "[No Variations]"
Add component (AddParameter): Name = "ComponentLink1URL"; Value = "https://datasheet.ciiva.com/11819/0900766b80c66297-11819477.pdf?src-supplier=RSComponents"; VariantName = "[No Variations]"
Add component (AddParameter): Name = "ComponentLink2Description"; Value = "https://datasheet.ciiva.com/12666/pyu-rc0402-51-rohs-l-6-r-12666741.pdf?src-supplier=Mouser"; VariantName = "[No Variations]"
Add component (AddParameter): Name = "ComponentLink2URL"; Value = "https://datasheet.ciiva.com/12666/pyu-rc0402-51-rohs-l-6-r-12666741.pdf?src-supplier=Mouser"; VariantName = "[No Variations]"
Add component (AddParameter): Name = "ComponentLink3Description"; Value = "https://datasheet.ciiva.com/17063/pyu-rc0402-51-rohs-l-6-r-17063193.pdf?src-supplier=Future+Electronics"; VariantName = "[No Variations]"
Add component (AddParameter): Name = "ComponentLink3URL"; Value = "https://datasheet.ciiva.com/17063/pyu-rc0402-51-rohs-l-6-r-17063193.pdf?src-supplier=Future+Electronics"; VariantName = "[No Variations]"
Add component (AddParameter): Name = "ComponentLink4Description"; Value = "https://datasheet.ciiva.com/22747/1018594-22747513.pdf?src-supplier=Element14"; VariantName = "[No Variations]"
Add component (AddParameter): Name = "ComponentLink4URL"; Value = "https://datasheet.ciiva.com/22747/1018594-22747513.pdf?src-supplier=Element14"; VariantName = "[No Variations]"
Add component (AddParameter): Name = "ComponentLink5Description"; Value = "https://datasheet.ciiva.com/7849/1018594-7849869.pdf?src-supplier=Element14"; VariantName = "[No Variations]"
Add component (AddParameter): Name = "ComponentLink5URL"; Value = "https://datasheet.ciiva.com/7849/1018594-7849869.pdf?src-supplier=Element14"; VariantName = "[No Variations]"
Add component (AddParameter): Name = "ComponentLink6Description"; Value = "https://datasheet.ciiva.com/7983/1018594-7983502.pdf?src-supplier=Element14"; VariantName = "[No Variations]"
Add component (AddParameter): Name = "ComponentLink6URL"; Value = "https://datasheet.ciiva.com/7983/1018594-7983502.pdf?src-supplier=Element14"; VariantName = "[No Variations]"
Add component (AddParameter): Name = "ComponentLink7Description"; Value = "https://datasheet.ciiva.com/7849/1018594-7849871.pdf?src-supplier=Element14"; VariantName = "[No Variations]"
Add component (AddParameter): Name = "ComponentLink7URL"; Value = "https://datasheet.ciiva.com/7849/1018594-7849871.pdf?src-supplier=Element14"; VariantName = "[No Variations]"
Add component (AddParameter): Name = "ComponentLink8Description"; Value = "https://datasheet.ciiva.com/11808/0900766b80c66297-11808195.pdf?src-supplier=RSComponents"; VariantName = "[No Variations]"
Add component (AddParameter): Name = "ComponentLink8URL"; Value = "https://datasheet.ciiva.com/11808/0900766b80c66297-11808195.pdf?src-supplier=RSComponents"; VariantName = "[No Variations]"
Add component (AddParameter): Name = "ComponentLink9Description"; Value = "https://datasheet.ciiva.com/2452/pyu-rc0402-51-rohs-l-6-2452608.pdf?src-supplier=Digi-Key"; VariantName = "[No Variations]"
Add component (AddParameter): Name = "ComponentLink9URL"; Value = "https://datasheet.ciiva.com/2452/pyu-rc0402-51-rohs-l-6-2452608.pdf?src-supplier=Digi-Key"; VariantName = "[No Variations]"
Add component (AddParameter): Name = "ComponentLink10Description"; Value = "https://datasheet.ciiva.com/2452/pyu-r-int-thick-7-2452609.pdf?src-supplier=Digi-Key"; VariantName = "[No Variations]"
Add component (AddParameter): Name = "ComponentLink10URL"; Value = "https://datasheet.ciiva.com/2452/pyu-r-int-thick-7-2452609.pdf?src-supplier=Digi-Key"; VariantName = "[No Variations]"
Add component (AddParameter): Name = "ComponentLink11Description"; Value = "https://datasheet.ciiva.com/2452/pyu-r-int-thick-7-2452610.pdf?src-supplier=Digi-Key"; VariantName = "[No Variations]"
Add component (AddParameter): Name = "ComponentLink11URL"; Value = "https://datasheet.ciiva.com/2452/pyu-r-int-thick-7-2452610.pdf?src-supplier=Digi-Key"; VariantName = "[No Variations]"
Add component (AddParameter): Name = "ComponentLink12Description"; Value = "https://datasheet.ciiva.com/28386/pyu-rc0402-51-rohs-l-6-28386633.pdf?src-supplier=Avnet+Europe"; VariantName = "[No Variations]"
Add component (AddParameter): Name = "ComponentLink12URL"; Value = "https://datasheet.ciiva.com/28386/pyu-rc0402-51-rohs-l-6-28386633.pdf?src-supplier=Avnet+Europe"; VariantName = "[No Variations]"
Add component (AddParameter): Name = "ComponentLink13Description"; Value = "https://datasheet.ciiva.com/22747/1018594-22747515.pdf?src-supplier=Element14"; VariantName = "[No Variations]"
Add component (AddParameter): Name = "ComponentLink13URL"; Value = "https://datasheet.ciiva.com/22747/1018594-22747515.pdf?src-supplier=Element14"; VariantName = "[No Variations]"
Add component (AddParameter): Name = "ComponentLink14Description"; Value = "https://datasheet.ciiva.com/7983/1018594-7983535.pdf?src-supplier=Element14"; VariantName = "[No Variations]"
Add component (AddParameter): Name = "ComponentLink14URL"; Value = "https://datasheet.ciiva.com/7983/1018594-7983535.pdf?src-supplier=Element14"; VariantName = "[No Variations]"
Add component (AddParameter): Name = "ComponentLink15Description"; Value = "https://datasheet.ciiva.com/8896/pyu-rc0402-51-rohs-l-6-8896201.pdf?src-supplier=Avnet"; VariantName = "[No Variations]"
Add component (AddParameter): Name = "ComponentLink15URL"; Value = "https://datasheet.ciiva.com/8896/pyu-rc0402-51-rohs-l-6-8896201.pdf?src-supplier=Avnet"; VariantName = "[No Variations]"
Add component (AddParameter): Name = "ComponentLink16Description"; Value = "https://datasheet.ciiva.com/15189/getdatasheetpartid-326379-15189533.pdf?src-supplier=Verical"; VariantName = "[No Variations]"
Add component (AddParameter): Name = "ComponentLink16URL"; Value = "https://datasheet.ciiva.com/15189/getdatasheetpartid-326379-15189533.pdf?src-supplier=Verical"; VariantName = "[No Variations]"
Add component (AddParameter): Name = "ComponentLink17Description"; Value = "https://datasheet.ciiva.com/11808/0900766b80f96399-11808081.pdf?src-supplier=RSComponents"; VariantName = "[No Variations]"
Add component (AddParameter): Name = "ComponentLink17URL"; Value = "https://datasheet.ciiva.com/11808/0900766b80f96399-11808081.pdf?src-supplier=RSComponents"; VariantName = "[No Variations]"
Add component (AddParameter): Name = "ComponentLink18Description"; Value = "https://datasheet.ciiva.com/7746/1686128-7746280.pdf?src-supplier=Element14"; VariantName = "[No Variations]"
Add component (AddParameter): Name = "ComponentLink18URL"; Value = "https://datasheet.ciiva.com/7746/1686128-7746280.pdf?src-supplier=Element14"; VariantName = "[No Variations]"
Add component (AddParameter): Name = "ComponentLink19Description"; Value = "https://datasheet.ciiva.com/7660/1868787-7660790.pdf?src-supplier=Element14"; VariantName = "[No Variations]"
Add component (AddParameter): Name = "ComponentLink19URL"; Value = "https://datasheet.ciiva.com/7660/1868787-7660790.pdf?src-supplier=Element14"; VariantName = "[No Variations]"
Add component (AddParameter): Name = "ComponentLink20Description"; Value = "https://datasheet.ciiva.com/7983/443971-7983613.pdf?src-supplier=Element14"; VariantName = "[No Variations]"
Add component (AddParameter): Name = "ComponentLink20URL"; Value = "https://datasheet.ciiva.com/7983/443971-7983613.pdf?src-supplier=Element14"; VariantName = "[No Variations]"
Add component (AddParameter): Name = "ComponentLink21Description"; Value = "https://datasheet.ciiva.com/7746/1738695-7746281.pdf?src-supplier=Element14"; VariantName = "[No Variations]"
Add component (AddParameter): Name = "ComponentLink21URL"; Value = "https://datasheet.ciiva.com/7746/1738695-7746281.pdf?src-supplier=Element14"; VariantName = "[No Variations]"
Add component (AddParameter): Name = "ComponentLink22Description"; Value = "https://datasheet.ciiva.com/7746/1738695-7746279.pdf?src-supplier=Element14"; VariantName = "[No Variations]"
Add component (AddParameter): Name = "ComponentLink22URL"; Value = "https://datasheet.ciiva.com/7746/1738695-7746279.pdf?src-supplier=Element14"; VariantName = "[No Variations]"
Add component (AddParameter): Name = "ComponentLink23Description"; Value = "https://datasheet.ciiva.com/8896/pyu-rc0603-51-rohs-l-4-8896106.pdf?src-supplier=Avnet"; VariantName = "[No Variations]"
Add component (AddParameter): Name = "ComponentLink23URL"; Value = "https://datasheet.ciiva.com/8896/pyu-rc0603-51-rohs-l-4-8896106.pdf?src-supplier=Avnet"; VariantName = "[No Variations]"
Add component (AddParameter): Name = "ComponentLink24Description"; Value = "https://datasheet.ciiva.com/15189/getdatasheetpartid-404327-15189644.pdf?src-supplier=Verical"; VariantName = "[No Variations]"
Add component (AddParameter): Name = "ComponentLink24URL"; Value = "https://datasheet.ciiva.com/15189/getdatasheetpartid-404327-15189644.pdf?src-supplier=Verical"; VariantName = "[No Variations]"
Add component (AddParameter): Name = "ComponentLink25Description"; Value = "https://datasheet.ciiva.com/28386/pyu-rc0603-51-rohs-l-4-28386648.pdf?src-supplier=Avnet+Europe"; VariantName = "[No Variations]"
Add component (AddParameter): Name = "ComponentLink25URL"; Value = "https://datasheet.ciiva.com/28386/pyu-rc0603-51-rohs-l-4-28386648.pdf?src-supplier=Avnet+Europe"; VariantName = "[No Variations]"
Add component (AddParameter): Name = "ComponentLink26Description"; Value = "https://datasheet.ciiva.com/25906/pyu-rc0603-51-rohs-l-4-25906933.pdf?src-supplier=Avnet+Europe"; VariantName = "[No Variations]"
Add component (AddParameter): Name = "ComponentLink26URL"; Value = "https://datasheet.ciiva.com/25906/pyu-rc0603-51-rohs-l-4-25906933.pdf?src-supplier=Avnet+Europe"; VariantName = "[No Variations]"
Add component (AddParameter): Name = "ComponentLink27Description"; Value = "https://datasheet.ciiva.com/15189/getdatasheetpartid-422754-15189760.pdf?src-supplier=Verical"; VariantName = "[No Variations]"
Add component (AddParameter): Name = "ComponentLink27URL"; Value = "https://datasheet.ciiva.com/15189/getdatasheetpartid-422754-15189760.pdf?src-supplier=Verical"; VariantName = "[No Variations]"
Add component (AddParameter): Name = "ComponentLink28Description"; Value = "https://datasheet.ciiva.com/22747/443971-22747528.pdf?src-supplier=Element14"; VariantName = "[No Variations]"
Add component (AddParameter): Name = "ComponentLink28URL"; Value = "https://datasheet.ciiva.com/22747/443971-22747528.pdf?src-supplier=Element14"; VariantName = "[No Variations]"
Add component (AddParameter): Name = "ComponentLink29Description"; Value = "https://datasheet.ciiva.com/7660/38590-7660794.pdf?src-supplier=Element14"; VariantName = "[No Variations]"
Add component (AddParameter): Name = "ComponentLink29URL"; Value = "https://datasheet.ciiva.com/7660/38590-7660794.pdf?src-supplier=Element14"; VariantName = "[No Variations]"
Add component (AddParameter): Name = "ComponentLink30Description"; Value = "https://datasheet.ciiva.com/7746/1868787-7746365.pdf?src-supplier=Element14"; VariantName = "[No Variations]"
Add component (AddParameter): Name = "ComponentLink30URL"; Value = "https://datasheet.ciiva.com/7746/1868787-7746365.pdf?src-supplier=Element14"; VariantName = "[No Variations]"
Add component (AddParameter): Name = "ComponentLink31Description"; Value = "https://datasheet.ciiva.com/46440/1868787-46440909.pdf?src-supplier=Element14"; VariantName = "[No Variations]"
Add component (AddParameter): Name = "ComponentLink31URL"; Value = "https://datasheet.ciiva.com/46440/1868787-46440909.pdf?src-supplier=Element14"; VariantName = "[No Variations]"
Add component (AddParameter): Name = "ComponentLink32Description"; Value = "https://datasheet.ciiva.com/7746/1738695-7746366.pdf?src-supplier=Element14"; VariantName = "[No Variations]"
Add component (AddParameter): Name = "ComponentLink32URL"; Value = "https://datasheet.ciiva.com/7746/1738695-7746366.pdf?src-supplier=Element14"; VariantName = "[No Variations]"
Add component (AddParameter): Name = "Construction"; Value = "Rectangular"; VariantName = "[No Variations]"
Add component (AddParameter): Name = "Depth"; Value = "0.8mm"; VariantName = "[No Variations]"
Add component (AddParameter): Name = "Features"; Value = "Moisture Resistant"; VariantName = "[No Variations]"
Add component (AddParameter): Name = "Height"; Value = "0.45mm"; VariantName = "[No Variations]"
Add component (AddParameter): Name = "Lead Free"; Value = "Lead Free"; VariantName = "[No Variations]"
Add component (AddParameter): Name = "Lead Pitch"; Value = "0.3mm"; VariantName = "[No Variations]"
Add component (AddParameter): Name = "Length"; Value = "1.6mm"; VariantName = "[No Variations]"
Add component (AddParameter): Name = "Manufacturer"; Value = "Yageo"; VariantName = "[No Variations]"
Add component (AddParameter): Name = "Manufacturer Part Number"; Value = "RC0603FR-074K7L"; VariantName = "[No Variations]"
Add component (AddParameter): Name = "Max Operating Temperature"; Value = "155°C"; VariantName = "[No Variations]"
Add component (AddParameter): Name = "Max Power Dissipation"; Value = "100mW"; VariantName = "[No Variations]"
Add component (AddParameter): Name = "Military Standard"; Value = "Not"; VariantName = "[No Variations]"
Add component (AddParameter): Name = "Min Operating Temperature"; Value = "-55°C"; VariantName = "[No Variations]"
Add component (AddParameter): Name = "Number of Pins"; Value = "2"; VariantName = "[No Variations]"
Add component (AddParameter): Name = "Number of Terminations"; Value = "2"; VariantName = "[No Variations]"
Add component (AddParameter): Name = "Packaging"; Value = "Tape and Reel"; VariantName = "[No Variations]"
Add component (AddParameter): Name = "Power Rating"; Value = "100mW"; VariantName = "[No Variations]"
Add component (AddParameter): Name = "Pricing 1"; Value = "1=0,10000, 10=0,02400, 100=0,00970, 1000=0,00436, 2500=0,00378 (USD)"; VariantName = "[No Variations]"
Add component (AddParameter): Name = "REACH SVHC"; Value = "No SVHC"; VariantName = "[No Variations]"
Add component (AddParameter): Name = "Resistance"; Value = "4.7kR"; VariantName = "[No Variations]"
Add component (AddParameter): Name = "Resistance Tolerance"; Value = "1%"; VariantName = "[No Variations]"
Add component (AddParameter): Name = "Resistor Type"; Value = "Thick Film"; VariantName = "[No Variations]"
Add component (AddParameter): Name = "RoHS"; Value = "Yes"; VariantName = "[No Variations]"
Add component (AddParameter): Name = "RoHS Compliant"; Value = "Yes"; VariantName = "[No Variations]"
Add component (AddParameter): Name = "Series"; Value = "RC"; VariantName = "[No Variations]"
Add component (AddParameter): Name = "Size Code"; Value = "0603"; VariantName = "[No Variations]"
Add component (AddParameter): Name = "Stock 1"; Value = "1306882"; VariantName = "[No Variations]"
Add component (AddParameter): Name = "Supplier 1"; Value = "Digi-Key"; VariantName = "[No Variations]"
Add component (AddParameter): Name = "Supplier Part Number 1"; Value = "311-4.70KHRCT-ND"; VariantName = "[No Variations]"
Add component (AddParameter): Name = "Temperature Coefficient"; Value = "100ppm/°C"; VariantName = "[No Variations]"
Add component (AddParameter): Name = "Termination"; Value = "SMD/SMT"; VariantName = "[No Variations]"
Add component (AddParameter): Name = "Tolerance"; Value = "1%"; VariantName = "[No Variations]"
Add component (AddParameter): Name = "Voltage Rating"; Value = "50V"; VariantName = "[No Variations]"
Add component (AddParameter): Name = "Voltage Rating (DC)"; Value = "50V"; VariantName = "[No Variations]"
Add component (AddParameter): Name = "Width"; Value = "0.8mm"; VariantName = "[No Variations]"
Added Component: Designator=R58(R 0603(1608))
Add component (AddParameter): Name = "Case Code (Imperial)"; Value = "0603"; VariantName = "[No Variations]"
Add component (AddParameter): Name = "Case Code (Metric)"; Value = "1608"; VariantName = "[No Variations]"
Add component (AddParameter): Name = "Case/Package"; Value = "0603"; VariantName = "[No Variations]"
Add component (AddParameter): Name = "Category"; Value = "Chip SMD Resistors"; VariantName = "[No Variations]"
Add component (AddParameter): Name = "ComponentLink1Description"; Value = "https://datasheet.ciiva.com/11819/0900766b80c66297-11819477.pdf?src-supplier=RSComponents"; VariantName = "[No Variations]"
Add component (AddParameter): Name = "ComponentLink1URL"; Value = "https://datasheet.ciiva.com/11819/0900766b80c66297-11819477.pdf?src-supplier=RSComponents"; VariantName = "[No Variations]"
Add component (AddParameter): Name = "ComponentLink2Description"; Value = "https://datasheet.ciiva.com/12666/pyu-rc0402-51-rohs-l-6-r-12666741.pdf?src-supplier=Mouser"; VariantName = "[No Variations]"
Add component (AddParameter): Name = "ComponentLink2URL"; Value = "https://datasheet.ciiva.com/12666/pyu-rc0402-51-rohs-l-6-r-12666741.pdf?src-supplier=Mouser"; VariantName = "[No Variations]"
Add component (AddParameter): Name = "ComponentLink3Description"; Value = "https://datasheet.ciiva.com/17063/pyu-rc0402-51-rohs-l-6-r-17063193.pdf?src-supplier=Future+Electronics"; VariantName = "[No Variations]"
Add component (AddParameter): Name = "ComponentLink3URL"; Value = "https://datasheet.ciiva.com/17063/pyu-rc0402-51-rohs-l-6-r-17063193.pdf?src-supplier=Future+Electronics"; VariantName = "[No Variations]"
Add component (AddParameter): Name = "ComponentLink4Description"; Value = "https://datasheet.ciiva.com/22747/1018594-22747513.pdf?src-supplier=Element14"; VariantName = "[No Variations]"
Add component (AddParameter): Name = "ComponentLink4URL"; Value = "https://datasheet.ciiva.com/22747/1018594-22747513.pdf?src-supplier=Element14"; VariantName = "[No Variations]"
Add component (AddParameter): Name = "ComponentLink5Description"; Value = "https://datasheet.ciiva.com/7849/1018594-7849869.pdf?src-supplier=Element14"; VariantName = "[No Variations]"
Add component (AddParameter): Name = "ComponentLink5URL"; Value = "https://datasheet.ciiva.com/7849/1018594-7849869.pdf?src-supplier=Element14"; VariantName = "[No Variations]"
Add component (AddParameter): Name = "ComponentLink6Description"; Value = "https://datasheet.ciiva.com/7983/1018594-7983502.pdf?src-supplier=Element14"; VariantName = "[No Variations]"
Add component (AddParameter): Name = "ComponentLink6URL"; Value = "https://datasheet.ciiva.com/7983/1018594-7983502.pdf?src-supplier=Element14"; VariantName = "[No Variations]"
Add component (AddParameter): Name = "ComponentLink7Description"; Value = "https://datasheet.ciiva.com/7849/1018594-7849871.pdf?src-supplier=Element14"; VariantName = "[No Variations]"
Add component (AddParameter): Name = "ComponentLink7URL"; Value = "https://datasheet.ciiva.com/7849/1018594-7849871.pdf?src-supplier=Element14"; VariantName = "[No Variations]"
Add component (AddParameter): Name = "ComponentLink8Description"; Value = "https://datasheet.ciiva.com/11808/0900766b80c66297-11808195.pdf?src-supplier=RSComponents"; VariantName = "[No Variations]"
Add component (AddParameter): Name = "ComponentLink8URL"; Value = "https://datasheet.ciiva.com/11808/0900766b80c66297-11808195.pdf?src-supplier=RSComponents"; VariantName = "[No Variations]"
Add component (AddParameter): Name = "ComponentLink9Description"; Value = "https://datasheet.ciiva.com/2452/pyu-rc0402-51-rohs-l-6-2452608.pdf?src-supplier=Digi-Key"; VariantName = "[No Variations]"
Add component (AddParameter): Name = "ComponentLink9URL"; Value = "https://datasheet.ciiva.com/2452/pyu-rc0402-51-rohs-l-6-2452608.pdf?src-supplier=Digi-Key"; VariantName = "[No Variations]"
Add component (AddParameter): Name = "ComponentLink10Description"; Value = "https://datasheet.ciiva.com/2452/pyu-r-int-thick-7-2452609.pdf?src-supplier=Digi-Key"; VariantName = "[No Variations]"
Add component (AddParameter): Name = "ComponentLink10URL"; Value = "https://datasheet.ciiva.com/2452/pyu-r-int-thick-7-2452609.pdf?src-supplier=Digi-Key"; VariantName = "[No Variations]"
Add component (AddParameter): Name = "ComponentLink11Description"; Value = "https://datasheet.ciiva.com/2452/pyu-r-int-thick-7-2452610.pdf?src-supplier=Digi-Key"; VariantName = "[No Variations]"
Add component (AddParameter): Name = "ComponentLink11URL"; Value = "https://datasheet.ciiva.com/2452/pyu-r-int-thick-7-2452610.pdf?src-supplier=Digi-Key"; VariantName = "[No Variations]"
Add component (AddParameter): Name = "ComponentLink12Description"; Value = "https://datasheet.ciiva.com/28386/pyu-rc0402-51-rohs-l-6-28386633.pdf?src-supplier=Avnet+Europe"; VariantName = "[No Variations]"
Add component (AddParameter): Name = "ComponentLink12URL"; Value = "https://datasheet.ciiva.com/28386/pyu-rc0402-51-rohs-l-6-28386633.pdf?src-supplier=Avnet+Europe"; VariantName = "[No Variations]"
Add component (AddParameter): Name = "ComponentLink13Description"; Value = "https://datasheet.ciiva.com/22747/1018594-22747515.pdf?src-supplier=Element14"; VariantName = "[No Variations]"
Add component (AddParameter): Name = "ComponentLink13URL"; Value = "https://datasheet.ciiva.com/22747/1018594-22747515.pdf?src-supplier=Element14"; VariantName = "[No Variations]"
Add component (AddParameter): Name = "ComponentLink14Description"; Value = "https://datasheet.ciiva.com/7983/1018594-7983535.pdf?src-supplier=Element14"; VariantName = "[No Variations]"
Add component (AddParameter): Name = "ComponentLink14URL"; Value = "https://datasheet.ciiva.com/7983/1018594-7983535.pdf?src-supplier=Element14"; VariantName = "[No Variations]"
Add component (AddParameter): Name = "ComponentLink15Description"; Value = "https://datasheet.ciiva.com/8896/pyu-rc0402-51-rohs-l-6-8896201.pdf?src-supplier=Avnet"; VariantName = "[No Variations]"
Add component (AddParameter): Name = "ComponentLink15URL"; Value = "https://datasheet.ciiva.com/8896/pyu-rc0402-51-rohs-l-6-8896201.pdf?src-supplier=Avnet"; VariantName = "[No Variations]"
Add component (AddParameter): Name = "ComponentLink16Description"; Value = "https://datasheet.ciiva.com/15189/getdatasheetpartid-326379-15189533.pdf?src-supplier=Verical"; VariantName = "[No Variations]"
Add component (AddParameter): Name = "ComponentLink16URL"; Value = "https://datasheet.ciiva.com/15189/getdatasheetpartid-326379-15189533.pdf?src-supplier=Verical"; VariantName = "[No Variations]"
Add component (AddParameter): Name = "ComponentLink17Description"; Value = "https://datasheet.ciiva.com/11808/0900766b80f96399-11808081.pdf?src-supplier=RSComponents"; VariantName = "[No Variations]"
Add component (AddParameter): Name = "ComponentLink17URL"; Value = "https://datasheet.ciiva.com/11808/0900766b80f96399-11808081.pdf?src-supplier=RSComponents"; VariantName = "[No Variations]"
Add component (AddParameter): Name = "ComponentLink18Description"; Value = "https://datasheet.ciiva.com/7746/1686128-7746280.pdf?src-supplier=Element14"; VariantName = "[No Variations]"
Add component (AddParameter): Name = "ComponentLink18URL"; Value = "https://datasheet.ciiva.com/7746/1686128-7746280.pdf?src-supplier=Element14"; VariantName = "[No Variations]"
Add component (AddParameter): Name = "ComponentLink19Description"; Value = "https://datasheet.ciiva.com/7660/1868787-7660790.pdf?src-supplier=Element14"; VariantName = "[No Variations]"
Add component (AddParameter): Name = "ComponentLink19URL"; Value = "https://datasheet.ciiva.com/7660/1868787-7660790.pdf?src-supplier=Element14"; VariantName = "[No Variations]"
Add component (AddParameter): Name = "ComponentLink20Description"; Value = "https://datasheet.ciiva.com/7983/443971-7983613.pdf?src-supplier=Element14"; VariantName = "[No Variations]"
Add component (AddParameter): Name = "ComponentLink20URL"; Value = "https://datasheet.ciiva.com/7983/443971-7983613.pdf?src-supplier=Element14"; VariantName = "[No Variations]"
Add component (AddParameter): Name = "ComponentLink21Description"; Value = "https://datasheet.ciiva.com/7746/1738695-7746281.pdf?src-supplier=Element14"; VariantName = "[No Variations]"
Add component (AddParameter): Name = "ComponentLink21URL"; Value = "https://datasheet.ciiva.com/7746/1738695-7746281.pdf?src-supplier=Element14"; VariantName = "[No Variations]"
Add component (AddParameter): Name = "ComponentLink22Description"; Value = "https://datasheet.ciiva.com/7746/1738695-7746279.pdf?src-supplier=Element14"; VariantName = "[No Variations]"
Add component (AddParameter): Name = "ComponentLink22URL"; Value = "https://datasheet.ciiva.com/7746/1738695-7746279.pdf?src-supplier=Element14"; VariantName = "[No Variations]"
Add component (AddParameter): Name = "ComponentLink23Description"; Value = "https://datasheet.ciiva.com/8896/pyu-rc0603-51-rohs-l-4-8896106.pdf?src-supplier=Avnet"; VariantName = "[No Variations]"
Add component (AddParameter): Name = "ComponentLink23URL"; Value = "https://datasheet.ciiva.com/8896/pyu-rc0603-51-rohs-l-4-8896106.pdf?src-supplier=Avnet"; VariantName = "[No Variations]"
Add component (AddParameter): Name = "ComponentLink24Description"; Value = "https://datasheet.ciiva.com/15189/getdatasheetpartid-404327-15189644.pdf?src-supplier=Verical"; VariantName = "[No Variations]"
Add component (AddParameter): Name = "ComponentLink24URL"; Value = "https://datasheet.ciiva.com/15189/getdatasheetpartid-404327-15189644.pdf?src-supplier=Verical"; VariantName = "[No Variations]"
Add component (AddParameter): Name = "ComponentLink25Description"; Value = "https://datasheet.ciiva.com/28386/pyu-rc0603-51-rohs-l-4-28386648.pdf?src-supplier=Avnet+Europe"; VariantName = "[No Variations]"
Add component (AddParameter): Name = "ComponentLink25URL"; Value = "https://datasheet.ciiva.com/28386/pyu-rc0603-51-rohs-l-4-28386648.pdf?src-supplier=Avnet+Europe"; VariantName = "[No Variations]"
Add component (AddParameter): Name = "ComponentLink26Description"; Value = "https://datasheet.ciiva.com/25906/pyu-rc0603-51-rohs-l-4-25906933.pdf?src-supplier=Avnet+Europe"; VariantName = "[No Variations]"
Add component (AddParameter): Name = "ComponentLink26URL"; Value = "https://datasheet.ciiva.com/25906/pyu-rc0603-51-rohs-l-4-25906933.pdf?src-supplier=Avnet+Europe"; VariantName = "[No Variations]"
Add component (AddParameter): Name = "ComponentLink27Description"; Value = "https://datasheet.ciiva.com/15189/getdatasheetpartid-422754-15189760.pdf?src-supplier=Verical"; VariantName = "[No Variations]"
Add component (AddParameter): Name = "ComponentLink27URL"; Value = "https://datasheet.ciiva.com/15189/getdatasheetpartid-422754-15189760.pdf?src-supplier=Verical"; VariantName = "[No Variations]"
Add component (AddParameter): Name = "ComponentLink28Description"; Value = "https://datasheet.ciiva.com/22747/443971-22747528.pdf?src-supplier=Element14"; VariantName = "[No Variations]"
Add component (AddParameter): Name = "ComponentLink28URL"; Value = "https://datasheet.ciiva.com/22747/443971-22747528.pdf?src-supplier=Element14"; VariantName = "[No Variations]"
Add component (AddParameter): Name = "ComponentLink29Description"; Value = "https://datasheet.ciiva.com/7660/38590-7660794.pdf?src-supplier=Element14"; VariantName = "[No Variations]"
Add component (AddParameter): Name = "ComponentLink29URL"; Value = "https://datasheet.ciiva.com/7660/38590-7660794.pdf?src-supplier=Element14"; VariantName = "[No Variations]"
Add component (AddParameter): Name = "ComponentLink30Description"; Value = "https://datasheet.ciiva.com/7746/1868787-7746365.pdf?src-supplier=Element14"; VariantName = "[No Variations]"
Add component (AddParameter): Name = "ComponentLink30URL"; Value = "https://datasheet.ciiva.com/7746/1868787-7746365.pdf?src-supplier=Element14"; VariantName = "[No Variations]"
Add component (AddParameter): Name = "ComponentLink31Description"; Value = "https://datasheet.ciiva.com/46440/1868787-46440909.pdf?src-supplier=Element14"; VariantName = "[No Variations]"
Add component (AddParameter): Name = "ComponentLink31URL"; Value = "https://datasheet.ciiva.com/46440/1868787-46440909.pdf?src-supplier=Element14"; VariantName = "[No Variations]"
Add component (AddParameter): Name = "ComponentLink32Description"; Value = "https://datasheet.ciiva.com/7746/1738695-7746366.pdf?src-supplier=Element14"; VariantName = "[No Variations]"
Add component (AddParameter): Name = "ComponentLink32URL"; Value = "https://datasheet.ciiva.com/7746/1738695-7746366.pdf?src-supplier=Element14"; VariantName = "[No Variations]"
Add component (AddParameter): Name = "Construction"; Value = "Rectangular"; VariantName = "[No Variations]"
Add component (AddParameter): Name = "Depth"; Value = "0.8mm"; VariantName = "[No Variations]"
Add component (AddParameter): Name = "Features"; Value = "Moisture Resistant"; VariantName = "[No Variations]"
Add component (AddParameter): Name = "Height"; Value = "0.45mm"; VariantName = "[No Variations]"
Add component (AddParameter): Name = "Lead Free"; Value = "Lead Free"; VariantName = "[No Variations]"
Add component (AddParameter): Name = "Lead Pitch"; Value = "0.3mm"; VariantName = "[No Variations]"
Add component (AddParameter): Name = "Length"; Value = "1.6mm"; VariantName = "[No Variations]"
Add component (AddParameter): Name = "Manufacturer"; Value = "Yageo"; VariantName = "[No Variations]"
Add component (AddParameter): Name = "Manufacturer Part Number"; Value = "RC0603FR-074K7L"; VariantName = "[No Variations]"
Add component (AddParameter): Name = "Max Operating Temperature"; Value = "155°C"; VariantName = "[No Variations]"
Add component (AddParameter): Name = "Max Power Dissipation"; Value = "100mW"; VariantName = "[No Variations]"
Add component (AddParameter): Name = "Military Standard"; Value = "Not"; VariantName = "[No Variations]"
Add component (AddParameter): Name = "Min Operating Temperature"; Value = "-55°C"; VariantName = "[No Variations]"
Add component (AddParameter): Name = "Number of Pins"; Value = "2"; VariantName = "[No Variations]"
Add component (AddParameter): Name = "Number of Terminations"; Value = "2"; VariantName = "[No Variations]"
Add component (AddParameter): Name = "Packaging"; Value = "Tape and Reel"; VariantName = "[No Variations]"
Add component (AddParameter): Name = "Power Rating"; Value = "100mW"; VariantName = "[No Variations]"
Add component (AddParameter): Name = "Pricing 1"; Value = "1=0,10000, 10=0,02400, 100=0,00970, 1000=0,00436, 2500=0,00378 (USD)"; VariantName = "[No Variations]"
Add component (AddParameter): Name = "REACH SVHC"; Value = "No SVHC"; VariantName = "[No Variations]"
Add component (AddParameter): Name = "Resistance"; Value = "4.7kR"; VariantName = "[No Variations]"
Add component (AddParameter): Name = "Resistance Tolerance"; Value = "1%"; VariantName = "[No Variations]"
Add component (AddParameter): Name = "Resistor Type"; Value = "Thick Film"; VariantName = "[No Variations]"
Add component (AddParameter): Name = "RoHS"; Value = "Yes"; VariantName = "[No Variations]"
Add component (AddParameter): Name = "RoHS Compliant"; Value = "Yes"; VariantName = "[No Variations]"
Add component (AddParameter): Name = "Series"; Value = "RC"; VariantName = "[No Variations]"
Add component (AddParameter): Name = "Size Code"; Value = "0603"; VariantName = "[No Variations]"
Add component (AddParameter): Name = "Stock 1"; Value = "1306882"; VariantName = "[No Variations]"
Add component (AddParameter): Name = "Supplier 1"; Value = "Digi-Key"; VariantName = "[No Variations]"
Add component (AddParameter): Name = "Supplier Part Number 1"; Value = "311-4.70KHRCT-ND"; VariantName = "[No Variations]"
Add component (AddParameter): Name = "Temperature Coefficient"; Value = "100ppm/°C"; VariantName = "[No Variations]"
Add component (AddParameter): Name = "Termination"; Value = "SMD/SMT"; VariantName = "[No Variations]"
Add component (AddParameter): Name = "Tolerance"; Value = "1%"; VariantName = "[No Variations]"
Add component (AddParameter): Name = "Voltage Rating"; Value = "50V"; VariantName = "[No Variations]"
Add component (AddParameter): Name = "Voltage Rating (DC)"; Value = "50V"; VariantName = "[No Variations]"
Add component (AddParameter): Name = "Width"; Value = "0.8mm"; VariantName = "[No Variations]"
Added Component: Designator=R59(R 0603(1608))
Add component (AddParameter): Name = "Case Code (Imperial)"; Value = "0603"; VariantName = "[No Variations]"
Add component (AddParameter): Name = "Case Code (Metric)"; Value = "1608"; VariantName = "[No Variations]"
Add component (AddParameter): Name = "Case/Package"; Value = "0603"; VariantName = "[No Variations]"
Add component (AddParameter): Name = "Category"; Value = "Chip SMD Resistors"; VariantName = "[No Variations]"
Add component (AddParameter): Name = "ComponentLink1Description"; Value = "https://datasheet.ciiva.com/11819/0900766b80c66297-11819477.pdf?src-supplier=RSComponents"; VariantName = "[No Variations]"
Add component (AddParameter): Name = "ComponentLink1URL"; Value = "https://datasheet.ciiva.com/11819/0900766b80c66297-11819477.pdf?src-supplier=RSComponents"; VariantName = "[No Variations]"
Add component (AddParameter): Name = "ComponentLink2Description"; Value = "https://datasheet.ciiva.com/12666/pyu-rc0402-51-rohs-l-6-r-12666741.pdf?src-supplier=Mouser"; VariantName = "[No Variations]"
Add component (AddParameter): Name = "ComponentLink2URL"; Value = "https://datasheet.ciiva.com/12666/pyu-rc0402-51-rohs-l-6-r-12666741.pdf?src-supplier=Mouser"; VariantName = "[No Variations]"
Add component (AddParameter): Name = "ComponentLink3Description"; Value = "https://datasheet.ciiva.com/17063/pyu-rc0402-51-rohs-l-6-r-17063193.pdf?src-supplier=Future+Electronics"; VariantName = "[No Variations]"
Add component (AddParameter): Name = "ComponentLink3URL"; Value = "https://datasheet.ciiva.com/17063/pyu-rc0402-51-rohs-l-6-r-17063193.pdf?src-supplier=Future+Electronics"; VariantName = "[No Variations]"
Add component (AddParameter): Name = "ComponentLink4Description"; Value = "https://datasheet.ciiva.com/22747/1018594-22747513.pdf?src-supplier=Element14"; VariantName = "[No Variations]"
Add component (AddParameter): Name = "ComponentLink4URL"; Value = "https://datasheet.ciiva.com/22747/1018594-22747513.pdf?src-supplier=Element14"; VariantName = "[No Variations]"
Add component (AddParameter): Name = "ComponentLink5Description"; Value = "https://datasheet.ciiva.com/7849/1018594-7849869.pdf?src-supplier=Element14"; VariantName = "[No Variations]"
Add component (AddParameter): Name = "ComponentLink5URL"; Value = "https://datasheet.ciiva.com/7849/1018594-7849869.pdf?src-supplier=Element14"; VariantName = "[No Variations]"
Add component (AddParameter): Name = "ComponentLink6Description"; Value = "https://datasheet.ciiva.com/7983/1018594-7983502.pdf?src-supplier=Element14"; VariantName = "[No Variations]"
Add component (AddParameter): Name = "ComponentLink6URL"; Value = "https://datasheet.ciiva.com/7983/1018594-7983502.pdf?src-supplier=Element14"; VariantName = "[No Variations]"
Add component (AddParameter): Name = "ComponentLink7Description"; Value = "https://datasheet.ciiva.com/7849/1018594-7849871.pdf?src-supplier=Element14"; VariantName = "[No Variations]"
Add component (AddParameter): Name = "ComponentLink7URL"; Value = "https://datasheet.ciiva.com/7849/1018594-7849871.pdf?src-supplier=Element14"; VariantName = "[No Variations]"
Add component (AddParameter): Name = "ComponentLink8Description"; Value = "https://datasheet.ciiva.com/11808/0900766b80c66297-11808195.pdf?src-supplier=RSComponents"; VariantName = "[No Variations]"
Add component (AddParameter): Name = "ComponentLink8URL"; Value = "https://datasheet.ciiva.com/11808/0900766b80c66297-11808195.pdf?src-supplier=RSComponents"; VariantName = "[No Variations]"
Add component (AddParameter): Name = "ComponentLink9Description"; Value = "https://datasheet.ciiva.com/2452/pyu-rc0402-51-rohs-l-6-2452608.pdf?src-supplier=Digi-Key"; VariantName = "[No Variations]"
Add component (AddParameter): Name = "ComponentLink9URL"; Value = "https://datasheet.ciiva.com/2452/pyu-rc0402-51-rohs-l-6-2452608.pdf?src-supplier=Digi-Key"; VariantName = "[No Variations]"
Add component (AddParameter): Name = "ComponentLink10Description"; Value = "https://datasheet.ciiva.com/2452/pyu-r-int-thick-7-2452609.pdf?src-supplier=Digi-Key"; VariantName = "[No Variations]"
Add component (AddParameter): Name = "ComponentLink10URL"; Value = "https://datasheet.ciiva.com/2452/pyu-r-int-thick-7-2452609.pdf?src-supplier=Digi-Key"; VariantName = "[No Variations]"
Add component (AddParameter): Name = "ComponentLink11Description"; Value = "https://datasheet.ciiva.com/2452/pyu-r-int-thick-7-2452610.pdf?src-supplier=Digi-Key"; VariantName = "[No Variations]"
Add component (AddParameter): Name = "ComponentLink11URL"; Value = "https://datasheet.ciiva.com/2452/pyu-r-int-thick-7-2452610.pdf?src-supplier=Digi-Key"; VariantName = "[No Variations]"
Add component (AddParameter): Name = "ComponentLink12Description"; Value = "https://datasheet.ciiva.com/28386/pyu-rc0402-51-rohs-l-6-28386633.pdf?src-supplier=Avnet+Europe"; VariantName = "[No Variations]"
Add component (AddParameter): Name = "ComponentLink12URL"; Value = "https://datasheet.ciiva.com/28386/pyu-rc0402-51-rohs-l-6-28386633.pdf?src-supplier=Avnet+Europe"; VariantName = "[No Variations]"
Add component (AddParameter): Name = "ComponentLink13Description"; Value = "https://datasheet.ciiva.com/22747/1018594-22747515.pdf?src-supplier=Element14"; VariantName = "[No Variations]"
Add component (AddParameter): Name = "ComponentLink13URL"; Value = "https://datasheet.ciiva.com/22747/1018594-22747515.pdf?src-supplier=Element14"; VariantName = "[No Variations]"
Add component (AddParameter): Name = "ComponentLink14Description"; Value = "https://datasheet.ciiva.com/7983/1018594-7983535.pdf?src-supplier=Element14"; VariantName = "[No Variations]"
Add component (AddParameter): Name = "ComponentLink14URL"; Value = "https://datasheet.ciiva.com/7983/1018594-7983535.pdf?src-supplier=Element14"; VariantName = "[No Variations]"
Add component (AddParameter): Name = "ComponentLink15Description"; Value = "https://datasheet.ciiva.com/8896/pyu-rc0402-51-rohs-l-6-8896201.pdf?src-supplier=Avnet"; VariantName = "[No Variations]"
Add component (AddParameter): Name = "ComponentLink15URL"; Value = "https://datasheet.ciiva.com/8896/pyu-rc0402-51-rohs-l-6-8896201.pdf?src-supplier=Avnet"; VariantName = "[No Variations]"
Add component (AddParameter): Name = "ComponentLink16Description"; Value = "https://datasheet.ciiva.com/15189/getdatasheetpartid-326379-15189533.pdf?src-supplier=Verical"; VariantName = "[No Variations]"
Add component (AddParameter): Name = "ComponentLink16URL"; Value = "https://datasheet.ciiva.com/15189/getdatasheetpartid-326379-15189533.pdf?src-supplier=Verical"; VariantName = "[No Variations]"
Add component (AddParameter): Name = "ComponentLink17Description"; Value = "https://datasheet.ciiva.com/11808/0900766b80f96399-11808081.pdf?src-supplier=RSComponents"; VariantName = "[No Variations]"
Add component (AddParameter): Name = "ComponentLink17URL"; Value = "https://datasheet.ciiva.com/11808/0900766b80f96399-11808081.pdf?src-supplier=RSComponents"; VariantName = "[No Variations]"
Add component (AddParameter): Name = "ComponentLink18Description"; Value = "https://datasheet.ciiva.com/7746/1686128-7746280.pdf?src-supplier=Element14"; VariantName = "[No Variations]"
Add component (AddParameter): Name = "ComponentLink18URL"; Value = "https://datasheet.ciiva.com/7746/1686128-7746280.pdf?src-supplier=Element14"; VariantName = "[No Variations]"
Add component (AddParameter): Name = "ComponentLink19Description"; Value = "https://datasheet.ciiva.com/7660/1868787-7660790.pdf?src-supplier=Element14"; VariantName = "[No Variations]"
Add component (AddParameter): Name = "ComponentLink19URL"; Value = "https://datasheet.ciiva.com/7660/1868787-7660790.pdf?src-supplier=Element14"; VariantName = "[No Variations]"
Add component (AddParameter): Name = "ComponentLink20Description"; Value = "https://datasheet.ciiva.com/7983/443971-7983613.pdf?src-supplier=Element14"; VariantName = "[No Variations]"
Add component (AddParameter): Name = "ComponentLink20URL"; Value = "https://datasheet.ciiva.com/7983/443971-7983613.pdf?src-supplier=Element14"; VariantName = "[No Variations]"
Add component (AddParameter): Name = "ComponentLink21Description"; Value = "https://datasheet.ciiva.com/7746/1738695-7746281.pdf?src-supplier=Element14"; VariantName = "[No Variations]"
Add component (AddParameter): Name = "ComponentLink21URL"; Value = "https://datasheet.ciiva.com/7746/1738695-7746281.pdf?src-supplier=Element14"; VariantName = "[No Variations]"
Add component (AddParameter): Name = "ComponentLink22Description"; Value = "https://datasheet.ciiva.com/7746/1738695-7746279.pdf?src-supplier=Element14"; VariantName = "[No Variations]"
Add component (AddParameter): Name = "ComponentLink22URL"; Value = "https://datasheet.ciiva.com/7746/1738695-7746279.pdf?src-supplier=Element14"; VariantName = "[No Variations]"
Add component (AddParameter): Name = "ComponentLink23Description"; Value = "https://datasheet.ciiva.com/8896/pyu-rc0603-51-rohs-l-4-8896106.pdf?src-supplier=Avnet"; VariantName = "[No Variations]"
Add component (AddParameter): Name = "ComponentLink23URL"; Value = "https://datasheet.ciiva.com/8896/pyu-rc0603-51-rohs-l-4-8896106.pdf?src-supplier=Avnet"; VariantName = "[No Variations]"
Add component (AddParameter): Name = "ComponentLink24Description"; Value = "https://datasheet.ciiva.com/15189/getdatasheetpartid-404327-15189644.pdf?src-supplier=Verical"; VariantName = "[No Variations]"
Add component (AddParameter): Name = "ComponentLink24URL"; Value = "https://datasheet.ciiva.com/15189/getdatasheetpartid-404327-15189644.pdf?src-supplier=Verical"; VariantName = "[No Variations]"
Add component (AddParameter): Name = "ComponentLink25Description"; Value = "https://datasheet.ciiva.com/28386/pyu-rc0603-51-rohs-l-4-28386648.pdf?src-supplier=Avnet+Europe"; VariantName = "[No Variations]"
Add component (AddParameter): Name = "ComponentLink25URL"; Value = "https://datasheet.ciiva.com/28386/pyu-rc0603-51-rohs-l-4-28386648.pdf?src-supplier=Avnet+Europe"; VariantName = "[No Variations]"
Add component (AddParameter): Name = "ComponentLink26Description"; Value = "https://datasheet.ciiva.com/25906/pyu-rc0603-51-rohs-l-4-25906933.pdf?src-supplier=Avnet+Europe"; VariantName = "[No Variations]"
Add component (AddParameter): Name = "ComponentLink26URL"; Value = "https://datasheet.ciiva.com/25906/pyu-rc0603-51-rohs-l-4-25906933.pdf?src-supplier=Avnet+Europe"; VariantName = "[No Variations]"
Add component (AddParameter): Name = "ComponentLink27Description"; Value = "https://datasheet.ciiva.com/15189/getdatasheetpartid-422754-15189760.pdf?src-supplier=Verical"; VariantName = "[No Variations]"
Add component (AddParameter): Name = "ComponentLink27URL"; Value = "https://datasheet.ciiva.com/15189/getdatasheetpartid-422754-15189760.pdf?src-supplier=Verical"; VariantName = "[No Variations]"
Add component (AddParameter): Name = "ComponentLink28Description"; Value = "https://datasheet.ciiva.com/22747/443971-22747528.pdf?src-supplier=Element14"; VariantName = "[No Variations]"
Add component (AddParameter): Name = "ComponentLink28URL"; Value = "https://datasheet.ciiva.com/22747/443971-22747528.pdf?src-supplier=Element14"; VariantName = "[No Variations]"
Add component (AddParameter): Name = "ComponentLink29Description"; Value = "https://datasheet.ciiva.com/7660/38590-7660794.pdf?src-supplier=Element14"; VariantName = "[No Variations]"
Add component (AddParameter): Name = "ComponentLink29URL"; Value = "https://datasheet.ciiva.com/7660/38590-7660794.pdf?src-supplier=Element14"; VariantName = "[No Variations]"
Add component (AddParameter): Name = "ComponentLink30Description"; Value = "https://datasheet.ciiva.com/7746/1868787-7746365.pdf?src-supplier=Element14"; VariantName = "[No Variations]"
Add component (AddParameter): Name = "ComponentLink30URL"; Value = "https://datasheet.ciiva.com/7746/1868787-7746365.pdf?src-supplier=Element14"; VariantName = "[No Variations]"
Add component (AddParameter): Name = "ComponentLink31Description"; Value = "https://datasheet.ciiva.com/46440/1868787-46440909.pdf?src-supplier=Element14"; VariantName = "[No Variations]"
Add component (AddParameter): Name = "ComponentLink31URL"; Value = "https://datasheet.ciiva.com/46440/1868787-46440909.pdf?src-supplier=Element14"; VariantName = "[No Variations]"
Add component (AddParameter): Name = "ComponentLink32Description"; Value = "https://datasheet.ciiva.com/7746/1738695-7746366.pdf?src-supplier=Element14"; VariantName = "[No Variations]"
Add component (AddParameter): Name = "ComponentLink32URL"; Value = "https://datasheet.ciiva.com/7746/1738695-7746366.pdf?src-supplier=Element14"; VariantName = "[No Variations]"
Add component (AddParameter): Name = "Construction"; Value = "Rectangular"; VariantName = "[No Variations]"
Add component (AddParameter): Name = "Depth"; Value = "0.8mm"; VariantName = "[No Variations]"
Add component (AddParameter): Name = "Features"; Value = "Moisture Resistant"; VariantName = "[No Variations]"
Add component (AddParameter): Name = "Height"; Value = "0.45mm"; VariantName = "[No Variations]"
Add component (AddParameter): Name = "Lead Free"; Value = "Lead Free"; VariantName = "[No Variations]"
Add component (AddParameter): Name = "Lead Pitch"; Value = "0.3mm"; VariantName = "[No Variations]"
Add component (AddParameter): Name = "Length"; Value = "1.6mm"; VariantName = "[No Variations]"
Add component (AddParameter): Name = "Manufacturer"; Value = "Yageo"; VariantName = "[No Variations]"
Add component (AddParameter): Name = "Manufacturer Part Number"; Value = "RC0603FR-074K7L"; VariantName = "[No Variations]"
Add component (AddParameter): Name = "Max Operating Temperature"; Value = "155°C"; VariantName = "[No Variations]"
Add component (AddParameter): Name = "Max Power Dissipation"; Value = "100mW"; VariantName = "[No Variations]"
Add component (AddParameter): Name = "Military Standard"; Value = "Not"; VariantName = "[No Variations]"
Add component (AddParameter): Name = "Min Operating Temperature"; Value = "-55°C"; VariantName = "[No Variations]"
Add component (AddParameter): Name = "Number of Pins"; Value = "2"; VariantName = "[No Variations]"
Add component (AddParameter): Name = "Number of Terminations"; Value = "2"; VariantName = "[No Variations]"
Add component (AddParameter): Name = "Packaging"; Value = "Tape and Reel"; VariantName = "[No Variations]"
Add component (AddParameter): Name = "Power Rating"; Value = "100mW"; VariantName = "[No Variations]"
Add component (AddParameter): Name = "Pricing 1"; Value = "1=0,10000, 10=0,02400, 100=0,00970, 1000=0,00436, 2500=0,00378 (USD)"; VariantName = "[No Variations]"
Add component (AddParameter): Name = "REACH SVHC"; Value = "No SVHC"; VariantName = "[No Variations]"
Add component (AddParameter): Name = "Resistance"; Value = "4.7kR"; VariantName = "[No Variations]"
Add component (AddParameter): Name = "Resistance Tolerance"; Value = "1%"; VariantName = "[No Variations]"
Add component (AddParameter): Name = "Resistor Type"; Value = "Thick Film"; VariantName = "[No Variations]"
Add component (AddParameter): Name = "RoHS"; Value = "Yes"; VariantName = "[No Variations]"
Add component (AddParameter): Name = "RoHS Compliant"; Value = "Yes"; VariantName = "[No Variations]"
Add component (AddParameter): Name = "Series"; Value = "RC"; VariantName = "[No Variations]"
Add component (AddParameter): Name = "Size Code"; Value = "0603"; VariantName = "[No Variations]"
Add component (AddParameter): Name = "Stock 1"; Value = "1306882"; VariantName = "[No Variations]"
Add component (AddParameter): Name = "Supplier 1"; Value = "Digi-Key"; VariantName = "[No Variations]"
Add component (AddParameter): Name = "Supplier Part Number 1"; Value = "311-4.70KHRCT-ND"; VariantName = "[No Variations]"
Add component (AddParameter): Name = "Temperature Coefficient"; Value = "100ppm/°C"; VariantName = "[No Variations]"
Add component (AddParameter): Name = "Termination"; Value = "SMD/SMT"; VariantName = "[No Variations]"
Add component (AddParameter): Name = "Tolerance"; Value = "1%"; VariantName = "[No Variations]"
Add component (AddParameter): Name = "Voltage Rating"; Value = "50V"; VariantName = "[No Variations]"
Add component (AddParameter): Name = "Voltage Rating (DC)"; Value = "50V"; VariantName = "[No Variations]"
Add component (AddParameter): Name = "Width"; Value = "0.8mm"; VariantName = "[No Variations]"
Added Component: Designator=R60(RES0603)
Add component (AddParameter): Name = "LCSC Manufacturer Part Number"; Value = "MCT06030C1002FP500"; VariantName = "[No Variations]"
Add component (AddParameter): Name = "LCSC Part Number"; Value = "C161803"; VariantName = "[No Variations]"
Add component (AddParameter): Name = "Manufacturer Part Number"; Value = "RNCP0603FTD10K0"; VariantName = "[No Variations]"
Add component (AddParameter): Name = "Order Code"; Value = "Digi: RNCP0603FTD10K0TR-ND"; VariantName = "[No Variations]"
Add component (AddParameter): Name = "Sirius Stock Code"; Value = ""; VariantName = "[No Variations]"
Add component (AddParameter): Name = "Value"; Value = "10k"; VariantName = "[No Variations]"
Added Component: Designator=R61(RES0603)
Add component (AddParameter): Name = "LCSC Manufacturer Part Number"; Value = "MCT06030C1002FP500"; VariantName = "[No Variations]"
Add component (AddParameter): Name = "LCSC Part Number"; Value = "C161803"; VariantName = "[No Variations]"
Add component (AddParameter): Name = "Manufacturer Part Number"; Value = "RNCP0603FTD10K0"; VariantName = "[No Variations]"
Add component (AddParameter): Name = "Order Code"; Value = "Digi: RNCP0603FTD10K0TR-ND"; VariantName = "[No Variations]"
Add component (AddParameter): Name = "Sirius Stock Code"; Value = ""; VariantName = "[No Variations]"
Add component (AddParameter): Name = "Value"; Value = "10k"; VariantName = "[No Variations]"
Added Component: Designator=R62(RES0603)
Add component (AddParameter): Name = "LCSC Manufacturer Part Number"; Value = "MCT06030C1002FP500"; VariantName = "[No Variations]"
Add component (AddParameter): Name = "LCSC Part Number"; Value = "C161803"; VariantName = "[No Variations]"
Add component (AddParameter): Name = "Manufacturer Part Number"; Value = "RNCP0603FTD10K0"; VariantName = "[No Variations]"
Add component (AddParameter): Name = "Order Code"; Value = "Digi: RNCP0603FTD10K0TR-ND"; VariantName = "[No Variations]"
Add component (AddParameter): Name = "Sirius Stock Code"; Value = ""; VariantName = "[No Variations]"
Add component (AddParameter): Name = "Value"; Value = "10k"; VariantName = "[No Variations]"
Added Component: Designator=R63(RES0603)
Add component (AddParameter): Name = "LCSC Manufacturer Part Number"; Value = "MCT06030C1002FP500"; VariantName = "[No Variations]"
Add component (AddParameter): Name = "LCSC Part Number"; Value = "C161803"; VariantName = "[No Variations]"
Add component (AddParameter): Name = "Manufacturer Part Number"; Value = "RNCP0603FTD10K0"; VariantName = "[No Variations]"
Add component (AddParameter): Name = "Order Code"; Value = "Digi: RNCP0603FTD10K0TR-ND"; VariantName = "[No Variations]"
Add component (AddParameter): Name = "Sirius Stock Code"; Value = ""; VariantName = "[No Variations]"
Add component (AddParameter): Name = "Value"; Value = "10k"; VariantName = "[No Variations]"
Added Component: Designator=R64(RES0603)
Add component (AddParameter): Name = "LCSC Manufacturer Part Number"; Value = "MCT06030C1002FP500"; VariantName = "[No Variations]"
Add component (AddParameter): Name = "LCSC Part Number"; Value = "C161803"; VariantName = "[No Variations]"
Add component (AddParameter): Name = "Manufacturer Part Number"; Value = "RNCP0603FTD10K0"; VariantName = "[No Variations]"
Add component (AddParameter): Name = "Order Code"; Value = "Digi: RNCP0603FTD10K0TR-ND"; VariantName = "[No Variations]"
Add component (AddParameter): Name = "Sirius Stock Code"; Value = ""; VariantName = "[No Variations]"
Add component (AddParameter): Name = "Value"; Value = "10k"; VariantName = "[No Variations]"
Added Component: Designator=R65(RES0603)
Add component (AddParameter): Name = "LCSC Manufacturer Part Number"; Value = "MCT06030C1002FP500"; VariantName = "[No Variations]"
Add component (AddParameter): Name = "LCSC Part Number"; Value = "C161803"; VariantName = "[No Variations]"
Add component (AddParameter): Name = "Manufacturer Part Number"; Value = "RNCP0603FTD10K0"; VariantName = "[No Variations]"
Add component (AddParameter): Name = "Order Code"; Value = "Digi: RNCP0603FTD10K0TR-ND"; VariantName = "[No Variations]"
Add component (AddParameter): Name = "Sirius Stock Code"; Value = ""; VariantName = "[No Variations]"
Add component (AddParameter): Name = "Value"; Value = "10k"; VariantName = "[No Variations]"
Added Component: Designator=R66(RES0603)
Add component (AddParameter): Name = "LCSC Manufacturer Part Number"; Value = "MCT06030C1002FP500"; VariantName = "[No Variations]"
Add component (AddParameter): Name = "LCSC Part Number"; Value = "C161803"; VariantName = "[No Variations]"
Add component (AddParameter): Name = "Manufacturer Part Number"; Value = "RNCP0603FTD10K0"; VariantName = "[No Variations]"
Add component (AddParameter): Name = "Order Code"; Value = "Digi: RNCP0603FTD10K0TR-ND"; VariantName = "[No Variations]"
Add component (AddParameter): Name = "Sirius Stock Code"; Value = ""; VariantName = "[No Variations]"
Add component (AddParameter): Name = "Value"; Value = "10k"; VariantName = "[No Variations]"
Added Component: Designator=R67(RES0603)
Add component (AddParameter): Name = "LCSC Manufacturer Part Number"; Value = "MCT06030C1002FP500"; VariantName = "[No Variations]"
Add component (AddParameter): Name = "LCSC Part Number"; Value = "C161803"; VariantName = "[No Variations]"
Add component (AddParameter): Name = "Manufacturer Part Number"; Value = "RNCP0603FTD10K0"; VariantName = "[No Variations]"
Add component (AddParameter): Name = "Order Code"; Value = "Digi: RNCP0603FTD10K0TR-ND"; VariantName = "[No Variations]"
Add component (AddParameter): Name = "Sirius Stock Code"; Value = ""; VariantName = "[No Variations]"
Add component (AddParameter): Name = "Value"; Value = "10k"; VariantName = "[No Variations]"
Added Component: Designator=R68(R 0603(1608))
Add component (AddParameter): Name = "Case Code (Imperial)"; Value = "0603"; VariantName = "[No Variations]"
Add component (AddParameter): Name = "Case Code (Metric)"; Value = "1608"; VariantName = "[No Variations]"
Add component (AddParameter): Name = "Case/Package"; Value = "0603"; VariantName = "[No Variations]"
Add component (AddParameter): Name = "Category"; Value = "Chip SMD Resistors"; VariantName = "[No Variations]"
Add component (AddParameter): Name = "ComponentLink1Description"; Value = "https://datasheet.ciiva.com/11819/0900766b80c66297-11819477.pdf?src-supplier=RSComponents"; VariantName = "[No Variations]"
Add component (AddParameter): Name = "ComponentLink1URL"; Value = "https://datasheet.ciiva.com/11819/0900766b80c66297-11819477.pdf?src-supplier=RSComponents"; VariantName = "[No Variations]"
Add component (AddParameter): Name = "ComponentLink2Description"; Value = "https://datasheet.ciiva.com/12666/pyu-rc0402-51-rohs-l-6-r-12666741.pdf?src-supplier=Mouser"; VariantName = "[No Variations]"
Add component (AddParameter): Name = "ComponentLink2URL"; Value = "https://datasheet.ciiva.com/12666/pyu-rc0402-51-rohs-l-6-r-12666741.pdf?src-supplier=Mouser"; VariantName = "[No Variations]"
Add component (AddParameter): Name = "ComponentLink3Description"; Value = "https://datasheet.ciiva.com/17063/pyu-rc0402-51-rohs-l-6-r-17063193.pdf?src-supplier=Future+Electronics"; VariantName = "[No Variations]"
Add component (AddParameter): Name = "ComponentLink3URL"; Value = "https://datasheet.ciiva.com/17063/pyu-rc0402-51-rohs-l-6-r-17063193.pdf?src-supplier=Future+Electronics"; VariantName = "[No Variations]"
Add component (AddParameter): Name = "ComponentLink4Description"; Value = "https://datasheet.ciiva.com/22747/1018594-22747513.pdf?src-supplier=Element14"; VariantName = "[No Variations]"
Add component (AddParameter): Name = "ComponentLink4URL"; Value = "https://datasheet.ciiva.com/22747/1018594-22747513.pdf?src-supplier=Element14"; VariantName = "[No Variations]"
Add component (AddParameter): Name = "ComponentLink5Description"; Value = "https://datasheet.ciiva.com/7849/1018594-7849869.pdf?src-supplier=Element14"; VariantName = "[No Variations]"
Add component (AddParameter): Name = "ComponentLink5URL"; Value = "https://datasheet.ciiva.com/7849/1018594-7849869.pdf?src-supplier=Element14"; VariantName = "[No Variations]"
Add component (AddParameter): Name = "ComponentLink6Description"; Value = "https://datasheet.ciiva.com/7983/1018594-7983502.pdf?src-supplier=Element14"; VariantName = "[No Variations]"
Add component (AddParameter): Name = "ComponentLink6URL"; Value = "https://datasheet.ciiva.com/7983/1018594-7983502.pdf?src-supplier=Element14"; VariantName = "[No Variations]"
Add component (AddParameter): Name = "ComponentLink7Description"; Value = "https://datasheet.ciiva.com/7849/1018594-7849871.pdf?src-supplier=Element14"; VariantName = "[No Variations]"
Add component (AddParameter): Name = "ComponentLink7URL"; Value = "https://datasheet.ciiva.com/7849/1018594-7849871.pdf?src-supplier=Element14"; VariantName = "[No Variations]"
Add component (AddParameter): Name = "ComponentLink8Description"; Value = "https://datasheet.ciiva.com/11808/0900766b80c66297-11808195.pdf?src-supplier=RSComponents"; VariantName = "[No Variations]"
Add component (AddParameter): Name = "ComponentLink8URL"; Value = "https://datasheet.ciiva.com/11808/0900766b80c66297-11808195.pdf?src-supplier=RSComponents"; VariantName = "[No Variations]"
Add component (AddParameter): Name = "ComponentLink9Description"; Value = "https://datasheet.ciiva.com/2452/pyu-rc0402-51-rohs-l-6-2452608.pdf?src-supplier=Digi-Key"; VariantName = "[No Variations]"
Add component (AddParameter): Name = "ComponentLink9URL"; Value = "https://datasheet.ciiva.com/2452/pyu-rc0402-51-rohs-l-6-2452608.pdf?src-supplier=Digi-Key"; VariantName = "[No Variations]"
Add component (AddParameter): Name = "ComponentLink10Description"; Value = "https://datasheet.ciiva.com/2452/pyu-r-int-thick-7-2452609.pdf?src-supplier=Digi-Key"; VariantName = "[No Variations]"
Add component (AddParameter): Name = "ComponentLink10URL"; Value = "https://datasheet.ciiva.com/2452/pyu-r-int-thick-7-2452609.pdf?src-supplier=Digi-Key"; VariantName = "[No Variations]"
Add component (AddParameter): Name = "ComponentLink11Description"; Value = "https://datasheet.ciiva.com/2452/pyu-r-int-thick-7-2452610.pdf?src-supplier=Digi-Key"; VariantName = "[No Variations]"
Add component (AddParameter): Name = "ComponentLink11URL"; Value = "https://datasheet.ciiva.com/2452/pyu-r-int-thick-7-2452610.pdf?src-supplier=Digi-Key"; VariantName = "[No Variations]"
Add component (AddParameter): Name = "ComponentLink12Description"; Value = "https://datasheet.ciiva.com/28386/pyu-rc0402-51-rohs-l-6-28386633.pdf?src-supplier=Avnet+Europe"; VariantName = "[No Variations]"
Add component (AddParameter): Name = "ComponentLink12URL"; Value = "https://datasheet.ciiva.com/28386/pyu-rc0402-51-rohs-l-6-28386633.pdf?src-supplier=Avnet+Europe"; VariantName = "[No Variations]"
Add component (AddParameter): Name = "ComponentLink13Description"; Value = "https://datasheet.ciiva.com/22747/1018594-22747515.pdf?src-supplier=Element14"; VariantName = "[No Variations]"
Add component (AddParameter): Name = "ComponentLink13URL"; Value = "https://datasheet.ciiva.com/22747/1018594-22747515.pdf?src-supplier=Element14"; VariantName = "[No Variations]"
Add component (AddParameter): Name = "ComponentLink14Description"; Value = "https://datasheet.ciiva.com/7983/1018594-7983535.pdf?src-supplier=Element14"; VariantName = "[No Variations]"
Add component (AddParameter): Name = "ComponentLink14URL"; Value = "https://datasheet.ciiva.com/7983/1018594-7983535.pdf?src-supplier=Element14"; VariantName = "[No Variations]"
Add component (AddParameter): Name = "ComponentLink15Description"; Value = "https://datasheet.ciiva.com/8896/pyu-rc0402-51-rohs-l-6-8896201.pdf?src-supplier=Avnet"; VariantName = "[No Variations]"
Add component (AddParameter): Name = "ComponentLink15URL"; Value = "https://datasheet.ciiva.com/8896/pyu-rc0402-51-rohs-l-6-8896201.pdf?src-supplier=Avnet"; VariantName = "[No Variations]"
Add component (AddParameter): Name = "ComponentLink16Description"; Value = "https://datasheet.ciiva.com/15189/getdatasheetpartid-326379-15189533.pdf?src-supplier=Verical"; VariantName = "[No Variations]"
Add component (AddParameter): Name = "ComponentLink16URL"; Value = "https://datasheet.ciiva.com/15189/getdatasheetpartid-326379-15189533.pdf?src-supplier=Verical"; VariantName = "[No Variations]"
Add component (AddParameter): Name = "ComponentLink17Description"; Value = "https://datasheet.ciiva.com/11808/0900766b80f96399-11808081.pdf?src-supplier=RSComponents"; VariantName = "[No Variations]"
Add component (AddParameter): Name = "ComponentLink17URL"; Value = "https://datasheet.ciiva.com/11808/0900766b80f96399-11808081.pdf?src-supplier=RSComponents"; VariantName = "[No Variations]"
Add component (AddParameter): Name = "ComponentLink18Description"; Value = "https://datasheet.ciiva.com/7746/1686128-7746280.pdf?src-supplier=Element14"; VariantName = "[No Variations]"
Add component (AddParameter): Name = "ComponentLink18URL"; Value = "https://datasheet.ciiva.com/7746/1686128-7746280.pdf?src-supplier=Element14"; VariantName = "[No Variations]"
Add component (AddParameter): Name = "ComponentLink19Description"; Value = "https://datasheet.ciiva.com/7660/1868787-7660790.pdf?src-supplier=Element14"; VariantName = "[No Variations]"
Add component (AddParameter): Name = "ComponentLink19URL"; Value = "https://datasheet.ciiva.com/7660/1868787-7660790.pdf?src-supplier=Element14"; VariantName = "[No Variations]"
Add component (AddParameter): Name = "ComponentLink20Description"; Value = "https://datasheet.ciiva.com/7983/443971-7983613.pdf?src-supplier=Element14"; VariantName = "[No Variations]"
Add component (AddParameter): Name = "ComponentLink20URL"; Value = "https://datasheet.ciiva.com/7983/443971-7983613.pdf?src-supplier=Element14"; VariantName = "[No Variations]"
Add component (AddParameter): Name = "ComponentLink21Description"; Value = "https://datasheet.ciiva.com/7746/1738695-7746281.pdf?src-supplier=Element14"; VariantName = "[No Variations]"
Add component (AddParameter): Name = "ComponentLink21URL"; Value = "https://datasheet.ciiva.com/7746/1738695-7746281.pdf?src-supplier=Element14"; VariantName = "[No Variations]"
Add component (AddParameter): Name = "ComponentLink22Description"; Value = "https://datasheet.ciiva.com/7746/1738695-7746279.pdf?src-supplier=Element14"; VariantName = "[No Variations]"
Add component (AddParameter): Name = "ComponentLink22URL"; Value = "https://datasheet.ciiva.com/7746/1738695-7746279.pdf?src-supplier=Element14"; VariantName = "[No Variations]"
Add component (AddParameter): Name = "ComponentLink23Description"; Value = "https://datasheet.ciiva.com/8896/pyu-rc0603-51-rohs-l-4-8896106.pdf?src-supplier=Avnet"; VariantName = "[No Variations]"
Add component (AddParameter): Name = "ComponentLink23URL"; Value = "https://datasheet.ciiva.com/8896/pyu-rc0603-51-rohs-l-4-8896106.pdf?src-supplier=Avnet"; VariantName = "[No Variations]"
Add component (AddParameter): Name = "ComponentLink24Description"; Value = "https://datasheet.ciiva.com/15189/getdatasheetpartid-404327-15189644.pdf?src-supplier=Verical"; VariantName = "[No Variations]"
Add component (AddParameter): Name = "ComponentLink24URL"; Value = "https://datasheet.ciiva.com/15189/getdatasheetpartid-404327-15189644.pdf?src-supplier=Verical"; VariantName = "[No Variations]"
Add component (AddParameter): Name = "ComponentLink25Description"; Value = "https://datasheet.ciiva.com/28386/pyu-rc0603-51-rohs-l-4-28386648.pdf?src-supplier=Avnet+Europe"; VariantName = "[No Variations]"
Add component (AddParameter): Name = "ComponentLink25URL"; Value = "https://datasheet.ciiva.com/28386/pyu-rc0603-51-rohs-l-4-28386648.pdf?src-supplier=Avnet+Europe"; VariantName = "[No Variations]"
Add component (AddParameter): Name = "ComponentLink26Description"; Value = "https://datasheet.ciiva.com/25906/pyu-rc0603-51-rohs-l-4-25906933.pdf?src-supplier=Avnet+Europe"; VariantName = "[No Variations]"
Add component (AddParameter): Name = "ComponentLink26URL"; Value = "https://datasheet.ciiva.com/25906/pyu-rc0603-51-rohs-l-4-25906933.pdf?src-supplier=Avnet+Europe"; VariantName = "[No Variations]"
Add component (AddParameter): Name = "ComponentLink27Description"; Value = "https://datasheet.ciiva.com/15189/getdatasheetpartid-422754-15189760.pdf?src-supplier=Verical"; VariantName = "[No Variations]"
Add component (AddParameter): Name = "ComponentLink27URL"; Value = "https://datasheet.ciiva.com/15189/getdatasheetpartid-422754-15189760.pdf?src-supplier=Verical"; VariantName = "[No Variations]"
Add component (AddParameter): Name = "ComponentLink28Description"; Value = "https://datasheet.ciiva.com/22747/443971-22747528.pdf?src-supplier=Element14"; VariantName = "[No Variations]"
Add component (AddParameter): Name = "ComponentLink28URL"; Value = "https://datasheet.ciiva.com/22747/443971-22747528.pdf?src-supplier=Element14"; VariantName = "[No Variations]"
Add component (AddParameter): Name = "ComponentLink29Description"; Value = "https://datasheet.ciiva.com/7660/38590-7660794.pdf?src-supplier=Element14"; VariantName = "[No Variations]"
Add component (AddParameter): Name = "ComponentLink29URL"; Value = "https://datasheet.ciiva.com/7660/38590-7660794.pdf?src-supplier=Element14"; VariantName = "[No Variations]"
Add component (AddParameter): Name = "ComponentLink30Description"; Value = "https://datasheet.ciiva.com/7746/1868787-7746365.pdf?src-supplier=Element14"; VariantName = "[No Variations]"
Add component (AddParameter): Name = "ComponentLink30URL"; Value = "https://datasheet.ciiva.com/7746/1868787-7746365.pdf?src-supplier=Element14"; VariantName = "[No Variations]"
Add component (AddParameter): Name = "ComponentLink31Description"; Value = "https://datasheet.ciiva.com/46440/1868787-46440909.pdf?src-supplier=Element14"; VariantName = "[No Variations]"
Add component (AddParameter): Name = "ComponentLink31URL"; Value = "https://datasheet.ciiva.com/46440/1868787-46440909.pdf?src-supplier=Element14"; VariantName = "[No Variations]"
Add component (AddParameter): Name = "ComponentLink32Description"; Value = "https://datasheet.ciiva.com/7746/1738695-7746366.pdf?src-supplier=Element14"; VariantName = "[No Variations]"
Add component (AddParameter): Name = "ComponentLink32URL"; Value = "https://datasheet.ciiva.com/7746/1738695-7746366.pdf?src-supplier=Element14"; VariantName = "[No Variations]"
Add component (AddParameter): Name = "Construction"; Value = "Rectangular"; VariantName = "[No Variations]"
Add component (AddParameter): Name = "Depth"; Value = "0.8mm"; VariantName = "[No Variations]"
Add component (AddParameter): Name = "Features"; Value = "Moisture Resistant"; VariantName = "[No Variations]"
Add component (AddParameter): Name = "Height"; Value = "0.45mm"; VariantName = "[No Variations]"
Add component (AddParameter): Name = "Lead Free"; Value = "Lead Free"; VariantName = "[No Variations]"
Add component (AddParameter): Name = "Lead Pitch"; Value = "0.3mm"; VariantName = "[No Variations]"
Add component (AddParameter): Name = "Length"; Value = "1.6mm"; VariantName = "[No Variations]"
Add component (AddParameter): Name = "Manufacturer"; Value = "Yageo"; VariantName = "[No Variations]"
Add component (AddParameter): Name = "Manufacturer Part Number"; Value = "RC0603FR-074K7L"; VariantName = "[No Variations]"
Add component (AddParameter): Name = "Max Operating Temperature"; Value = "155°C"; VariantName = "[No Variations]"
Add component (AddParameter): Name = "Max Power Dissipation"; Value = "100mW"; VariantName = "[No Variations]"
Add component (AddParameter): Name = "Military Standard"; Value = "Not"; VariantName = "[No Variations]"
Add component (AddParameter): Name = "Min Operating Temperature"; Value = "-55°C"; VariantName = "[No Variations]"
Add component (AddParameter): Name = "Number of Pins"; Value = "2"; VariantName = "[No Variations]"
Add component (AddParameter): Name = "Number of Terminations"; Value = "2"; VariantName = "[No Variations]"
Add component (AddParameter): Name = "Packaging"; Value = "Tape and Reel"; VariantName = "[No Variations]"
Add component (AddParameter): Name = "Power Rating"; Value = "100mW"; VariantName = "[No Variations]"
Add component (AddParameter): Name = "Pricing 1"; Value = "1=0,10000, 10=0,02400, 100=0,00970, 1000=0,00436, 2500=0,00378 (USD)"; VariantName = "[No Variations]"
Add component (AddParameter): Name = "REACH SVHC"; Value = "No SVHC"; VariantName = "[No Variations]"
Add component (AddParameter): Name = "Resistance"; Value = "4.7kR"; VariantName = "[No Variations]"
Add component (AddParameter): Name = "Resistance Tolerance"; Value = "1%"; VariantName = "[No Variations]"
Add component (AddParameter): Name = "Resistor Type"; Value = "Thick Film"; VariantName = "[No Variations]"
Add component (AddParameter): Name = "RoHS"; Value = "Yes"; VariantName = "[No Variations]"
Add component (AddParameter): Name = "RoHS Compliant"; Value = "Yes"; VariantName = "[No Variations]"
Add component (AddParameter): Name = "Series"; Value = "RC"; VariantName = "[No Variations]"
Add component (AddParameter): Name = "Size Code"; Value = "0603"; VariantName = "[No Variations]"
Add component (AddParameter): Name = "Stock 1"; Value = "1306882"; VariantName = "[No Variations]"
Add component (AddParameter): Name = "Supplier 1"; Value = "Digi-Key"; VariantName = "[No Variations]"
Add component (AddParameter): Name = "Supplier Part Number 1"; Value = "311-4.70KHRCT-ND"; VariantName = "[No Variations]"
Add component (AddParameter): Name = "Temperature Coefficient"; Value = "100ppm/°C"; VariantName = "[No Variations]"
Add component (AddParameter): Name = "Termination"; Value = "SMD/SMT"; VariantName = "[No Variations]"
Add component (AddParameter): Name = "Tolerance"; Value = "1%"; VariantName = "[No Variations]"
Add component (AddParameter): Name = "Voltage Rating"; Value = "50V"; VariantName = "[No Variations]"
Add component (AddParameter): Name = "Voltage Rating (DC)"; Value = "50V"; VariantName = "[No Variations]"
Add component (AddParameter): Name = "Width"; Value = "0.8mm"; VariantName = "[No Variations]"
Added Component: Designator=R69(SMR0603)
Add component (AddParameter): Name = "Manufacturer Part Number"; Value = "CRCW06032K00FKEB"; VariantName = "[No Variations]"
Add component (AddParameter): Name = "Order Code"; Value = "DIGI: 541-CRCW06032K00FKEBTR-ND"; VariantName = "[No Variations]"
Add component (AddParameter): Name = "Value"; Value = "2k %1"; VariantName = "[No Variations]"
Added Component: Designator=R70(R 0603(1608))
Add component (AddParameter): Name = "Case Code (Imperial)"; Value = "0603"; VariantName = "[No Variations]"
Add component (AddParameter): Name = "Case Code (Metric)"; Value = "1608"; VariantName = "[No Variations]"
Add component (AddParameter): Name = "Case/Package"; Value = "0603"; VariantName = "[No Variations]"
Add component (AddParameter): Name = "Category"; Value = "Chip SMD Resistors"; VariantName = "[No Variations]"
Add component (AddParameter): Name = "ComponentLink1Description"; Value = "https://datasheet.ciiva.com/11819/0900766b80c66297-11819477.pdf?src-supplier=RSComponents"; VariantName = "[No Variations]"
Add component (AddParameter): Name = "ComponentLink1URL"; Value = "https://datasheet.ciiva.com/11819/0900766b80c66297-11819477.pdf?src-supplier=RSComponents"; VariantName = "[No Variations]"
Add component (AddParameter): Name = "ComponentLink2Description"; Value = "https://datasheet.ciiva.com/12666/pyu-rc0402-51-rohs-l-6-r-12666741.pdf?src-supplier=Mouser"; VariantName = "[No Variations]"
Add component (AddParameter): Name = "ComponentLink2URL"; Value = "https://datasheet.ciiva.com/12666/pyu-rc0402-51-rohs-l-6-r-12666741.pdf?src-supplier=Mouser"; VariantName = "[No Variations]"
Add component (AddParameter): Name = "ComponentLink3Description"; Value = "https://datasheet.ciiva.com/17063/pyu-rc0402-51-rohs-l-6-r-17063193.pdf?src-supplier=Future+Electronics"; VariantName = "[No Variations]"
Add component (AddParameter): Name = "ComponentLink3URL"; Value = "https://datasheet.ciiva.com/17063/pyu-rc0402-51-rohs-l-6-r-17063193.pdf?src-supplier=Future+Electronics"; VariantName = "[No Variations]"
Add component (AddParameter): Name = "ComponentLink4Description"; Value = "https://datasheet.ciiva.com/22747/1018594-22747513.pdf?src-supplier=Element14"; VariantName = "[No Variations]"
Add component (AddParameter): Name = "ComponentLink4URL"; Value = "https://datasheet.ciiva.com/22747/1018594-22747513.pdf?src-supplier=Element14"; VariantName = "[No Variations]"
Add component (AddParameter): Name = "ComponentLink5Description"; Value = "https://datasheet.ciiva.com/7849/1018594-7849869.pdf?src-supplier=Element14"; VariantName = "[No Variations]"
Add component (AddParameter): Name = "ComponentLink5URL"; Value = "https://datasheet.ciiva.com/7849/1018594-7849869.pdf?src-supplier=Element14"; VariantName = "[No Variations]"
Add component (AddParameter): Name = "ComponentLink6Description"; Value = "https://datasheet.ciiva.com/7983/1018594-7983502.pdf?src-supplier=Element14"; VariantName = "[No Variations]"
Add component (AddParameter): Name = "ComponentLink6URL"; Value = "https://datasheet.ciiva.com/7983/1018594-7983502.pdf?src-supplier=Element14"; VariantName = "[No Variations]"
Add component (AddParameter): Name = "ComponentLink7Description"; Value = "https://datasheet.ciiva.com/7849/1018594-7849871.pdf?src-supplier=Element14"; VariantName = "[No Variations]"
Add component (AddParameter): Name = "ComponentLink7URL"; Value = "https://datasheet.ciiva.com/7849/1018594-7849871.pdf?src-supplier=Element14"; VariantName = "[No Variations]"
Add component (AddParameter): Name = "ComponentLink8Description"; Value = "https://datasheet.ciiva.com/11808/0900766b80c66297-11808195.pdf?src-supplier=RSComponents"; VariantName = "[No Variations]"
Add component (AddParameter): Name = "ComponentLink8URL"; Value = "https://datasheet.ciiva.com/11808/0900766b80c66297-11808195.pdf?src-supplier=RSComponents"; VariantName = "[No Variations]"
Add component (AddParameter): Name = "ComponentLink9Description"; Value = "https://datasheet.ciiva.com/2452/pyu-rc0402-51-rohs-l-6-2452608.pdf?src-supplier=Digi-Key"; VariantName = "[No Variations]"
Add component (AddParameter): Name = "ComponentLink9URL"; Value = "https://datasheet.ciiva.com/2452/pyu-rc0402-51-rohs-l-6-2452608.pdf?src-supplier=Digi-Key"; VariantName = "[No Variations]"
Add component (AddParameter): Name = "ComponentLink10Description"; Value = "https://datasheet.ciiva.com/2452/pyu-r-int-thick-7-2452609.pdf?src-supplier=Digi-Key"; VariantName = "[No Variations]"
Add component (AddParameter): Name = "ComponentLink10URL"; Value = "https://datasheet.ciiva.com/2452/pyu-r-int-thick-7-2452609.pdf?src-supplier=Digi-Key"; VariantName = "[No Variations]"
Add component (AddParameter): Name = "ComponentLink11Description"; Value = "https://datasheet.ciiva.com/2452/pyu-r-int-thick-7-2452610.pdf?src-supplier=Digi-Key"; VariantName = "[No Variations]"
Add component (AddParameter): Name = "ComponentLink11URL"; Value = "https://datasheet.ciiva.com/2452/pyu-r-int-thick-7-2452610.pdf?src-supplier=Digi-Key"; VariantName = "[No Variations]"
Add component (AddParameter): Name = "ComponentLink12Description"; Value = "https://datasheet.ciiva.com/28386/pyu-rc0402-51-rohs-l-6-28386633.pdf?src-supplier=Avnet+Europe"; VariantName = "[No Variations]"
Add component (AddParameter): Name = "ComponentLink12URL"; Value = "https://datasheet.ciiva.com/28386/pyu-rc0402-51-rohs-l-6-28386633.pdf?src-supplier=Avnet+Europe"; VariantName = "[No Variations]"
Add component (AddParameter): Name = "ComponentLink13Description"; Value = "https://datasheet.ciiva.com/22747/1018594-22747515.pdf?src-supplier=Element14"; VariantName = "[No Variations]"
Add component (AddParameter): Name = "ComponentLink13URL"; Value = "https://datasheet.ciiva.com/22747/1018594-22747515.pdf?src-supplier=Element14"; VariantName = "[No Variations]"
Add component (AddParameter): Name = "ComponentLink14Description"; Value = "https://datasheet.ciiva.com/7983/1018594-7983535.pdf?src-supplier=Element14"; VariantName = "[No Variations]"
Add component (AddParameter): Name = "ComponentLink14URL"; Value = "https://datasheet.ciiva.com/7983/1018594-7983535.pdf?src-supplier=Element14"; VariantName = "[No Variations]"
Add component (AddParameter): Name = "ComponentLink15Description"; Value = "https://datasheet.ciiva.com/8896/pyu-rc0402-51-rohs-l-6-8896201.pdf?src-supplier=Avnet"; VariantName = "[No Variations]"
Add component (AddParameter): Name = "ComponentLink15URL"; Value = "https://datasheet.ciiva.com/8896/pyu-rc0402-51-rohs-l-6-8896201.pdf?src-supplier=Avnet"; VariantName = "[No Variations]"
Add component (AddParameter): Name = "ComponentLink16Description"; Value = "https://datasheet.ciiva.com/15189/getdatasheetpartid-326379-15189533.pdf?src-supplier=Verical"; VariantName = "[No Variations]"
Add component (AddParameter): Name = "ComponentLink16URL"; Value = "https://datasheet.ciiva.com/15189/getdatasheetpartid-326379-15189533.pdf?src-supplier=Verical"; VariantName = "[No Variations]"
Add component (AddParameter): Name = "ComponentLink17Description"; Value = "https://datasheet.ciiva.com/11808/0900766b80f96399-11808081.pdf?src-supplier=RSComponents"; VariantName = "[No Variations]"
Add component (AddParameter): Name = "ComponentLink17URL"; Value = "https://datasheet.ciiva.com/11808/0900766b80f96399-11808081.pdf?src-supplier=RSComponents"; VariantName = "[No Variations]"
Add component (AddParameter): Name = "ComponentLink18Description"; Value = "https://datasheet.ciiva.com/7746/1686128-7746280.pdf?src-supplier=Element14"; VariantName = "[No Variations]"
Add component (AddParameter): Name = "ComponentLink18URL"; Value = "https://datasheet.ciiva.com/7746/1686128-7746280.pdf?src-supplier=Element14"; VariantName = "[No Variations]"
Add component (AddParameter): Name = "ComponentLink19Description"; Value = "https://datasheet.ciiva.com/7660/1868787-7660790.pdf?src-supplier=Element14"; VariantName = "[No Variations]"
Add component (AddParameter): Name = "ComponentLink19URL"; Value = "https://datasheet.ciiva.com/7660/1868787-7660790.pdf?src-supplier=Element14"; VariantName = "[No Variations]"
Add component (AddParameter): Name = "ComponentLink20Description"; Value = "https://datasheet.ciiva.com/7983/443971-7983613.pdf?src-supplier=Element14"; VariantName = "[No Variations]"
Add component (AddParameter): Name = "ComponentLink20URL"; Value = "https://datasheet.ciiva.com/7983/443971-7983613.pdf?src-supplier=Element14"; VariantName = "[No Variations]"
Add component (AddParameter): Name = "ComponentLink21Description"; Value = "https://datasheet.ciiva.com/7746/1738695-7746281.pdf?src-supplier=Element14"; VariantName = "[No Variations]"
Add component (AddParameter): Name = "ComponentLink21URL"; Value = "https://datasheet.ciiva.com/7746/1738695-7746281.pdf?src-supplier=Element14"; VariantName = "[No Variations]"
Add component (AddParameter): Name = "ComponentLink22Description"; Value = "https://datasheet.ciiva.com/7746/1738695-7746279.pdf?src-supplier=Element14"; VariantName = "[No Variations]"
Add component (AddParameter): Name = "ComponentLink22URL"; Value = "https://datasheet.ciiva.com/7746/1738695-7746279.pdf?src-supplier=Element14"; VariantName = "[No Variations]"
Add component (AddParameter): Name = "ComponentLink23Description"; Value = "https://datasheet.ciiva.com/8896/pyu-rc0603-51-rohs-l-4-8896106.pdf?src-supplier=Avnet"; VariantName = "[No Variations]"
Add component (AddParameter): Name = "ComponentLink23URL"; Value = "https://datasheet.ciiva.com/8896/pyu-rc0603-51-rohs-l-4-8896106.pdf?src-supplier=Avnet"; VariantName = "[No Variations]"
Add component (AddParameter): Name = "ComponentLink24Description"; Value = "https://datasheet.ciiva.com/15189/getdatasheetpartid-404327-15189644.pdf?src-supplier=Verical"; VariantName = "[No Variations]"
Add component (AddParameter): Name = "ComponentLink24URL"; Value = "https://datasheet.ciiva.com/15189/getdatasheetpartid-404327-15189644.pdf?src-supplier=Verical"; VariantName = "[No Variations]"
Add component (AddParameter): Name = "ComponentLink25Description"; Value = "https://datasheet.ciiva.com/28386/pyu-rc0603-51-rohs-l-4-28386648.pdf?src-supplier=Avnet+Europe"; VariantName = "[No Variations]"
Add component (AddParameter): Name = "ComponentLink25URL"; Value = "https://datasheet.ciiva.com/28386/pyu-rc0603-51-rohs-l-4-28386648.pdf?src-supplier=Avnet+Europe"; VariantName = "[No Variations]"
Add component (AddParameter): Name = "ComponentLink26Description"; Value = "https://datasheet.ciiva.com/25906/pyu-rc0603-51-rohs-l-4-25906933.pdf?src-supplier=Avnet+Europe"; VariantName = "[No Variations]"
Add component (AddParameter): Name = "ComponentLink26URL"; Value = "https://datasheet.ciiva.com/25906/pyu-rc0603-51-rohs-l-4-25906933.pdf?src-supplier=Avnet+Europe"; VariantName = "[No Variations]"
Add component (AddParameter): Name = "ComponentLink27Description"; Value = "https://datasheet.ciiva.com/15189/getdatasheetpartid-422754-15189760.pdf?src-supplier=Verical"; VariantName = "[No Variations]"
Add component (AddParameter): Name = "ComponentLink27URL"; Value = "https://datasheet.ciiva.com/15189/getdatasheetpartid-422754-15189760.pdf?src-supplier=Verical"; VariantName = "[No Variations]"
Add component (AddParameter): Name = "ComponentLink28Description"; Value = "https://datasheet.ciiva.com/22747/443971-22747528.pdf?src-supplier=Element14"; VariantName = "[No Variations]"
Add component (AddParameter): Name = "ComponentLink28URL"; Value = "https://datasheet.ciiva.com/22747/443971-22747528.pdf?src-supplier=Element14"; VariantName = "[No Variations]"
Add component (AddParameter): Name = "ComponentLink29Description"; Value = "https://datasheet.ciiva.com/7660/38590-7660794.pdf?src-supplier=Element14"; VariantName = "[No Variations]"
Add component (AddParameter): Name = "ComponentLink29URL"; Value = "https://datasheet.ciiva.com/7660/38590-7660794.pdf?src-supplier=Element14"; VariantName = "[No Variations]"
Add component (AddParameter): Name = "ComponentLink30Description"; Value = "https://datasheet.ciiva.com/7746/1868787-7746365.pdf?src-supplier=Element14"; VariantName = "[No Variations]"
Add component (AddParameter): Name = "ComponentLink30URL"; Value = "https://datasheet.ciiva.com/7746/1868787-7746365.pdf?src-supplier=Element14"; VariantName = "[No Variations]"
Add component (AddParameter): Name = "ComponentLink31Description"; Value = "https://datasheet.ciiva.com/46440/1868787-46440909.pdf?src-supplier=Element14"; VariantName = "[No Variations]"
Add component (AddParameter): Name = "ComponentLink31URL"; Value = "https://datasheet.ciiva.com/46440/1868787-46440909.pdf?src-supplier=Element14"; VariantName = "[No Variations]"
Add component (AddParameter): Name = "ComponentLink32Description"; Value = "https://datasheet.ciiva.com/7746/1738695-7746366.pdf?src-supplier=Element14"; VariantName = "[No Variations]"
Add component (AddParameter): Name = "ComponentLink32URL"; Value = "https://datasheet.ciiva.com/7746/1738695-7746366.pdf?src-supplier=Element14"; VariantName = "[No Variations]"
Add component (AddParameter): Name = "Construction"; Value = "Rectangular"; VariantName = "[No Variations]"
Add component (AddParameter): Name = "Depth"; Value = "0.8mm"; VariantName = "[No Variations]"
Add component (AddParameter): Name = "Features"; Value = "Moisture Resistant"; VariantName = "[No Variations]"
Add component (AddParameter): Name = "Height"; Value = "0.45mm"; VariantName = "[No Variations]"
Add component (AddParameter): Name = "Lead Free"; Value = "Lead Free"; VariantName = "[No Variations]"
Add component (AddParameter): Name = "Lead Pitch"; Value = "0.3mm"; VariantName = "[No Variations]"
Add component (AddParameter): Name = "Length"; Value = "1.6mm"; VariantName = "[No Variations]"
Add component (AddParameter): Name = "Manufacturer"; Value = "Yageo"; VariantName = "[No Variations]"
Add component (AddParameter): Name = "Manufacturer Part Number"; Value = "RC0603FR-074K7L"; VariantName = "[No Variations]"
Add component (AddParameter): Name = "Max Operating Temperature"; Value = "155°C"; VariantName = "[No Variations]"
Add component (AddParameter): Name = "Max Power Dissipation"; Value = "100mW"; VariantName = "[No Variations]"
Add component (AddParameter): Name = "Military Standard"; Value = "Not"; VariantName = "[No Variations]"
Add component (AddParameter): Name = "Min Operating Temperature"; Value = "-55°C"; VariantName = "[No Variations]"
Add component (AddParameter): Name = "Number of Pins"; Value = "2"; VariantName = "[No Variations]"
Add component (AddParameter): Name = "Number of Terminations"; Value = "2"; VariantName = "[No Variations]"
Add component (AddParameter): Name = "Packaging"; Value = "Tape and Reel"; VariantName = "[No Variations]"
Add component (AddParameter): Name = "Power Rating"; Value = "100mW"; VariantName = "[No Variations]"
Add component (AddParameter): Name = "Pricing 1"; Value = "1=0,10000, 10=0,02400, 100=0,00970, 1000=0,00436, 2500=0,00378 (USD)"; VariantName = "[No Variations]"
Add component (AddParameter): Name = "REACH SVHC"; Value = "No SVHC"; VariantName = "[No Variations]"
Add component (AddParameter): Name = "Resistance"; Value = "4.7kR"; VariantName = "[No Variations]"
Add component (AddParameter): Name = "Resistance Tolerance"; Value = "1%"; VariantName = "[No Variations]"
Add component (AddParameter): Name = "Resistor Type"; Value = "Thick Film"; VariantName = "[No Variations]"
Add component (AddParameter): Name = "RoHS"; Value = "Yes"; VariantName = "[No Variations]"
Add component (AddParameter): Name = "RoHS Compliant"; Value = "Yes"; VariantName = "[No Variations]"
Add component (AddParameter): Name = "Series"; Value = "RC"; VariantName = "[No Variations]"
Add component (AddParameter): Name = "Size Code"; Value = "0603"; VariantName = "[No Variations]"
Add component (AddParameter): Name = "Stock 1"; Value = "1306882"; VariantName = "[No Variations]"
Add component (AddParameter): Name = "Supplier 1"; Value = "Digi-Key"; VariantName = "[No Variations]"
Add component (AddParameter): Name = "Supplier Part Number 1"; Value = "311-4.70KHRCT-ND"; VariantName = "[No Variations]"
Add component (AddParameter): Name = "Temperature Coefficient"; Value = "100ppm/°C"; VariantName = "[No Variations]"
Add component (AddParameter): Name = "Termination"; Value = "SMD/SMT"; VariantName = "[No Variations]"
Add component (AddParameter): Name = "Tolerance"; Value = "1%"; VariantName = "[No Variations]"
Add component (AddParameter): Name = "Voltage Rating"; Value = "50V"; VariantName = "[No Variations]"
Add component (AddParameter): Name = "Voltage Rating (DC)"; Value = "50V"; VariantName = "[No Variations]"
Add component (AddParameter): Name = "Width"; Value = "0.8mm"; VariantName = "[No Variations]"
Added Component: Designator=R71(SMR0603)
Add component (AddParameter): Name = "LCSC Manufacturer Part Number"; Value = "RC0603FR-0710KL"; VariantName = "[No Variations]"
Add component (AddParameter): Name = "LCSC Part Number"; Value = "C98220"; VariantName = "[No Variations]"
Add component (AddParameter): Name = "Manufacturer Part Number"; Value = "RC0603FR-0710KL"; VariantName = "[No Variations]"
Add component (AddParameter): Name = "Order Code"; Value = "Digi: 311-10.0KHRTR-ND"; VariantName = "[No Variations]"
Add component (AddParameter): Name = "Sirius Stock Code"; Value = ""; VariantName = "[No Variations]"
Add component (AddParameter): Name = "Value"; Value = "10k"; VariantName = "[No Variations]"
Added Component: Designator=R72(R 0603(1608))
Add component (AddParameter): Name = "Case Code (Imperial)"; Value = "0603"; VariantName = "[No Variations]"
Add component (AddParameter): Name = "Case Code (Metric)"; Value = "1608"; VariantName = "[No Variations]"
Add component (AddParameter): Name = "Case/Package"; Value = "0603"; VariantName = "[No Variations]"
Add component (AddParameter): Name = "Category"; Value = "Chip SMD Resistors"; VariantName = "[No Variations]"
Add component (AddParameter): Name = "ComponentLink1Description"; Value = "https://datasheet.ciiva.com/11819/0900766b80c66297-11819477.pdf?src-supplier=RSComponents"; VariantName = "[No Variations]"
Add component (AddParameter): Name = "ComponentLink1URL"; Value = "https://datasheet.ciiva.com/11819/0900766b80c66297-11819477.pdf?src-supplier=RSComponents"; VariantName = "[No Variations]"
Add component (AddParameter): Name = "ComponentLink2Description"; Value = "https://datasheet.ciiva.com/12666/pyu-rc0402-51-rohs-l-6-r-12666741.pdf?src-supplier=Mouser"; VariantName = "[No Variations]"
Add component (AddParameter): Name = "ComponentLink2URL"; Value = "https://datasheet.ciiva.com/12666/pyu-rc0402-51-rohs-l-6-r-12666741.pdf?src-supplier=Mouser"; VariantName = "[No Variations]"
Add component (AddParameter): Name = "ComponentLink3Description"; Value = "https://datasheet.ciiva.com/17063/pyu-rc0402-51-rohs-l-6-r-17063193.pdf?src-supplier=Future+Electronics"; VariantName = "[No Variations]"
Add component (AddParameter): Name = "ComponentLink3URL"; Value = "https://datasheet.ciiva.com/17063/pyu-rc0402-51-rohs-l-6-r-17063193.pdf?src-supplier=Future+Electronics"; VariantName = "[No Variations]"
Add component (AddParameter): Name = "ComponentLink4Description"; Value = "https://datasheet.ciiva.com/22747/1018594-22747513.pdf?src-supplier=Element14"; VariantName = "[No Variations]"
Add component (AddParameter): Name = "ComponentLink4URL"; Value = "https://datasheet.ciiva.com/22747/1018594-22747513.pdf?src-supplier=Element14"; VariantName = "[No Variations]"
Add component (AddParameter): Name = "ComponentLink5Description"; Value = "https://datasheet.ciiva.com/7849/1018594-7849869.pdf?src-supplier=Element14"; VariantName = "[No Variations]"
Add component (AddParameter): Name = "ComponentLink5URL"; Value = "https://datasheet.ciiva.com/7849/1018594-7849869.pdf?src-supplier=Element14"; VariantName = "[No Variations]"
Add component (AddParameter): Name = "ComponentLink6Description"; Value = "https://datasheet.ciiva.com/7983/1018594-7983502.pdf?src-supplier=Element14"; VariantName = "[No Variations]"
Add component (AddParameter): Name = "ComponentLink6URL"; Value = "https://datasheet.ciiva.com/7983/1018594-7983502.pdf?src-supplier=Element14"; VariantName = "[No Variations]"
Add component (AddParameter): Name = "ComponentLink7Description"; Value = "https://datasheet.ciiva.com/7849/1018594-7849871.pdf?src-supplier=Element14"; VariantName = "[No Variations]"
Add component (AddParameter): Name = "ComponentLink7URL"; Value = "https://datasheet.ciiva.com/7849/1018594-7849871.pdf?src-supplier=Element14"; VariantName = "[No Variations]"
Add component (AddParameter): Name = "ComponentLink8Description"; Value = "https://datasheet.ciiva.com/11808/0900766b80c66297-11808195.pdf?src-supplier=RSComponents"; VariantName = "[No Variations]"
Add component (AddParameter): Name = "ComponentLink8URL"; Value = "https://datasheet.ciiva.com/11808/0900766b80c66297-11808195.pdf?src-supplier=RSComponents"; VariantName = "[No Variations]"
Add component (AddParameter): Name = "ComponentLink9Description"; Value = "https://datasheet.ciiva.com/2452/pyu-rc0402-51-rohs-l-6-2452608.pdf?src-supplier=Digi-Key"; VariantName = "[No Variations]"
Add component (AddParameter): Name = "ComponentLink9URL"; Value = "https://datasheet.ciiva.com/2452/pyu-rc0402-51-rohs-l-6-2452608.pdf?src-supplier=Digi-Key"; VariantName = "[No Variations]"
Add component (AddParameter): Name = "ComponentLink10Description"; Value = "https://datasheet.ciiva.com/2452/pyu-r-int-thick-7-2452609.pdf?src-supplier=Digi-Key"; VariantName = "[No Variations]"
Add component (AddParameter): Name = "ComponentLink10URL"; Value = "https://datasheet.ciiva.com/2452/pyu-r-int-thick-7-2452609.pdf?src-supplier=Digi-Key"; VariantName = "[No Variations]"
Add component (AddParameter): Name = "ComponentLink11Description"; Value = "https://datasheet.ciiva.com/2452/pyu-r-int-thick-7-2452610.pdf?src-supplier=Digi-Key"; VariantName = "[No Variations]"
Add component (AddParameter): Name = "ComponentLink11URL"; Value = "https://datasheet.ciiva.com/2452/pyu-r-int-thick-7-2452610.pdf?src-supplier=Digi-Key"; VariantName = "[No Variations]"
Add component (AddParameter): Name = "ComponentLink12Description"; Value = "https://datasheet.ciiva.com/28386/pyu-rc0402-51-rohs-l-6-28386633.pdf?src-supplier=Avnet+Europe"; VariantName = "[No Variations]"
Add component (AddParameter): Name = "ComponentLink12URL"; Value = "https://datasheet.ciiva.com/28386/pyu-rc0402-51-rohs-l-6-28386633.pdf?src-supplier=Avnet+Europe"; VariantName = "[No Variations]"
Add component (AddParameter): Name = "ComponentLink13Description"; Value = "https://datasheet.ciiva.com/22747/1018594-22747515.pdf?src-supplier=Element14"; VariantName = "[No Variations]"
Add component (AddParameter): Name = "ComponentLink13URL"; Value = "https://datasheet.ciiva.com/22747/1018594-22747515.pdf?src-supplier=Element14"; VariantName = "[No Variations]"
Add component (AddParameter): Name = "ComponentLink14Description"; Value = "https://datasheet.ciiva.com/7983/1018594-7983535.pdf?src-supplier=Element14"; VariantName = "[No Variations]"
Add component (AddParameter): Name = "ComponentLink14URL"; Value = "https://datasheet.ciiva.com/7983/1018594-7983535.pdf?src-supplier=Element14"; VariantName = "[No Variations]"
Add component (AddParameter): Name = "ComponentLink15Description"; Value = "https://datasheet.ciiva.com/8896/pyu-rc0402-51-rohs-l-6-8896201.pdf?src-supplier=Avnet"; VariantName = "[No Variations]"
Add component (AddParameter): Name = "ComponentLink15URL"; Value = "https://datasheet.ciiva.com/8896/pyu-rc0402-51-rohs-l-6-8896201.pdf?src-supplier=Avnet"; VariantName = "[No Variations]"
Add component (AddParameter): Name = "ComponentLink16Description"; Value = "https://datasheet.ciiva.com/15189/getdatasheetpartid-326379-15189533.pdf?src-supplier=Verical"; VariantName = "[No Variations]"
Add component (AddParameter): Name = "ComponentLink16URL"; Value = "https://datasheet.ciiva.com/15189/getdatasheetpartid-326379-15189533.pdf?src-supplier=Verical"; VariantName = "[No Variations]"
Add component (AddParameter): Name = "ComponentLink17Description"; Value = "https://datasheet.ciiva.com/11808/0900766b80f96399-11808081.pdf?src-supplier=RSComponents"; VariantName = "[No Variations]"
Add component (AddParameter): Name = "ComponentLink17URL"; Value = "https://datasheet.ciiva.com/11808/0900766b80f96399-11808081.pdf?src-supplier=RSComponents"; VariantName = "[No Variations]"
Add component (AddParameter): Name = "ComponentLink18Description"; Value = "https://datasheet.ciiva.com/7746/1686128-7746280.pdf?src-supplier=Element14"; VariantName = "[No Variations]"
Add component (AddParameter): Name = "ComponentLink18URL"; Value = "https://datasheet.ciiva.com/7746/1686128-7746280.pdf?src-supplier=Element14"; VariantName = "[No Variations]"
Add component (AddParameter): Name = "ComponentLink19Description"; Value = "https://datasheet.ciiva.com/7660/1868787-7660790.pdf?src-supplier=Element14"; VariantName = "[No Variations]"
Add component (AddParameter): Name = "ComponentLink19URL"; Value = "https://datasheet.ciiva.com/7660/1868787-7660790.pdf?src-supplier=Element14"; VariantName = "[No Variations]"
Add component (AddParameter): Name = "ComponentLink20Description"; Value = "https://datasheet.ciiva.com/7983/443971-7983613.pdf?src-supplier=Element14"; VariantName = "[No Variations]"
Add component (AddParameter): Name = "ComponentLink20URL"; Value = "https://datasheet.ciiva.com/7983/443971-7983613.pdf?src-supplier=Element14"; VariantName = "[No Variations]"
Add component (AddParameter): Name = "ComponentLink21Description"; Value = "https://datasheet.ciiva.com/7746/1738695-7746281.pdf?src-supplier=Element14"; VariantName = "[No Variations]"
Add component (AddParameter): Name = "ComponentLink21URL"; Value = "https://datasheet.ciiva.com/7746/1738695-7746281.pdf?src-supplier=Element14"; VariantName = "[No Variations]"
Add component (AddParameter): Name = "ComponentLink22Description"; Value = "https://datasheet.ciiva.com/7746/1738695-7746279.pdf?src-supplier=Element14"; VariantName = "[No Variations]"
Add component (AddParameter): Name = "ComponentLink22URL"; Value = "https://datasheet.ciiva.com/7746/1738695-7746279.pdf?src-supplier=Element14"; VariantName = "[No Variations]"
Add component (AddParameter): Name = "ComponentLink23Description"; Value = "https://datasheet.ciiva.com/8896/pyu-rc0603-51-rohs-l-4-8896106.pdf?src-supplier=Avnet"; VariantName = "[No Variations]"
Add component (AddParameter): Name = "ComponentLink23URL"; Value = "https://datasheet.ciiva.com/8896/pyu-rc0603-51-rohs-l-4-8896106.pdf?src-supplier=Avnet"; VariantName = "[No Variations]"
Add component (AddParameter): Name = "ComponentLink24Description"; Value = "https://datasheet.ciiva.com/15189/getdatasheetpartid-404327-15189644.pdf?src-supplier=Verical"; VariantName = "[No Variations]"
Add component (AddParameter): Name = "ComponentLink24URL"; Value = "https://datasheet.ciiva.com/15189/getdatasheetpartid-404327-15189644.pdf?src-supplier=Verical"; VariantName = "[No Variations]"
Add component (AddParameter): Name = "ComponentLink25Description"; Value = "https://datasheet.ciiva.com/28386/pyu-rc0603-51-rohs-l-4-28386648.pdf?src-supplier=Avnet+Europe"; VariantName = "[No Variations]"
Add component (AddParameter): Name = "ComponentLink25URL"; Value = "https://datasheet.ciiva.com/28386/pyu-rc0603-51-rohs-l-4-28386648.pdf?src-supplier=Avnet+Europe"; VariantName = "[No Variations]"
Add component (AddParameter): Name = "ComponentLink26Description"; Value = "https://datasheet.ciiva.com/25906/pyu-rc0603-51-rohs-l-4-25906933.pdf?src-supplier=Avnet+Europe"; VariantName = "[No Variations]"
Add component (AddParameter): Name = "ComponentLink26URL"; Value = "https://datasheet.ciiva.com/25906/pyu-rc0603-51-rohs-l-4-25906933.pdf?src-supplier=Avnet+Europe"; VariantName = "[No Variations]"
Add component (AddParameter): Name = "Construction"; Value = "Rectangular"; VariantName = "[No Variations]"
Add component (AddParameter): Name = "Contact Plating"; Value = "Tin,Matte"; VariantName = "[No Variations]"
Add component (AddParameter): Name = "Depth"; Value = "0.8mm"; VariantName = "[No Variations]"
Add component (AddParameter): Name = "Features"; Value = "Moisture Resistant"; VariantName = "[No Variations]"
Add component (AddParameter): Name = "Height"; Value = "0.45mm"; VariantName = "[No Variations]"
Add component (AddParameter): Name = "Lead Free"; Value = "Lead Free"; VariantName = "[No Variations]"
Add component (AddParameter): Name = "Length"; Value = "1.6mm"; VariantName = "[No Variations]"
Add component (AddParameter): Name = "Manufacturer"; Value = "Yageo"; VariantName = "[No Variations]"
Add component (AddParameter): Name = "Manufacturer Part Number"; Value = "RC0603FR-071KL"; VariantName = "[No Variations]"
Add component (AddParameter): Name = "Max Operating Temperature"; Value = "155°C"; VariantName = "[No Variations]"
Add component (AddParameter): Name = "Max Power Dissipation"; Value = "100mW"; VariantName = "[No Variations]"
Add component (AddParameter): Name = "Military Standard"; Value = "Not"; VariantName = "[No Variations]"
Add component (AddParameter): Name = "Min Operating Temperature"; Value = "-55°C"; VariantName = "[No Variations]"
Add component (AddParameter): Name = "Number of Terminations"; Value = "2"; VariantName = "[No Variations]"
Add component (AddParameter): Name = "Packaging"; Value = "Tape and Reel"; VariantName = "[No Variations]"
Add component (AddParameter): Name = "Power Rating"; Value = "100mW"; VariantName = "[No Variations]"
Add component (AddParameter): Name = "Pricing 1"; Value = "1=0,10000, 10=0,02400, 100=0,00970, 1000=0,00436, 2500=0,00378 (USD)"; VariantName = "[No Variations]"
Add component (AddParameter): Name = "Radiation Hardening"; Value = "No"; VariantName = "[No Variations]"
Add component (AddParameter): Name = "REACH SVHC"; Value = "No SVHC"; VariantName = "[No Variations]"
Add component (AddParameter): Name = "Resistance"; Value = "1kR"; VariantName = "[No Variations]"
Add component (AddParameter): Name = "Resistance Tolerance"; Value = "1%"; VariantName = "[No Variations]"
Add component (AddParameter): Name = "Resistor Type"; Value = "Thick Film"; VariantName = "[No Variations]"
Add component (AddParameter): Name = "RoHS"; Value = "Yes"; VariantName = "[No Variations]"
Add component (AddParameter): Name = "RoHS Compliant"; Value = "Yes"; VariantName = "[No Variations]"
Add component (AddParameter): Name = "Series"; Value = "RC"; VariantName = "[No Variations]"
Add component (AddParameter): Name = "Size Code"; Value = "0603"; VariantName = "[No Variations]"
Add component (AddParameter): Name = "Stock 1"; Value = "9806476"; VariantName = "[No Variations]"
Add component (AddParameter): Name = "Supplier 1"; Value = "Digi-Key"; VariantName = "[No Variations]"
Add component (AddParameter): Name = "Supplier 2"; Value = "Digi-Key"; VariantName = "[No Variations]"
Add component (AddParameter): Name = "Supplier Part Number 2"; Value = "311-1.00KHRCT-ND"; VariantName = "[No Variations]"
Add component (AddParameter): Name = "Technology"; Value = "THICK FILM"; VariantName = "[No Variations]"
Add component (AddParameter): Name = "Temperature Coefficient"; Value = "100ppm/°C"; VariantName = "[No Variations]"
Add component (AddParameter): Name = "Termination"; Value = "SMD/SMT"; VariantName = "[No Variations]"
Add component (AddParameter): Name = "Tolerance"; Value = "1%"; VariantName = "[No Variations]"
Add component (AddParameter): Name = "Voltage Rating"; Value = "50V"; VariantName = "[No Variations]"
Added Component: Designator=R73(R 0603(1608))
Add component (AddParameter): Name = "Case Code (Imperial)"; Value = "0603"; VariantName = "[No Variations]"
Add component (AddParameter): Name = "Case Code (Metric)"; Value = "1608"; VariantName = "[No Variations]"
Add component (AddParameter): Name = "Case/Package"; Value = "0603"; VariantName = "[No Variations]"
Add component (AddParameter): Name = "Category"; Value = "Chip SMD Resistors"; VariantName = "[No Variations]"
Add component (AddParameter): Name = "ComponentLink1Description"; Value = "https://datasheet.ciiva.com/11819/0900766b80c66297-11819477.pdf?src-supplier=RSComponents"; VariantName = "[No Variations]"
Add component (AddParameter): Name = "ComponentLink1URL"; Value = "https://datasheet.ciiva.com/11819/0900766b80c66297-11819477.pdf?src-supplier=RSComponents"; VariantName = "[No Variations]"
Add component (AddParameter): Name = "ComponentLink2Description"; Value = "https://datasheet.ciiva.com/12666/pyu-rc0402-51-rohs-l-6-r-12666741.pdf?src-supplier=Mouser"; VariantName = "[No Variations]"
Add component (AddParameter): Name = "ComponentLink2URL"; Value = "https://datasheet.ciiva.com/12666/pyu-rc0402-51-rohs-l-6-r-12666741.pdf?src-supplier=Mouser"; VariantName = "[No Variations]"
Add component (AddParameter): Name = "ComponentLink3Description"; Value = "https://datasheet.ciiva.com/17063/pyu-rc0402-51-rohs-l-6-r-17063193.pdf?src-supplier=Future+Electronics"; VariantName = "[No Variations]"
Add component (AddParameter): Name = "ComponentLink3URL"; Value = "https://datasheet.ciiva.com/17063/pyu-rc0402-51-rohs-l-6-r-17063193.pdf?src-supplier=Future+Electronics"; VariantName = "[No Variations]"
Add component (AddParameter): Name = "ComponentLink4Description"; Value = "https://datasheet.ciiva.com/22747/1018594-22747513.pdf?src-supplier=Element14"; VariantName = "[No Variations]"
Add component (AddParameter): Name = "ComponentLink4URL"; Value = "https://datasheet.ciiva.com/22747/1018594-22747513.pdf?src-supplier=Element14"; VariantName = "[No Variations]"
Add component (AddParameter): Name = "ComponentLink5Description"; Value = "https://datasheet.ciiva.com/7849/1018594-7849869.pdf?src-supplier=Element14"; VariantName = "[No Variations]"
Add component (AddParameter): Name = "ComponentLink5URL"; Value = "https://datasheet.ciiva.com/7849/1018594-7849869.pdf?src-supplier=Element14"; VariantName = "[No Variations]"
Add component (AddParameter): Name = "ComponentLink6Description"; Value = "https://datasheet.ciiva.com/7983/1018594-7983502.pdf?src-supplier=Element14"; VariantName = "[No Variations]"
Add component (AddParameter): Name = "ComponentLink6URL"; Value = "https://datasheet.ciiva.com/7983/1018594-7983502.pdf?src-supplier=Element14"; VariantName = "[No Variations]"
Add component (AddParameter): Name = "ComponentLink7Description"; Value = "https://datasheet.ciiva.com/7849/1018594-7849871.pdf?src-supplier=Element14"; VariantName = "[No Variations]"
Add component (AddParameter): Name = "ComponentLink7URL"; Value = "https://datasheet.ciiva.com/7849/1018594-7849871.pdf?src-supplier=Element14"; VariantName = "[No Variations]"
Add component (AddParameter): Name = "ComponentLink8Description"; Value = "https://datasheet.ciiva.com/11808/0900766b80c66297-11808195.pdf?src-supplier=RSComponents"; VariantName = "[No Variations]"
Add component (AddParameter): Name = "ComponentLink8URL"; Value = "https://datasheet.ciiva.com/11808/0900766b80c66297-11808195.pdf?src-supplier=RSComponents"; VariantName = "[No Variations]"
Add component (AddParameter): Name = "ComponentLink9Description"; Value = "https://datasheet.ciiva.com/2452/pyu-rc0402-51-rohs-l-6-2452608.pdf?src-supplier=Digi-Key"; VariantName = "[No Variations]"
Add component (AddParameter): Name = "ComponentLink9URL"; Value = "https://datasheet.ciiva.com/2452/pyu-rc0402-51-rohs-l-6-2452608.pdf?src-supplier=Digi-Key"; VariantName = "[No Variations]"
Add component (AddParameter): Name = "ComponentLink10Description"; Value = "https://datasheet.ciiva.com/2452/pyu-r-int-thick-7-2452609.pdf?src-supplier=Digi-Key"; VariantName = "[No Variations]"
Add component (AddParameter): Name = "ComponentLink10URL"; Value = "https://datasheet.ciiva.com/2452/pyu-r-int-thick-7-2452609.pdf?src-supplier=Digi-Key"; VariantName = "[No Variations]"
Add component (AddParameter): Name = "ComponentLink11Description"; Value = "https://datasheet.ciiva.com/2452/pyu-r-int-thick-7-2452610.pdf?src-supplier=Digi-Key"; VariantName = "[No Variations]"
Add component (AddParameter): Name = "ComponentLink11URL"; Value = "https://datasheet.ciiva.com/2452/pyu-r-int-thick-7-2452610.pdf?src-supplier=Digi-Key"; VariantName = "[No Variations]"
Add component (AddParameter): Name = "ComponentLink12Description"; Value = "https://datasheet.ciiva.com/28386/pyu-rc0402-51-rohs-l-6-28386633.pdf?src-supplier=Avnet+Europe"; VariantName = "[No Variations]"
Add component (AddParameter): Name = "ComponentLink12URL"; Value = "https://datasheet.ciiva.com/28386/pyu-rc0402-51-rohs-l-6-28386633.pdf?src-supplier=Avnet+Europe"; VariantName = "[No Variations]"
Add component (AddParameter): Name = "ComponentLink13Description"; Value = "https://datasheet.ciiva.com/22747/1018594-22747515.pdf?src-supplier=Element14"; VariantName = "[No Variations]"
Add component (AddParameter): Name = "ComponentLink13URL"; Value = "https://datasheet.ciiva.com/22747/1018594-22747515.pdf?src-supplier=Element14"; VariantName = "[No Variations]"
Add component (AddParameter): Name = "ComponentLink14Description"; Value = "https://datasheet.ciiva.com/7983/1018594-7983535.pdf?src-supplier=Element14"; VariantName = "[No Variations]"
Add component (AddParameter): Name = "ComponentLink14URL"; Value = "https://datasheet.ciiva.com/7983/1018594-7983535.pdf?src-supplier=Element14"; VariantName = "[No Variations]"
Add component (AddParameter): Name = "ComponentLink15Description"; Value = "https://datasheet.ciiva.com/8896/pyu-rc0402-51-rohs-l-6-8896201.pdf?src-supplier=Avnet"; VariantName = "[No Variations]"
Add component (AddParameter): Name = "ComponentLink15URL"; Value = "https://datasheet.ciiva.com/8896/pyu-rc0402-51-rohs-l-6-8896201.pdf?src-supplier=Avnet"; VariantName = "[No Variations]"
Add component (AddParameter): Name = "ComponentLink16Description"; Value = "https://datasheet.ciiva.com/15189/getdatasheetpartid-326379-15189533.pdf?src-supplier=Verical"; VariantName = "[No Variations]"
Add component (AddParameter): Name = "ComponentLink16URL"; Value = "https://datasheet.ciiva.com/15189/getdatasheetpartid-326379-15189533.pdf?src-supplier=Verical"; VariantName = "[No Variations]"
Add component (AddParameter): Name = "ComponentLink17Description"; Value = "https://datasheet.ciiva.com/11808/0900766b80f96399-11808081.pdf?src-supplier=RSComponents"; VariantName = "[No Variations]"
Add component (AddParameter): Name = "ComponentLink17URL"; Value = "https://datasheet.ciiva.com/11808/0900766b80f96399-11808081.pdf?src-supplier=RSComponents"; VariantName = "[No Variations]"
Add component (AddParameter): Name = "ComponentLink18Description"; Value = "https://datasheet.ciiva.com/7746/1686128-7746280.pdf?src-supplier=Element14"; VariantName = "[No Variations]"
Add component (AddParameter): Name = "ComponentLink18URL"; Value = "https://datasheet.ciiva.com/7746/1686128-7746280.pdf?src-supplier=Element14"; VariantName = "[No Variations]"
Add component (AddParameter): Name = "ComponentLink19Description"; Value = "https://datasheet.ciiva.com/7660/1868787-7660790.pdf?src-supplier=Element14"; VariantName = "[No Variations]"
Add component (AddParameter): Name = "ComponentLink19URL"; Value = "https://datasheet.ciiva.com/7660/1868787-7660790.pdf?src-supplier=Element14"; VariantName = "[No Variations]"
Add component (AddParameter): Name = "ComponentLink20Description"; Value = "https://datasheet.ciiva.com/7983/443971-7983613.pdf?src-supplier=Element14"; VariantName = "[No Variations]"
Add component (AddParameter): Name = "ComponentLink20URL"; Value = "https://datasheet.ciiva.com/7983/443971-7983613.pdf?src-supplier=Element14"; VariantName = "[No Variations]"
Add component (AddParameter): Name = "ComponentLink21Description"; Value = "https://datasheet.ciiva.com/7746/1738695-7746281.pdf?src-supplier=Element14"; VariantName = "[No Variations]"
Add component (AddParameter): Name = "ComponentLink21URL"; Value = "https://datasheet.ciiva.com/7746/1738695-7746281.pdf?src-supplier=Element14"; VariantName = "[No Variations]"
Add component (AddParameter): Name = "ComponentLink22Description"; Value = "https://datasheet.ciiva.com/7746/1738695-7746279.pdf?src-supplier=Element14"; VariantName = "[No Variations]"
Add component (AddParameter): Name = "ComponentLink22URL"; Value = "https://datasheet.ciiva.com/7746/1738695-7746279.pdf?src-supplier=Element14"; VariantName = "[No Variations]"
Add component (AddParameter): Name = "ComponentLink23Description"; Value = "https://datasheet.ciiva.com/8896/pyu-rc0603-51-rohs-l-4-8896106.pdf?src-supplier=Avnet"; VariantName = "[No Variations]"
Add component (AddParameter): Name = "ComponentLink23URL"; Value = "https://datasheet.ciiva.com/8896/pyu-rc0603-51-rohs-l-4-8896106.pdf?src-supplier=Avnet"; VariantName = "[No Variations]"
Add component (AddParameter): Name = "ComponentLink24Description"; Value = "https://datasheet.ciiva.com/15189/getdatasheetpartid-404327-15189644.pdf?src-supplier=Verical"; VariantName = "[No Variations]"
Add component (AddParameter): Name = "ComponentLink24URL"; Value = "https://datasheet.ciiva.com/15189/getdatasheetpartid-404327-15189644.pdf?src-supplier=Verical"; VariantName = "[No Variations]"
Add component (AddParameter): Name = "ComponentLink25Description"; Value = "https://datasheet.ciiva.com/28386/pyu-rc0603-51-rohs-l-4-28386648.pdf?src-supplier=Avnet+Europe"; VariantName = "[No Variations]"
Add component (AddParameter): Name = "ComponentLink25URL"; Value = "https://datasheet.ciiva.com/28386/pyu-rc0603-51-rohs-l-4-28386648.pdf?src-supplier=Avnet+Europe"; VariantName = "[No Variations]"
Add component (AddParameter): Name = "ComponentLink26Description"; Value = "https://datasheet.ciiva.com/25906/pyu-rc0603-51-rohs-l-4-25906933.pdf?src-supplier=Avnet+Europe"; VariantName = "[No Variations]"
Add component (AddParameter): Name = "ComponentLink26URL"; Value = "https://datasheet.ciiva.com/25906/pyu-rc0603-51-rohs-l-4-25906933.pdf?src-supplier=Avnet+Europe"; VariantName = "[No Variations]"
Add component (AddParameter): Name = "ComponentLink27Description"; Value = "https://datasheet.ciiva.com/15189/getdatasheetpartid-422754-15189760.pdf?src-supplier=Verical"; VariantName = "[No Variations]"
Add component (AddParameter): Name = "ComponentLink27URL"; Value = "https://datasheet.ciiva.com/15189/getdatasheetpartid-422754-15189760.pdf?src-supplier=Verical"; VariantName = "[No Variations]"
Add component (AddParameter): Name = "ComponentLink28Description"; Value = "https://datasheet.ciiva.com/22747/443971-22747528.pdf?src-supplier=Element14"; VariantName = "[No Variations]"
Add component (AddParameter): Name = "ComponentLink28URL"; Value = "https://datasheet.ciiva.com/22747/443971-22747528.pdf?src-supplier=Element14"; VariantName = "[No Variations]"
Add component (AddParameter): Name = "ComponentLink29Description"; Value = "https://datasheet.ciiva.com/7660/38590-7660794.pdf?src-supplier=Element14"; VariantName = "[No Variations]"
Add component (AddParameter): Name = "ComponentLink29URL"; Value = "https://datasheet.ciiva.com/7660/38590-7660794.pdf?src-supplier=Element14"; VariantName = "[No Variations]"
Add component (AddParameter): Name = "ComponentLink30Description"; Value = "https://datasheet.ciiva.com/7746/1868787-7746365.pdf?src-supplier=Element14"; VariantName = "[No Variations]"
Add component (AddParameter): Name = "ComponentLink30URL"; Value = "https://datasheet.ciiva.com/7746/1868787-7746365.pdf?src-supplier=Element14"; VariantName = "[No Variations]"
Add component (AddParameter): Name = "ComponentLink31Description"; Value = "https://datasheet.ciiva.com/46440/1868787-46440909.pdf?src-supplier=Element14"; VariantName = "[No Variations]"
Add component (AddParameter): Name = "ComponentLink31URL"; Value = "https://datasheet.ciiva.com/46440/1868787-46440909.pdf?src-supplier=Element14"; VariantName = "[No Variations]"
Add component (AddParameter): Name = "ComponentLink32Description"; Value = "https://datasheet.ciiva.com/7746/1738695-7746366.pdf?src-supplier=Element14"; VariantName = "[No Variations]"
Add component (AddParameter): Name = "ComponentLink32URL"; Value = "https://datasheet.ciiva.com/7746/1738695-7746366.pdf?src-supplier=Element14"; VariantName = "[No Variations]"
Add component (AddParameter): Name = "Construction"; Value = "Rectangular"; VariantName = "[No Variations]"
Add component (AddParameter): Name = "Depth"; Value = "0.8mm"; VariantName = "[No Variations]"
Add component (AddParameter): Name = "Features"; Value = "Moisture Resistant"; VariantName = "[No Variations]"
Add component (AddParameter): Name = "Height"; Value = "0.45mm"; VariantName = "[No Variations]"
Add component (AddParameter): Name = "Lead Free"; Value = "Lead Free"; VariantName = "[No Variations]"
Add component (AddParameter): Name = "Lead Pitch"; Value = "0.3mm"; VariantName = "[No Variations]"
Add component (AddParameter): Name = "Length"; Value = "1.6mm"; VariantName = "[No Variations]"
Add component (AddParameter): Name = "Manufacturer"; Value = "Yageo"; VariantName = "[No Variations]"
Add component (AddParameter): Name = "Manufacturer Part Number"; Value = "RC0603FR-074K7L"; VariantName = "[No Variations]"
Add component (AddParameter): Name = "Max Operating Temperature"; Value = "155°C"; VariantName = "[No Variations]"
Add component (AddParameter): Name = "Max Power Dissipation"; Value = "100mW"; VariantName = "[No Variations]"
Add component (AddParameter): Name = "Military Standard"; Value = "Not"; VariantName = "[No Variations]"
Add component (AddParameter): Name = "Min Operating Temperature"; Value = "-55°C"; VariantName = "[No Variations]"
Add component (AddParameter): Name = "Number of Pins"; Value = "2"; VariantName = "[No Variations]"
Add component (AddParameter): Name = "Number of Terminations"; Value = "2"; VariantName = "[No Variations]"
Add component (AddParameter): Name = "Packaging"; Value = "Tape and Reel"; VariantName = "[No Variations]"
Add component (AddParameter): Name = "Power Rating"; Value = "100mW"; VariantName = "[No Variations]"
Add component (AddParameter): Name = "Pricing 1"; Value = "1=0,10000, 10=0,02400, 100=0,00970, 1000=0,00436, 2500=0,00378 (USD)"; VariantName = "[No Variations]"
Add component (AddParameter): Name = "REACH SVHC"; Value = "No SVHC"; VariantName = "[No Variations]"
Add component (AddParameter): Name = "Resistance"; Value = "4.7kR"; VariantName = "[No Variations]"
Add component (AddParameter): Name = "Resistance Tolerance"; Value = "1%"; VariantName = "[No Variations]"
Add component (AddParameter): Name = "Resistor Type"; Value = "Thick Film"; VariantName = "[No Variations]"
Add component (AddParameter): Name = "RoHS"; Value = "Yes"; VariantName = "[No Variations]"
Add component (AddParameter): Name = "RoHS Compliant"; Value = "Yes"; VariantName = "[No Variations]"
Add component (AddParameter): Name = "Series"; Value = "RC"; VariantName = "[No Variations]"
Add component (AddParameter): Name = "Size Code"; Value = "0603"; VariantName = "[No Variations]"
Add component (AddParameter): Name = "Stock 1"; Value = "1306882"; VariantName = "[No Variations]"
Add component (AddParameter): Name = "Supplier 1"; Value = "Digi-Key"; VariantName = "[No Variations]"
Add component (AddParameter): Name = "Supplier Part Number 1"; Value = "311-4.70KHRCT-ND"; VariantName = "[No Variations]"
Add component (AddParameter): Name = "Temperature Coefficient"; Value = "100ppm/°C"; VariantName = "[No Variations]"
Add component (AddParameter): Name = "Termination"; Value = "SMD/SMT"; VariantName = "[No Variations]"
Add component (AddParameter): Name = "Tolerance"; Value = "1%"; VariantName = "[No Variations]"
Add component (AddParameter): Name = "Voltage Rating"; Value = "50V"; VariantName = "[No Variations]"
Add component (AddParameter): Name = "Voltage Rating (DC)"; Value = "50V"; VariantName = "[No Variations]"
Add component (AddParameter): Name = "Width"; Value = "0.8mm"; VariantName = "[No Variations]"
Added Component: Designator=R74(R 0603(1608))
Add component (AddParameter): Name = "Case Code (Imperial)"; Value = "0603"; VariantName = "[No Variations]"
Add component (AddParameter): Name = "Case Code (Metric)"; Value = "1608"; VariantName = "[No Variations]"
Add component (AddParameter): Name = "Case/Package"; Value = "0603"; VariantName = "[No Variations]"
Add component (AddParameter): Name = "Category"; Value = "Chip SMD Resistors"; VariantName = "[No Variations]"
Add component (AddParameter): Name = "ComponentLink1Description"; Value = "https://datasheet.ciiva.com/11819/0900766b80c66297-11819477.pdf?src-supplier=RSComponents"; VariantName = "[No Variations]"
Add component (AddParameter): Name = "ComponentLink1URL"; Value = "https://datasheet.ciiva.com/11819/0900766b80c66297-11819477.pdf?src-supplier=RSComponents"; VariantName = "[No Variations]"
Add component (AddParameter): Name = "ComponentLink2Description"; Value = "https://datasheet.ciiva.com/12666/pyu-rc0402-51-rohs-l-6-r-12666741.pdf?src-supplier=Mouser"; VariantName = "[No Variations]"
Add component (AddParameter): Name = "ComponentLink2URL"; Value = "https://datasheet.ciiva.com/12666/pyu-rc0402-51-rohs-l-6-r-12666741.pdf?src-supplier=Mouser"; VariantName = "[No Variations]"
Add component (AddParameter): Name = "ComponentLink3Description"; Value = "https://datasheet.ciiva.com/17063/pyu-rc0402-51-rohs-l-6-r-17063193.pdf?src-supplier=Future+Electronics"; VariantName = "[No Variations]"
Add component (AddParameter): Name = "ComponentLink3URL"; Value = "https://datasheet.ciiva.com/17063/pyu-rc0402-51-rohs-l-6-r-17063193.pdf?src-supplier=Future+Electronics"; VariantName = "[No Variations]"
Add component (AddParameter): Name = "ComponentLink4Description"; Value = "https://datasheet.ciiva.com/22747/1018594-22747513.pdf?src-supplier=Element14"; VariantName = "[No Variations]"
Add component (AddParameter): Name = "ComponentLink4URL"; Value = "https://datasheet.ciiva.com/22747/1018594-22747513.pdf?src-supplier=Element14"; VariantName = "[No Variations]"
Add component (AddParameter): Name = "ComponentLink5Description"; Value = "https://datasheet.ciiva.com/7849/1018594-7849869.pdf?src-supplier=Element14"; VariantName = "[No Variations]"
Add component (AddParameter): Name = "ComponentLink5URL"; Value = "https://datasheet.ciiva.com/7849/1018594-7849869.pdf?src-supplier=Element14"; VariantName = "[No Variations]"
Add component (AddParameter): Name = "ComponentLink6Description"; Value = "https://datasheet.ciiva.com/7983/1018594-7983502.pdf?src-supplier=Element14"; VariantName = "[No Variations]"
Add component (AddParameter): Name = "ComponentLink6URL"; Value = "https://datasheet.ciiva.com/7983/1018594-7983502.pdf?src-supplier=Element14"; VariantName = "[No Variations]"
Add component (AddParameter): Name = "ComponentLink7Description"; Value = "https://datasheet.ciiva.com/7849/1018594-7849871.pdf?src-supplier=Element14"; VariantName = "[No Variations]"
Add component (AddParameter): Name = "ComponentLink7URL"; Value = "https://datasheet.ciiva.com/7849/1018594-7849871.pdf?src-supplier=Element14"; VariantName = "[No Variations]"
Add component (AddParameter): Name = "ComponentLink8Description"; Value = "https://datasheet.ciiva.com/11808/0900766b80c66297-11808195.pdf?src-supplier=RSComponents"; VariantName = "[No Variations]"
Add component (AddParameter): Name = "ComponentLink8URL"; Value = "https://datasheet.ciiva.com/11808/0900766b80c66297-11808195.pdf?src-supplier=RSComponents"; VariantName = "[No Variations]"
Add component (AddParameter): Name = "ComponentLink9Description"; Value = "https://datasheet.ciiva.com/2452/pyu-rc0402-51-rohs-l-6-2452608.pdf?src-supplier=Digi-Key"; VariantName = "[No Variations]"
Add component (AddParameter): Name = "ComponentLink9URL"; Value = "https://datasheet.ciiva.com/2452/pyu-rc0402-51-rohs-l-6-2452608.pdf?src-supplier=Digi-Key"; VariantName = "[No Variations]"
Add component (AddParameter): Name = "ComponentLink10Description"; Value = "https://datasheet.ciiva.com/2452/pyu-r-int-thick-7-2452609.pdf?src-supplier=Digi-Key"; VariantName = "[No Variations]"
Add component (AddParameter): Name = "ComponentLink10URL"; Value = "https://datasheet.ciiva.com/2452/pyu-r-int-thick-7-2452609.pdf?src-supplier=Digi-Key"; VariantName = "[No Variations]"
Add component (AddParameter): Name = "ComponentLink11Description"; Value = "https://datasheet.ciiva.com/2452/pyu-r-int-thick-7-2452610.pdf?src-supplier=Digi-Key"; VariantName = "[No Variations]"
Add component (AddParameter): Name = "ComponentLink11URL"; Value = "https://datasheet.ciiva.com/2452/pyu-r-int-thick-7-2452610.pdf?src-supplier=Digi-Key"; VariantName = "[No Variations]"
Add component (AddParameter): Name = "ComponentLink12Description"; Value = "https://datasheet.ciiva.com/28386/pyu-rc0402-51-rohs-l-6-28386633.pdf?src-supplier=Avnet+Europe"; VariantName = "[No Variations]"
Add component (AddParameter): Name = "ComponentLink12URL"; Value = "https://datasheet.ciiva.com/28386/pyu-rc0402-51-rohs-l-6-28386633.pdf?src-supplier=Avnet+Europe"; VariantName = "[No Variations]"
Add component (AddParameter): Name = "ComponentLink13Description"; Value = "https://datasheet.ciiva.com/22747/1018594-22747515.pdf?src-supplier=Element14"; VariantName = "[No Variations]"
Add component (AddParameter): Name = "ComponentLink13URL"; Value = "https://datasheet.ciiva.com/22747/1018594-22747515.pdf?src-supplier=Element14"; VariantName = "[No Variations]"
Add component (AddParameter): Name = "ComponentLink14Description"; Value = "https://datasheet.ciiva.com/7983/1018594-7983535.pdf?src-supplier=Element14"; VariantName = "[No Variations]"
Add component (AddParameter): Name = "ComponentLink14URL"; Value = "https://datasheet.ciiva.com/7983/1018594-7983535.pdf?src-supplier=Element14"; VariantName = "[No Variations]"
Add component (AddParameter): Name = "ComponentLink15Description"; Value = "https://datasheet.ciiva.com/8896/pyu-rc0402-51-rohs-l-6-8896201.pdf?src-supplier=Avnet"; VariantName = "[No Variations]"
Add component (AddParameter): Name = "ComponentLink15URL"; Value = "https://datasheet.ciiva.com/8896/pyu-rc0402-51-rohs-l-6-8896201.pdf?src-supplier=Avnet"; VariantName = "[No Variations]"
Add component (AddParameter): Name = "ComponentLink16Description"; Value = "https://datasheet.ciiva.com/15189/getdatasheetpartid-326379-15189533.pdf?src-supplier=Verical"; VariantName = "[No Variations]"
Add component (AddParameter): Name = "ComponentLink16URL"; Value = "https://datasheet.ciiva.com/15189/getdatasheetpartid-326379-15189533.pdf?src-supplier=Verical"; VariantName = "[No Variations]"
Add component (AddParameter): Name = "ComponentLink17Description"; Value = "https://datasheet.ciiva.com/11808/0900766b80f96399-11808081.pdf?src-supplier=RSComponents"; VariantName = "[No Variations]"
Add component (AddParameter): Name = "ComponentLink17URL"; Value = "https://datasheet.ciiva.com/11808/0900766b80f96399-11808081.pdf?src-supplier=RSComponents"; VariantName = "[No Variations]"
Add component (AddParameter): Name = "ComponentLink18Description"; Value = "https://datasheet.ciiva.com/7746/1686128-7746280.pdf?src-supplier=Element14"; VariantName = "[No Variations]"
Add component (AddParameter): Name = "ComponentLink18URL"; Value = "https://datasheet.ciiva.com/7746/1686128-7746280.pdf?src-supplier=Element14"; VariantName = "[No Variations]"
Add component (AddParameter): Name = "ComponentLink19Description"; Value = "https://datasheet.ciiva.com/7660/1868787-7660790.pdf?src-supplier=Element14"; VariantName = "[No Variations]"
Add component (AddParameter): Name = "ComponentLink19URL"; Value = "https://datasheet.ciiva.com/7660/1868787-7660790.pdf?src-supplier=Element14"; VariantName = "[No Variations]"
Add component (AddParameter): Name = "ComponentLink20Description"; Value = "https://datasheet.ciiva.com/7983/443971-7983613.pdf?src-supplier=Element14"; VariantName = "[No Variations]"
Add component (AddParameter): Name = "ComponentLink20URL"; Value = "https://datasheet.ciiva.com/7983/443971-7983613.pdf?src-supplier=Element14"; VariantName = "[No Variations]"
Add component (AddParameter): Name = "ComponentLink21Description"; Value = "https://datasheet.ciiva.com/7746/1738695-7746281.pdf?src-supplier=Element14"; VariantName = "[No Variations]"
Add component (AddParameter): Name = "ComponentLink21URL"; Value = "https://datasheet.ciiva.com/7746/1738695-7746281.pdf?src-supplier=Element14"; VariantName = "[No Variations]"
Add component (AddParameter): Name = "ComponentLink22Description"; Value = "https://datasheet.ciiva.com/7746/1738695-7746279.pdf?src-supplier=Element14"; VariantName = "[No Variations]"
Add component (AddParameter): Name = "ComponentLink22URL"; Value = "https://datasheet.ciiva.com/7746/1738695-7746279.pdf?src-supplier=Element14"; VariantName = "[No Variations]"
Add component (AddParameter): Name = "ComponentLink23Description"; Value = "https://datasheet.ciiva.com/8896/pyu-rc0603-51-rohs-l-4-8896106.pdf?src-supplier=Avnet"; VariantName = "[No Variations]"
Add component (AddParameter): Name = "ComponentLink23URL"; Value = "https://datasheet.ciiva.com/8896/pyu-rc0603-51-rohs-l-4-8896106.pdf?src-supplier=Avnet"; VariantName = "[No Variations]"
Add component (AddParameter): Name = "ComponentLink24Description"; Value = "https://datasheet.ciiva.com/15189/getdatasheetpartid-404327-15189644.pdf?src-supplier=Verical"; VariantName = "[No Variations]"
Add component (AddParameter): Name = "ComponentLink24URL"; Value = "https://datasheet.ciiva.com/15189/getdatasheetpartid-404327-15189644.pdf?src-supplier=Verical"; VariantName = "[No Variations]"
Add component (AddParameter): Name = "ComponentLink25Description"; Value = "https://datasheet.ciiva.com/28386/pyu-rc0603-51-rohs-l-4-28386648.pdf?src-supplier=Avnet+Europe"; VariantName = "[No Variations]"
Add component (AddParameter): Name = "ComponentLink25URL"; Value = "https://datasheet.ciiva.com/28386/pyu-rc0603-51-rohs-l-4-28386648.pdf?src-supplier=Avnet+Europe"; VariantName = "[No Variations]"
Add component (AddParameter): Name = "ComponentLink26Description"; Value = "https://datasheet.ciiva.com/25906/pyu-rc0603-51-rohs-l-4-25906933.pdf?src-supplier=Avnet+Europe"; VariantName = "[No Variations]"
Add component (AddParameter): Name = "ComponentLink26URL"; Value = "https://datasheet.ciiva.com/25906/pyu-rc0603-51-rohs-l-4-25906933.pdf?src-supplier=Avnet+Europe"; VariantName = "[No Variations]"
Add component (AddParameter): Name = "ComponentLink27Description"; Value = "https://datasheet.ciiva.com/15189/getdatasheetpartid-422754-15189760.pdf?src-supplier=Verical"; VariantName = "[No Variations]"
Add component (AddParameter): Name = "ComponentLink27URL"; Value = "https://datasheet.ciiva.com/15189/getdatasheetpartid-422754-15189760.pdf?src-supplier=Verical"; VariantName = "[No Variations]"
Add component (AddParameter): Name = "ComponentLink28Description"; Value = "https://datasheet.ciiva.com/22747/443971-22747528.pdf?src-supplier=Element14"; VariantName = "[No Variations]"
Add component (AddParameter): Name = "ComponentLink28URL"; Value = "https://datasheet.ciiva.com/22747/443971-22747528.pdf?src-supplier=Element14"; VariantName = "[No Variations]"
Add component (AddParameter): Name = "ComponentLink29Description"; Value = "https://datasheet.ciiva.com/7660/38590-7660794.pdf?src-supplier=Element14"; VariantName = "[No Variations]"
Add component (AddParameter): Name = "ComponentLink29URL"; Value = "https://datasheet.ciiva.com/7660/38590-7660794.pdf?src-supplier=Element14"; VariantName = "[No Variations]"
Add component (AddParameter): Name = "ComponentLink30Description"; Value = "https://datasheet.ciiva.com/7746/1868787-7746365.pdf?src-supplier=Element14"; VariantName = "[No Variations]"
Add component (AddParameter): Name = "ComponentLink30URL"; Value = "https://datasheet.ciiva.com/7746/1868787-7746365.pdf?src-supplier=Element14"; VariantName = "[No Variations]"
Add component (AddParameter): Name = "ComponentLink31Description"; Value = "https://datasheet.ciiva.com/46440/1868787-46440909.pdf?src-supplier=Element14"; VariantName = "[No Variations]"
Add component (AddParameter): Name = "ComponentLink31URL"; Value = "https://datasheet.ciiva.com/46440/1868787-46440909.pdf?src-supplier=Element14"; VariantName = "[No Variations]"
Add component (AddParameter): Name = "ComponentLink32Description"; Value = "https://datasheet.ciiva.com/7746/1738695-7746366.pdf?src-supplier=Element14"; VariantName = "[No Variations]"
Add component (AddParameter): Name = "ComponentLink32URL"; Value = "https://datasheet.ciiva.com/7746/1738695-7746366.pdf?src-supplier=Element14"; VariantName = "[No Variations]"
Add component (AddParameter): Name = "Construction"; Value = "Rectangular"; VariantName = "[No Variations]"
Add component (AddParameter): Name = "Depth"; Value = "0.8mm"; VariantName = "[No Variations]"
Add component (AddParameter): Name = "Features"; Value = "Moisture Resistant"; VariantName = "[No Variations]"
Add component (AddParameter): Name = "Height"; Value = "0.45mm"; VariantName = "[No Variations]"
Add component (AddParameter): Name = "Lead Free"; Value = "Lead Free"; VariantName = "[No Variations]"
Add component (AddParameter): Name = "Lead Pitch"; Value = "0.3mm"; VariantName = "[No Variations]"
Add component (AddParameter): Name = "Length"; Value = "1.6mm"; VariantName = "[No Variations]"
Add component (AddParameter): Name = "Manufacturer"; Value = "Yageo"; VariantName = "[No Variations]"
Add component (AddParameter): Name = "Manufacturer Part Number"; Value = "RC0603FR-074K7L"; VariantName = "[No Variations]"
Add component (AddParameter): Name = "Max Operating Temperature"; Value = "155°C"; VariantName = "[No Variations]"
Add component (AddParameter): Name = "Max Power Dissipation"; Value = "100mW"; VariantName = "[No Variations]"
Add component (AddParameter): Name = "Military Standard"; Value = "Not"; VariantName = "[No Variations]"
Add component (AddParameter): Name = "Min Operating Temperature"; Value = "-55°C"; VariantName = "[No Variations]"
Add component (AddParameter): Name = "Number of Pins"; Value = "2"; VariantName = "[No Variations]"
Add component (AddParameter): Name = "Number of Terminations"; Value = "2"; VariantName = "[No Variations]"
Add component (AddParameter): Name = "Packaging"; Value = "Tape and Reel"; VariantName = "[No Variations]"
Add component (AddParameter): Name = "Power Rating"; Value = "100mW"; VariantName = "[No Variations]"
Add component (AddParameter): Name = "Pricing 1"; Value = "1=0,10000, 10=0,02400, 100=0,00970, 1000=0,00436, 2500=0,00378 (USD)"; VariantName = "[No Variations]"
Add component (AddParameter): Name = "REACH SVHC"; Value = "No SVHC"; VariantName = "[No Variations]"
Add component (AddParameter): Name = "Resistance"; Value = "4.7kR"; VariantName = "[No Variations]"
Add component (AddParameter): Name = "Resistance Tolerance"; Value = "1%"; VariantName = "[No Variations]"
Add component (AddParameter): Name = "Resistor Type"; Value = "Thick Film"; VariantName = "[No Variations]"
Add component (AddParameter): Name = "RoHS"; Value = "Yes"; VariantName = "[No Variations]"
Add component (AddParameter): Name = "RoHS Compliant"; Value = "Yes"; VariantName = "[No Variations]"
Add component (AddParameter): Name = "Series"; Value = "RC"; VariantName = "[No Variations]"
Add component (AddParameter): Name = "Size Code"; Value = "0603"; VariantName = "[No Variations]"
Add component (AddParameter): Name = "Stock 1"; Value = "1306882"; VariantName = "[No Variations]"
Add component (AddParameter): Name = "Supplier 1"; Value = "Digi-Key"; VariantName = "[No Variations]"
Add component (AddParameter): Name = "Supplier Part Number 1"; Value = "311-4.70KHRCT-ND"; VariantName = "[No Variations]"
Add component (AddParameter): Name = "Temperature Coefficient"; Value = "100ppm/°C"; VariantName = "[No Variations]"
Add component (AddParameter): Name = "Termination"; Value = "SMD/SMT"; VariantName = "[No Variations]"
Add component (AddParameter): Name = "Tolerance"; Value = "1%"; VariantName = "[No Variations]"
Add component (AddParameter): Name = "Voltage Rating"; Value = "50V"; VariantName = "[No Variations]"
Add component (AddParameter): Name = "Voltage Rating (DC)"; Value = "50V"; VariantName = "[No Variations]"
Add component (AddParameter): Name = "Width"; Value = "0.8mm"; VariantName = "[No Variations]"
Added Component: Designator=R75(SMR0603)
Add component (AddParameter): Name = "Manufacturer Part Number"; Value = "CRCW06032K00FKEB"; VariantName = "[No Variations]"
Add component (AddParameter): Name = "Order Code"; Value = "DIGI: 541-CRCW06032K00FKEBTR-ND"; VariantName = "[No Variations]"
Add component (AddParameter): Name = "Value"; Value = "2k %1"; VariantName = "[No Variations]"
Added Component: Designator=R76(R 0603(1608))
Add component (AddParameter): Name = "Case Code (Imperial)"; Value = "0603"; VariantName = "[No Variations]"
Add component (AddParameter): Name = "Case Code (Metric)"; Value = "1608"; VariantName = "[No Variations]"
Add component (AddParameter): Name = "Case/Package"; Value = "0603"; VariantName = "[No Variations]"
Add component (AddParameter): Name = "Category"; Value = "Chip SMD Resistors"; VariantName = "[No Variations]"
Add component (AddParameter): Name = "ComponentLink1Description"; Value = "https://datasheet.ciiva.com/11819/0900766b80c66297-11819477.pdf?src-supplier=RSComponents"; VariantName = "[No Variations]"
Add component (AddParameter): Name = "ComponentLink1URL"; Value = "https://datasheet.ciiva.com/11819/0900766b80c66297-11819477.pdf?src-supplier=RSComponents"; VariantName = "[No Variations]"
Add component (AddParameter): Name = "ComponentLink2Description"; Value = "https://datasheet.ciiva.com/12666/pyu-rc0402-51-rohs-l-6-r-12666741.pdf?src-supplier=Mouser"; VariantName = "[No Variations]"
Add component (AddParameter): Name = "ComponentLink2URL"; Value = "https://datasheet.ciiva.com/12666/pyu-rc0402-51-rohs-l-6-r-12666741.pdf?src-supplier=Mouser"; VariantName = "[No Variations]"
Add component (AddParameter): Name = "ComponentLink3Description"; Value = "https://datasheet.ciiva.com/17063/pyu-rc0402-51-rohs-l-6-r-17063193.pdf?src-supplier=Future+Electronics"; VariantName = "[No Variations]"
Add component (AddParameter): Name = "ComponentLink3URL"; Value = "https://datasheet.ciiva.com/17063/pyu-rc0402-51-rohs-l-6-r-17063193.pdf?src-supplier=Future+Electronics"; VariantName = "[No Variations]"
Add component (AddParameter): Name = "ComponentLink4Description"; Value = "https://datasheet.ciiva.com/22747/1018594-22747513.pdf?src-supplier=Element14"; VariantName = "[No Variations]"
Add component (AddParameter): Name = "ComponentLink4URL"; Value = "https://datasheet.ciiva.com/22747/1018594-22747513.pdf?src-supplier=Element14"; VariantName = "[No Variations]"
Add component (AddParameter): Name = "ComponentLink5Description"; Value = "https://datasheet.ciiva.com/7849/1018594-7849869.pdf?src-supplier=Element14"; VariantName = "[No Variations]"
Add component (AddParameter): Name = "ComponentLink5URL"; Value = "https://datasheet.ciiva.com/7849/1018594-7849869.pdf?src-supplier=Element14"; VariantName = "[No Variations]"
Add component (AddParameter): Name = "ComponentLink6Description"; Value = "https://datasheet.ciiva.com/7983/1018594-7983502.pdf?src-supplier=Element14"; VariantName = "[No Variations]"
Add component (AddParameter): Name = "ComponentLink6URL"; Value = "https://datasheet.ciiva.com/7983/1018594-7983502.pdf?src-supplier=Element14"; VariantName = "[No Variations]"
Add component (AddParameter): Name = "ComponentLink7Description"; Value = "https://datasheet.ciiva.com/7849/1018594-7849871.pdf?src-supplier=Element14"; VariantName = "[No Variations]"
Add component (AddParameter): Name = "ComponentLink7URL"; Value = "https://datasheet.ciiva.com/7849/1018594-7849871.pdf?src-supplier=Element14"; VariantName = "[No Variations]"
Add component (AddParameter): Name = "ComponentLink8Description"; Value = "https://datasheet.ciiva.com/11808/0900766b80c66297-11808195.pdf?src-supplier=RSComponents"; VariantName = "[No Variations]"
Add component (AddParameter): Name = "ComponentLink8URL"; Value = "https://datasheet.ciiva.com/11808/0900766b80c66297-11808195.pdf?src-supplier=RSComponents"; VariantName = "[No Variations]"
Add component (AddParameter): Name = "ComponentLink9Description"; Value = "https://datasheet.ciiva.com/2452/pyu-rc0402-51-rohs-l-6-2452608.pdf?src-supplier=Digi-Key"; VariantName = "[No Variations]"
Add component (AddParameter): Name = "ComponentLink9URL"; Value = "https://datasheet.ciiva.com/2452/pyu-rc0402-51-rohs-l-6-2452608.pdf?src-supplier=Digi-Key"; VariantName = "[No Variations]"
Add component (AddParameter): Name = "ComponentLink10Description"; Value = "https://datasheet.ciiva.com/2452/pyu-r-int-thick-7-2452609.pdf?src-supplier=Digi-Key"; VariantName = "[No Variations]"
Add component (AddParameter): Name = "ComponentLink10URL"; Value = "https://datasheet.ciiva.com/2452/pyu-r-int-thick-7-2452609.pdf?src-supplier=Digi-Key"; VariantName = "[No Variations]"
Add component (AddParameter): Name = "ComponentLink11Description"; Value = "https://datasheet.ciiva.com/2452/pyu-r-int-thick-7-2452610.pdf?src-supplier=Digi-Key"; VariantName = "[No Variations]"
Add component (AddParameter): Name = "ComponentLink11URL"; Value = "https://datasheet.ciiva.com/2452/pyu-r-int-thick-7-2452610.pdf?src-supplier=Digi-Key"; VariantName = "[No Variations]"
Add component (AddParameter): Name = "ComponentLink12Description"; Value = "https://datasheet.ciiva.com/28386/pyu-rc0402-51-rohs-l-6-28386633.pdf?src-supplier=Avnet+Europe"; VariantName = "[No Variations]"
Add component (AddParameter): Name = "ComponentLink12URL"; Value = "https://datasheet.ciiva.com/28386/pyu-rc0402-51-rohs-l-6-28386633.pdf?src-supplier=Avnet+Europe"; VariantName = "[No Variations]"
Add component (AddParameter): Name = "ComponentLink13Description"; Value = "https://datasheet.ciiva.com/22747/1018594-22747515.pdf?src-supplier=Element14"; VariantName = "[No Variations]"
Add component (AddParameter): Name = "ComponentLink13URL"; Value = "https://datasheet.ciiva.com/22747/1018594-22747515.pdf?src-supplier=Element14"; VariantName = "[No Variations]"
Add component (AddParameter): Name = "ComponentLink14Description"; Value = "https://datasheet.ciiva.com/7983/1018594-7983535.pdf?src-supplier=Element14"; VariantName = "[No Variations]"
Add component (AddParameter): Name = "ComponentLink14URL"; Value = "https://datasheet.ciiva.com/7983/1018594-7983535.pdf?src-supplier=Element14"; VariantName = "[No Variations]"
Add component (AddParameter): Name = "ComponentLink15Description"; Value = "https://datasheet.ciiva.com/8896/pyu-rc0402-51-rohs-l-6-8896201.pdf?src-supplier=Avnet"; VariantName = "[No Variations]"
Add component (AddParameter): Name = "ComponentLink15URL"; Value = "https://datasheet.ciiva.com/8896/pyu-rc0402-51-rohs-l-6-8896201.pdf?src-supplier=Avnet"; VariantName = "[No Variations]"
Add component (AddParameter): Name = "ComponentLink16Description"; Value = "https://datasheet.ciiva.com/15189/getdatasheetpartid-326379-15189533.pdf?src-supplier=Verical"; VariantName = "[No Variations]"
Add component (AddParameter): Name = "ComponentLink16URL"; Value = "https://datasheet.ciiva.com/15189/getdatasheetpartid-326379-15189533.pdf?src-supplier=Verical"; VariantName = "[No Variations]"
Add component (AddParameter): Name = "ComponentLink17Description"; Value = "https://datasheet.ciiva.com/11808/0900766b80f96399-11808081.pdf?src-supplier=RSComponents"; VariantName = "[No Variations]"
Add component (AddParameter): Name = "ComponentLink17URL"; Value = "https://datasheet.ciiva.com/11808/0900766b80f96399-11808081.pdf?src-supplier=RSComponents"; VariantName = "[No Variations]"
Add component (AddParameter): Name = "ComponentLink18Description"; Value = "https://datasheet.ciiva.com/7746/1686128-7746280.pdf?src-supplier=Element14"; VariantName = "[No Variations]"
Add component (AddParameter): Name = "ComponentLink18URL"; Value = "https://datasheet.ciiva.com/7746/1686128-7746280.pdf?src-supplier=Element14"; VariantName = "[No Variations]"
Add component (AddParameter): Name = "ComponentLink19Description"; Value = "https://datasheet.ciiva.com/7660/1868787-7660790.pdf?src-supplier=Element14"; VariantName = "[No Variations]"
Add component (AddParameter): Name = "ComponentLink19URL"; Value = "https://datasheet.ciiva.com/7660/1868787-7660790.pdf?src-supplier=Element14"; VariantName = "[No Variations]"
Add component (AddParameter): Name = "ComponentLink20Description"; Value = "https://datasheet.ciiva.com/7983/443971-7983613.pdf?src-supplier=Element14"; VariantName = "[No Variations]"
Add component (AddParameter): Name = "ComponentLink20URL"; Value = "https://datasheet.ciiva.com/7983/443971-7983613.pdf?src-supplier=Element14"; VariantName = "[No Variations]"
Add component (AddParameter): Name = "ComponentLink21Description"; Value = "https://datasheet.ciiva.com/7746/1738695-7746281.pdf?src-supplier=Element14"; VariantName = "[No Variations]"
Add component (AddParameter): Name = "ComponentLink21URL"; Value = "https://datasheet.ciiva.com/7746/1738695-7746281.pdf?src-supplier=Element14"; VariantName = "[No Variations]"
Add component (AddParameter): Name = "ComponentLink22Description"; Value = "https://datasheet.ciiva.com/7746/1738695-7746279.pdf?src-supplier=Element14"; VariantName = "[No Variations]"
Add component (AddParameter): Name = "ComponentLink22URL"; Value = "https://datasheet.ciiva.com/7746/1738695-7746279.pdf?src-supplier=Element14"; VariantName = "[No Variations]"
Add component (AddParameter): Name = "ComponentLink23Description"; Value = "https://datasheet.ciiva.com/8896/pyu-rc0603-51-rohs-l-4-8896106.pdf?src-supplier=Avnet"; VariantName = "[No Variations]"
Add component (AddParameter): Name = "ComponentLink23URL"; Value = "https://datasheet.ciiva.com/8896/pyu-rc0603-51-rohs-l-4-8896106.pdf?src-supplier=Avnet"; VariantName = "[No Variations]"
Add component (AddParameter): Name = "ComponentLink24Description"; Value = "https://datasheet.ciiva.com/15189/getdatasheetpartid-404327-15189644.pdf?src-supplier=Verical"; VariantName = "[No Variations]"
Add component (AddParameter): Name = "ComponentLink24URL"; Value = "https://datasheet.ciiva.com/15189/getdatasheetpartid-404327-15189644.pdf?src-supplier=Verical"; VariantName = "[No Variations]"
Add component (AddParameter): Name = "ComponentLink25Description"; Value = "https://datasheet.ciiva.com/28386/pyu-rc0603-51-rohs-l-4-28386648.pdf?src-supplier=Avnet+Europe"; VariantName = "[No Variations]"
Add component (AddParameter): Name = "ComponentLink25URL"; Value = "https://datasheet.ciiva.com/28386/pyu-rc0603-51-rohs-l-4-28386648.pdf?src-supplier=Avnet+Europe"; VariantName = "[No Variations]"
Add component (AddParameter): Name = "ComponentLink26Description"; Value = "https://datasheet.ciiva.com/25906/pyu-rc0603-51-rohs-l-4-25906933.pdf?src-supplier=Avnet+Europe"; VariantName = "[No Variations]"
Add component (AddParameter): Name = "ComponentLink26URL"; Value = "https://datasheet.ciiva.com/25906/pyu-rc0603-51-rohs-l-4-25906933.pdf?src-supplier=Avnet+Europe"; VariantName = "[No Variations]"
Add component (AddParameter): Name = "ComponentLink27Description"; Value = "https://datasheet.ciiva.com/15189/getdatasheetpartid-422754-15189760.pdf?src-supplier=Verical"; VariantName = "[No Variations]"
Add component (AddParameter): Name = "ComponentLink27URL"; Value = "https://datasheet.ciiva.com/15189/getdatasheetpartid-422754-15189760.pdf?src-supplier=Verical"; VariantName = "[No Variations]"
Add component (AddParameter): Name = "ComponentLink28Description"; Value = "https://datasheet.ciiva.com/22747/443971-22747528.pdf?src-supplier=Element14"; VariantName = "[No Variations]"
Add component (AddParameter): Name = "ComponentLink28URL"; Value = "https://datasheet.ciiva.com/22747/443971-22747528.pdf?src-supplier=Element14"; VariantName = "[No Variations]"
Add component (AddParameter): Name = "ComponentLink29Description"; Value = "https://datasheet.ciiva.com/7660/38590-7660794.pdf?src-supplier=Element14"; VariantName = "[No Variations]"
Add component (AddParameter): Name = "ComponentLink29URL"; Value = "https://datasheet.ciiva.com/7660/38590-7660794.pdf?src-supplier=Element14"; VariantName = "[No Variations]"
Add component (AddParameter): Name = "ComponentLink30Description"; Value = "https://datasheet.ciiva.com/7746/1868787-7746365.pdf?src-supplier=Element14"; VariantName = "[No Variations]"
Add component (AddParameter): Name = "ComponentLink30URL"; Value = "https://datasheet.ciiva.com/7746/1868787-7746365.pdf?src-supplier=Element14"; VariantName = "[No Variations]"
Add component (AddParameter): Name = "ComponentLink31Description"; Value = "https://datasheet.ciiva.com/46440/1868787-46440909.pdf?src-supplier=Element14"; VariantName = "[No Variations]"
Add component (AddParameter): Name = "ComponentLink31URL"; Value = "https://datasheet.ciiva.com/46440/1868787-46440909.pdf?src-supplier=Element14"; VariantName = "[No Variations]"
Add component (AddParameter): Name = "ComponentLink32Description"; Value = "https://datasheet.ciiva.com/7746/1738695-7746366.pdf?src-supplier=Element14"; VariantName = "[No Variations]"
Add component (AddParameter): Name = "ComponentLink32URL"; Value = "https://datasheet.ciiva.com/7746/1738695-7746366.pdf?src-supplier=Element14"; VariantName = "[No Variations]"
Add component (AddParameter): Name = "Construction"; Value = "Rectangular"; VariantName = "[No Variations]"
Add component (AddParameter): Name = "Depth"; Value = "0.8mm"; VariantName = "[No Variations]"
Add component (AddParameter): Name = "Features"; Value = "Moisture Resistant"; VariantName = "[No Variations]"
Add component (AddParameter): Name = "Height"; Value = "0.45mm"; VariantName = "[No Variations]"
Add component (AddParameter): Name = "Lead Free"; Value = "Lead Free"; VariantName = "[No Variations]"
Add component (AddParameter): Name = "Lead Pitch"; Value = "0.3mm"; VariantName = "[No Variations]"
Add component (AddParameter): Name = "Length"; Value = "1.6mm"; VariantName = "[No Variations]"
Add component (AddParameter): Name = "Manufacturer"; Value = "Yageo"; VariantName = "[No Variations]"
Add component (AddParameter): Name = "Manufacturer Part Number"; Value = "RC0603FR-074K7L"; VariantName = "[No Variations]"
Add component (AddParameter): Name = "Max Operating Temperature"; Value = "155°C"; VariantName = "[No Variations]"
Add component (AddParameter): Name = "Max Power Dissipation"; Value = "100mW"; VariantName = "[No Variations]"
Add component (AddParameter): Name = "Military Standard"; Value = "Not"; VariantName = "[No Variations]"
Add component (AddParameter): Name = "Min Operating Temperature"; Value = "-55°C"; VariantName = "[No Variations]"
Add component (AddParameter): Name = "Number of Pins"; Value = "2"; VariantName = "[No Variations]"
Add component (AddParameter): Name = "Number of Terminations"; Value = "2"; VariantName = "[No Variations]"
Add component (AddParameter): Name = "Packaging"; Value = "Tape and Reel"; VariantName = "[No Variations]"
Add component (AddParameter): Name = "Power Rating"; Value = "100mW"; VariantName = "[No Variations]"
Add component (AddParameter): Name = "Pricing 1"; Value = "1=0,10000, 10=0,02400, 100=0,00970, 1000=0,00436, 2500=0,00378 (USD)"; VariantName = "[No Variations]"
Add component (AddParameter): Name = "REACH SVHC"; Value = "No SVHC"; VariantName = "[No Variations]"
Add component (AddParameter): Name = "Resistance"; Value = "4.7kR"; VariantName = "[No Variations]"
Add component (AddParameter): Name = "Resistance Tolerance"; Value = "1%"; VariantName = "[No Variations]"
Add component (AddParameter): Name = "Resistor Type"; Value = "Thick Film"; VariantName = "[No Variations]"
Add component (AddParameter): Name = "RoHS"; Value = "Yes"; VariantName = "[No Variations]"
Add component (AddParameter): Name = "RoHS Compliant"; Value = "Yes"; VariantName = "[No Variations]"
Add component (AddParameter): Name = "Series"; Value = "RC"; VariantName = "[No Variations]"
Add component (AddParameter): Name = "Size Code"; Value = "0603"; VariantName = "[No Variations]"
Add component (AddParameter): Name = "Stock 1"; Value = "1306882"; VariantName = "[No Variations]"
Add component (AddParameter): Name = "Supplier 1"; Value = "Digi-Key"; VariantName = "[No Variations]"
Add component (AddParameter): Name = "Supplier Part Number 1"; Value = "311-4.70KHRCT-ND"; VariantName = "[No Variations]"
Add component (AddParameter): Name = "Temperature Coefficient"; Value = "100ppm/°C"; VariantName = "[No Variations]"
Add component (AddParameter): Name = "Termination"; Value = "SMD/SMT"; VariantName = "[No Variations]"
Add component (AddParameter): Name = "Tolerance"; Value = "1%"; VariantName = "[No Variations]"
Add component (AddParameter): Name = "Voltage Rating"; Value = "50V"; VariantName = "[No Variations]"
Add component (AddParameter): Name = "Voltage Rating (DC)"; Value = "50V"; VariantName = "[No Variations]"
Add component (AddParameter): Name = "Width"; Value = "0.8mm"; VariantName = "[No Variations]"
Added Component: Designator=R77(R 0603(1608))
Add component (AddParameter): Name = "Case Code (Imperial)"; Value = "0603"; VariantName = "[No Variations]"
Add component (AddParameter): Name = "Case Code (Metric)"; Value = "1608"; VariantName = "[No Variations]"
Add component (AddParameter): Name = "Case/Package"; Value = "0603"; VariantName = "[No Variations]"
Add component (AddParameter): Name = "Category"; Value = "Chip SMD Resistors"; VariantName = "[No Variations]"
Add component (AddParameter): Name = "ComponentLink1Description"; Value = "https://datasheet.ciiva.com/11819/0900766b80c66297-11819477.pdf?src-supplier=RSComponents"; VariantName = "[No Variations]"
Add component (AddParameter): Name = "ComponentLink1URL"; Value = "https://datasheet.ciiva.com/11819/0900766b80c66297-11819477.pdf?src-supplier=RSComponents"; VariantName = "[No Variations]"
Add component (AddParameter): Name = "ComponentLink2Description"; Value = "https://datasheet.ciiva.com/12666/pyu-rc0402-51-rohs-l-6-r-12666741.pdf?src-supplier=Mouser"; VariantName = "[No Variations]"
Add component (AddParameter): Name = "ComponentLink2URL"; Value = "https://datasheet.ciiva.com/12666/pyu-rc0402-51-rohs-l-6-r-12666741.pdf?src-supplier=Mouser"; VariantName = "[No Variations]"
Add component (AddParameter): Name = "ComponentLink3Description"; Value = "https://datasheet.ciiva.com/17063/pyu-rc0402-51-rohs-l-6-r-17063193.pdf?src-supplier=Future+Electronics"; VariantName = "[No Variations]"
Add component (AddParameter): Name = "ComponentLink3URL"; Value = "https://datasheet.ciiva.com/17063/pyu-rc0402-51-rohs-l-6-r-17063193.pdf?src-supplier=Future+Electronics"; VariantName = "[No Variations]"
Add component (AddParameter): Name = "ComponentLink4Description"; Value = "https://datasheet.ciiva.com/22747/1018594-22747513.pdf?src-supplier=Element14"; VariantName = "[No Variations]"
Add component (AddParameter): Name = "ComponentLink4URL"; Value = "https://datasheet.ciiva.com/22747/1018594-22747513.pdf?src-supplier=Element14"; VariantName = "[No Variations]"
Add component (AddParameter): Name = "ComponentLink5Description"; Value = "https://datasheet.ciiva.com/7849/1018594-7849869.pdf?src-supplier=Element14"; VariantName = "[No Variations]"
Add component (AddParameter): Name = "ComponentLink5URL"; Value = "https://datasheet.ciiva.com/7849/1018594-7849869.pdf?src-supplier=Element14"; VariantName = "[No Variations]"
Add component (AddParameter): Name = "ComponentLink6Description"; Value = "https://datasheet.ciiva.com/7983/1018594-7983502.pdf?src-supplier=Element14"; VariantName = "[No Variations]"
Add component (AddParameter): Name = "ComponentLink6URL"; Value = "https://datasheet.ciiva.com/7983/1018594-7983502.pdf?src-supplier=Element14"; VariantName = "[No Variations]"
Add component (AddParameter): Name = "ComponentLink7Description"; Value = "https://datasheet.ciiva.com/7849/1018594-7849871.pdf?src-supplier=Element14"; VariantName = "[No Variations]"
Add component (AddParameter): Name = "ComponentLink7URL"; Value = "https://datasheet.ciiva.com/7849/1018594-7849871.pdf?src-supplier=Element14"; VariantName = "[No Variations]"
Add component (AddParameter): Name = "ComponentLink8Description"; Value = "https://datasheet.ciiva.com/11808/0900766b80c66297-11808195.pdf?src-supplier=RSComponents"; VariantName = "[No Variations]"
Add component (AddParameter): Name = "ComponentLink8URL"; Value = "https://datasheet.ciiva.com/11808/0900766b80c66297-11808195.pdf?src-supplier=RSComponents"; VariantName = "[No Variations]"
Add component (AddParameter): Name = "ComponentLink9Description"; Value = "https://datasheet.ciiva.com/2452/pyu-rc0402-51-rohs-l-6-2452608.pdf?src-supplier=Digi-Key"; VariantName = "[No Variations]"
Add component (AddParameter): Name = "ComponentLink9URL"; Value = "https://datasheet.ciiva.com/2452/pyu-rc0402-51-rohs-l-6-2452608.pdf?src-supplier=Digi-Key"; VariantName = "[No Variations]"
Add component (AddParameter): Name = "ComponentLink10Description"; Value = "https://datasheet.ciiva.com/2452/pyu-r-int-thick-7-2452609.pdf?src-supplier=Digi-Key"; VariantName = "[No Variations]"
Add component (AddParameter): Name = "ComponentLink10URL"; Value = "https://datasheet.ciiva.com/2452/pyu-r-int-thick-7-2452609.pdf?src-supplier=Digi-Key"; VariantName = "[No Variations]"
Add component (AddParameter): Name = "ComponentLink11Description"; Value = "https://datasheet.ciiva.com/2452/pyu-r-int-thick-7-2452610.pdf?src-supplier=Digi-Key"; VariantName = "[No Variations]"
Add component (AddParameter): Name = "ComponentLink11URL"; Value = "https://datasheet.ciiva.com/2452/pyu-r-int-thick-7-2452610.pdf?src-supplier=Digi-Key"; VariantName = "[No Variations]"
Add component (AddParameter): Name = "ComponentLink12Description"; Value = "https://datasheet.ciiva.com/28386/pyu-rc0402-51-rohs-l-6-28386633.pdf?src-supplier=Avnet+Europe"; VariantName = "[No Variations]"
Add component (AddParameter): Name = "ComponentLink12URL"; Value = "https://datasheet.ciiva.com/28386/pyu-rc0402-51-rohs-l-6-28386633.pdf?src-supplier=Avnet+Europe"; VariantName = "[No Variations]"
Add component (AddParameter): Name = "ComponentLink13Description"; Value = "https://datasheet.ciiva.com/22747/1018594-22747515.pdf?src-supplier=Element14"; VariantName = "[No Variations]"
Add component (AddParameter): Name = "ComponentLink13URL"; Value = "https://datasheet.ciiva.com/22747/1018594-22747515.pdf?src-supplier=Element14"; VariantName = "[No Variations]"
Add component (AddParameter): Name = "ComponentLink14Description"; Value = "https://datasheet.ciiva.com/7983/1018594-7983535.pdf?src-supplier=Element14"; VariantName = "[No Variations]"
Add component (AddParameter): Name = "ComponentLink14URL"; Value = "https://datasheet.ciiva.com/7983/1018594-7983535.pdf?src-supplier=Element14"; VariantName = "[No Variations]"
Add component (AddParameter): Name = "ComponentLink15Description"; Value = "https://datasheet.ciiva.com/8896/pyu-rc0402-51-rohs-l-6-8896201.pdf?src-supplier=Avnet"; VariantName = "[No Variations]"
Add component (AddParameter): Name = "ComponentLink15URL"; Value = "https://datasheet.ciiva.com/8896/pyu-rc0402-51-rohs-l-6-8896201.pdf?src-supplier=Avnet"; VariantName = "[No Variations]"
Add component (AddParameter): Name = "ComponentLink16Description"; Value = "https://datasheet.ciiva.com/15189/getdatasheetpartid-326379-15189533.pdf?src-supplier=Verical"; VariantName = "[No Variations]"
Add component (AddParameter): Name = "ComponentLink16URL"; Value = "https://datasheet.ciiva.com/15189/getdatasheetpartid-326379-15189533.pdf?src-supplier=Verical"; VariantName = "[No Variations]"
Add component (AddParameter): Name = "ComponentLink17Description"; Value = "https://datasheet.ciiva.com/11808/0900766b80f96399-11808081.pdf?src-supplier=RSComponents"; VariantName = "[No Variations]"
Add component (AddParameter): Name = "ComponentLink17URL"; Value = "https://datasheet.ciiva.com/11808/0900766b80f96399-11808081.pdf?src-supplier=RSComponents"; VariantName = "[No Variations]"
Add component (AddParameter): Name = "ComponentLink18Description"; Value = "https://datasheet.ciiva.com/7746/1686128-7746280.pdf?src-supplier=Element14"; VariantName = "[No Variations]"
Add component (AddParameter): Name = "ComponentLink18URL"; Value = "https://datasheet.ciiva.com/7746/1686128-7746280.pdf?src-supplier=Element14"; VariantName = "[No Variations]"
Add component (AddParameter): Name = "ComponentLink19Description"; Value = "https://datasheet.ciiva.com/7660/1868787-7660790.pdf?src-supplier=Element14"; VariantName = "[No Variations]"
Add component (AddParameter): Name = "ComponentLink19URL"; Value = "https://datasheet.ciiva.com/7660/1868787-7660790.pdf?src-supplier=Element14"; VariantName = "[No Variations]"
Add component (AddParameter): Name = "ComponentLink20Description"; Value = "https://datasheet.ciiva.com/7983/443971-7983613.pdf?src-supplier=Element14"; VariantName = "[No Variations]"
Add component (AddParameter): Name = "ComponentLink20URL"; Value = "https://datasheet.ciiva.com/7983/443971-7983613.pdf?src-supplier=Element14"; VariantName = "[No Variations]"
Add component (AddParameter): Name = "ComponentLink21Description"; Value = "https://datasheet.ciiva.com/7746/1738695-7746281.pdf?src-supplier=Element14"; VariantName = "[No Variations]"
Add component (AddParameter): Name = "ComponentLink21URL"; Value = "https://datasheet.ciiva.com/7746/1738695-7746281.pdf?src-supplier=Element14"; VariantName = "[No Variations]"
Add component (AddParameter): Name = "ComponentLink22Description"; Value = "https://datasheet.ciiva.com/7746/1738695-7746279.pdf?src-supplier=Element14"; VariantName = "[No Variations]"
Add component (AddParameter): Name = "ComponentLink22URL"; Value = "https://datasheet.ciiva.com/7746/1738695-7746279.pdf?src-supplier=Element14"; VariantName = "[No Variations]"
Add component (AddParameter): Name = "ComponentLink23Description"; Value = "https://datasheet.ciiva.com/8896/pyu-rc0603-51-rohs-l-4-8896106.pdf?src-supplier=Avnet"; VariantName = "[No Variations]"
Add component (AddParameter): Name = "ComponentLink23URL"; Value = "https://datasheet.ciiva.com/8896/pyu-rc0603-51-rohs-l-4-8896106.pdf?src-supplier=Avnet"; VariantName = "[No Variations]"
Add component (AddParameter): Name = "ComponentLink24Description"; Value = "https://datasheet.ciiva.com/15189/getdatasheetpartid-404327-15189644.pdf?src-supplier=Verical"; VariantName = "[No Variations]"
Add component (AddParameter): Name = "ComponentLink24URL"; Value = "https://datasheet.ciiva.com/15189/getdatasheetpartid-404327-15189644.pdf?src-supplier=Verical"; VariantName = "[No Variations]"
Add component (AddParameter): Name = "ComponentLink25Description"; Value = "https://datasheet.ciiva.com/28386/pyu-rc0603-51-rohs-l-4-28386648.pdf?src-supplier=Avnet+Europe"; VariantName = "[No Variations]"
Add component (AddParameter): Name = "ComponentLink25URL"; Value = "https://datasheet.ciiva.com/28386/pyu-rc0603-51-rohs-l-4-28386648.pdf?src-supplier=Avnet+Europe"; VariantName = "[No Variations]"
Add component (AddParameter): Name = "ComponentLink26Description"; Value = "https://datasheet.ciiva.com/25906/pyu-rc0603-51-rohs-l-4-25906933.pdf?src-supplier=Avnet+Europe"; VariantName = "[No Variations]"
Add component (AddParameter): Name = "ComponentLink26URL"; Value = "https://datasheet.ciiva.com/25906/pyu-rc0603-51-rohs-l-4-25906933.pdf?src-supplier=Avnet+Europe"; VariantName = "[No Variations]"
Add component (AddParameter): Name = "Construction"; Value = "Rectangular"; VariantName = "[No Variations]"
Add component (AddParameter): Name = "Contact Plating"; Value = "Tin,Matte"; VariantName = "[No Variations]"
Add component (AddParameter): Name = "Depth"; Value = "0.8mm"; VariantName = "[No Variations]"
Add component (AddParameter): Name = "Features"; Value = "Moisture Resistant"; VariantName = "[No Variations]"
Add component (AddParameter): Name = "Height"; Value = "0.45mm"; VariantName = "[No Variations]"
Add component (AddParameter): Name = "Lead Free"; Value = "Lead Free"; VariantName = "[No Variations]"
Add component (AddParameter): Name = "Length"; Value = "1.6mm"; VariantName = "[No Variations]"
Add component (AddParameter): Name = "Manufacturer"; Value = "Yageo"; VariantName = "[No Variations]"
Add component (AddParameter): Name = "Manufacturer Part Number"; Value = "RC0603FR-071KL"; VariantName = "[No Variations]"
Add component (AddParameter): Name = "Max Operating Temperature"; Value = "155°C"; VariantName = "[No Variations]"
Add component (AddParameter): Name = "Max Power Dissipation"; Value = "100mW"; VariantName = "[No Variations]"
Add component (AddParameter): Name = "Military Standard"; Value = "Not"; VariantName = "[No Variations]"
Add component (AddParameter): Name = "Min Operating Temperature"; Value = "-55°C"; VariantName = "[No Variations]"
Add component (AddParameter): Name = "Number of Terminations"; Value = "2"; VariantName = "[No Variations]"
Add component (AddParameter): Name = "Packaging"; Value = "Tape and Reel"; VariantName = "[No Variations]"
Add component (AddParameter): Name = "Power Rating"; Value = "100mW"; VariantName = "[No Variations]"
Add component (AddParameter): Name = "Pricing 1"; Value = "1=0,10000, 10=0,02400, 100=0,00970, 1000=0,00436, 2500=0,00378 (USD)"; VariantName = "[No Variations]"
Add component (AddParameter): Name = "Radiation Hardening"; Value = "No"; VariantName = "[No Variations]"
Add component (AddParameter): Name = "REACH SVHC"; Value = "No SVHC"; VariantName = "[No Variations]"
Add component (AddParameter): Name = "Resistance"; Value = "1kR"; VariantName = "[No Variations]"
Add component (AddParameter): Name = "Resistance Tolerance"; Value = "1%"; VariantName = "[No Variations]"
Add component (AddParameter): Name = "Resistor Type"; Value = "Thick Film"; VariantName = "[No Variations]"
Add component (AddParameter): Name = "RoHS"; Value = "Yes"; VariantName = "[No Variations]"
Add component (AddParameter): Name = "RoHS Compliant"; Value = "Yes"; VariantName = "[No Variations]"
Add component (AddParameter): Name = "Series"; Value = "RC"; VariantName = "[No Variations]"
Add component (AddParameter): Name = "Size Code"; Value = "0603"; VariantName = "[No Variations]"
Add component (AddParameter): Name = "Stock 1"; Value = "9806476"; VariantName = "[No Variations]"
Add component (AddParameter): Name = "Supplier 1"; Value = "Digi-Key"; VariantName = "[No Variations]"
Add component (AddParameter): Name = "Supplier 2"; Value = "Digi-Key"; VariantName = "[No Variations]"
Add component (AddParameter): Name = "Supplier Part Number 2"; Value = "311-1.00KHRCT-ND"; VariantName = "[No Variations]"
Add component (AddParameter): Name = "Technology"; Value = "THICK FILM"; VariantName = "[No Variations]"
Add component (AddParameter): Name = "Temperature Coefficient"; Value = "100ppm/°C"; VariantName = "[No Variations]"
Add component (AddParameter): Name = "Termination"; Value = "SMD/SMT"; VariantName = "[No Variations]"
Add component (AddParameter): Name = "Tolerance"; Value = "1%"; VariantName = "[No Variations]"
Add component (AddParameter): Name = "Voltage Rating"; Value = "50V"; VariantName = "[No Variations]"
Added Component: Designator=RV1(VAR_B72220S0300K101)
Add component (AddParameter): Name = "Manufacturer"; Value = "TDK"; VariantName = "[No Variations]"
Add component (AddParameter): Name = "MPN"; Value = "B72220S0300K101"; VariantName = "[No Variations]"
Added Component: Designator=SW1(SW_300SP1J1BLKM2QE)
Add component (AddParameter): Name = "Manufacturer"; Value = "E-Switch"; VariantName = "[No Variations]"
Add component (AddParameter): Name = "MPN"; Value = "300SP1J1BLKM2RE"; VariantName = "[No Variations]"
Add component (AddParameter): Name = "Supplier"; Value = "Digi; EG4312-ND"; VariantName = "[No Variations]"
Added Component: Designator=SW2(SW_300SP1J1BLKM2QE)
Add component (AddParameter): Name = "Manufacturer"; Value = "E-Switch"; VariantName = "[No Variations]"
Add component (AddParameter): Name = "MPN"; Value = "300SP1J1BLKM2RE"; VariantName = "[No Variations]"
Add component (AddParameter): Name = "Supplier"; Value = "Digi; EG4312-ND"; VariantName = "[No Variations]"
Added Component: Designator=SW3(SW_300SP1J1BLKM2QE)
Add component (AddParameter): Name = "Manufacturer"; Value = "E-Switch"; VariantName = "[No Variations]"
Add component (AddParameter): Name = "MPN"; Value = "300SP1J1BLKM2RE"; VariantName = "[No Variations]"
Add component (AddParameter): Name = "Supplier"; Value = "Digi; EG4312-ND"; VariantName = "[No Variations]"
Added Component: Designator=SW4(SW_300SP1J1BLKM2QE)
Add component (AddParameter): Name = "Manufacturer"; Value = "E-Switch"; VariantName = "[No Variations]"
Add component (AddParameter): Name = "MPN"; Value = "300SP1J1BLKM2RE"; VariantName = "[No Variations]"
Add component (AddParameter): Name = "Supplier"; Value = "Digi; EG4312-ND"; VariantName = "[No Variations]"
Added Component: Designator=SW5(SW_300SP1J1BLKM2QE)
Add component (AddParameter): Name = "Manufacturer"; Value = "E-Switch"; VariantName = "[No Variations]"
Add component (AddParameter): Name = "MPN"; Value = "300SP1J1BLKM2RE"; VariantName = "[No Variations]"
Add component (AddParameter): Name = "Supplier"; Value = "Digi; EG4312-ND"; VariantName = "[No Variations]"
Added Component: Designator=SW6(SW_300SP1J1BLKM2QE)
Add component (AddParameter): Name = "Manufacturer"; Value = "E-Switch"; VariantName = "[No Variations]"
Add component (AddParameter): Name = "MPN"; Value = "300SP1J1BLKM2RE"; VariantName = "[No Variations]"
Add component (AddParameter): Name = "Supplier"; Value = "Digi; EG4312-ND"; VariantName = "[No Variations]"
Added Component: Designator=SW7(SW_300SP1J1BLKM2QE)
Add component (AddParameter): Name = "Manufacturer"; Value = "E-Switch"; VariantName = "[No Variations]"
Add component (AddParameter): Name = "MPN"; Value = "300SP1J1BLKM2RE"; VariantName = "[No Variations]"
Add component (AddParameter): Name = "Supplier"; Value = "Digi; EG4312-ND"; VariantName = "[No Variations]"
Added Component: Designator=SW9(418121270804)
Add component (AddParameter): Name = "Category"; Value = "DIP Switches"; VariantName = "[No Variations]"
Add component (AddParameter): Name = "ComponentLink1Description"; Value = "https://katalog.we-online.de/em/datasheet/4181212708xx.pdf?src-supplier=Digikey"; VariantName = "[No Variations]"
Add component (AddParameter): Name = "ComponentLink1URL"; Value = "https://katalog.we-online.de/em/datasheet/4181212708xx.pdf?src-supplier=Digikey"; VariantName = "[No Variations]"
Add component (AddParameter): Name = "Manufacturer"; Value = "Wurth Electronics"; VariantName = "[No Variations]"
Add component (AddParameter): Name = "Manufacturer Part Number"; Value = "418121270804"; VariantName = "[No Variations]"
Add component (AddParameter): Name = "Pricing 1"; Value = "800=1.456 (USD)"; VariantName = "[No Variations]"
Add component (AddParameter): Name = "RoHS"; Value = "Yes"; VariantName = "[No Variations]"
Add component (AddParameter): Name = "Stock 1"; Value = "5600"; VariantName = "[No Variations]"
Add component (AddParameter): Name = "Supplier 1"; Value = "Digikey"; VariantName = "[No Variations]"
Add component (AddParameter): Name = "Supplier Part Number 1"; Value = "732-6963-2-ND"; VariantName = "[No Variations]"
Add Component: Footprint Not Found TDK_ACT45B-510-2P-TL003_0
Added Component: Designator=TP1(SMD_Ø1.5mm)
Add component (AddParameter): Name = "DNP"; Value = "DNP"; VariantName = "[No Variations]"
Add component (AddParameter): Name = "Manufacturer"; Value = ""; VariantName = "[No Variations]"
Add component (AddParameter): Name = "Manufacturer Part Number"; Value = ""; VariantName = "[No Variations]"
Add component (AddParameter): Name = "Value"; Value = "Testpoint"; VariantName = "[No Variations]"
Added Component: Designator=TP2(SMD_Ø1.5mm)
Add component (AddParameter): Name = "DNP"; Value = "DNP"; VariantName = "[No Variations]"
Add component (AddParameter): Name = "Manufacturer"; Value = ""; VariantName = "[No Variations]"
Add component (AddParameter): Name = "Manufacturer Part Number"; Value = ""; VariantName = "[No Variations]"
Add component (AddParameter): Name = "Value"; Value = "Testpoint"; VariantName = "[No Variations]"
Added Component: Designator=TP3(SMD_Ø1.5mm)
Add component (AddParameter): Name = "DNP"; Value = "DNP"; VariantName = "[No Variations]"
Add component (AddParameter): Name = "Manufacturer"; Value = ""; VariantName = "[No Variations]"
Add component (AddParameter): Name = "Manufacturer Part Number"; Value = ""; VariantName = "[No Variations]"
Add component (AddParameter): Name = "Value"; Value = "Testpoint"; VariantName = "[No Variations]"
Added Component: Designator=TP4(SMD_Ø1.5mm)
Add component (AddParameter): Name = "DNP"; Value = "DNP"; VariantName = "[No Variations]"
Add component (AddParameter): Name = "Manufacturer"; Value = ""; VariantName = "[No Variations]"
Add component (AddParameter): Name = "Manufacturer Part Number"; Value = ""; VariantName = "[No Variations]"
Add component (AddParameter): Name = "Value"; Value = "Testpoint"; VariantName = "[No Variations]"
Added Component: Designator=TP5(SMD_Ø1.5mm)
Add component (AddParameter): Name = "DNP"; Value = "DNP"; VariantName = "[No Variations]"
Add component (AddParameter): Name = "Manufacturer"; Value = ""; VariantName = "[No Variations]"
Add component (AddParameter): Name = "Manufacturer Part Number"; Value = ""; VariantName = "[No Variations]"
Add component (AddParameter): Name = "Value"; Value = "Testpoint"; VariantName = "[No Variations]"
Added Component: Designator=TP6(SMD_Ø1.5mm)
Add component (AddParameter): Name = "DNP"; Value = "DNP"; VariantName = "[No Variations]"
Add component (AddParameter): Name = "Manufacturer"; Value = ""; VariantName = "[No Variations]"
Add component (AddParameter): Name = "Manufacturer Part Number"; Value = ""; VariantName = "[No Variations]"
Add component (AddParameter): Name = "Value"; Value = "Testpoint"; VariantName = "[No Variations]"
Added Component: Designator=TP7(SMD_Ø1.5mm)
Add component (AddParameter): Name = "DNP"; Value = "DNP"; VariantName = "[No Variations]"
Add component (AddParameter): Name = "Manufacturer"; Value = ""; VariantName = "[No Variations]"
Add component (AddParameter): Name = "Manufacturer Part Number"; Value = ""; VariantName = "[No Variations]"
Add component (AddParameter): Name = "Value"; Value = "Testpoint"; VariantName = "[No Variations]"
Added Component: Designator=U1(SOT95P280X145-6N/LM74700QDBVRQ1)
Added Component: Designator=U2(URB2405YMD-10WR3)
Add component (AddParameter): Name = "Manufacturer"; Value = "Mornsun America, LLC"; VariantName = "[No Variations]"
Add component (AddParameter): Name = "Supplier"; Value = "2725-URB2405YMD-10WR3-ND"; VariantName = "[No Variations]"
Added Component: Designator=U3(SOT-223-4_L6.5-W3.5-P2.30-LS7.0-BR)
Add component (AddParameter): Name = "Manufacturer"; Value = "UMW"; VariantName = "[No Variations]"
Add component (AddParameter): Name = "Supplier"; Value = "C347222"; VariantName = "[No Variations]"
Added Component: Designator=U4(SOIC127P599X175-8N/)
Add component (AddParameter): Name = "MPN"; Value = "SN65HVD231QDR"; VariantName = "[No Variations]"
Add component (AddParameter): Name = "Supplier"; Value = "Digi; 296-48950-6-ND"; VariantName = "[No Variations]"
Added Component: Designator=U5(QFP50P1200X1200X160-64N)
Add component (AddParameter): Name = "MPN"; Value = "STM32G0B1RET6"; VariantName = "[No Variations]"
Add component (AddParameter): Name = "Supplier"; Value = "497-STM32G0B1RET6-ND"; VariantName = "[No Variations]"
Added Component: Designator=U6(SOIC127P600X175-14N)
Add component (AddParameter): Name = "MPN"; Value = "SN74HCS08DR"; VariantName = "[No Variations]"
Added Component: Designator=U7(SOP65P640X120-29N)
Add component (AddParameter): Name = "MPN"; Value = "TPS4H160-Q1"; VariantName = "[No Variations]"
Add component (AddParameter): Name = "Supplier"; Value = "595-TPS4H160BQPWPRQ1"; VariantName = "[No Variations]"
Added Component: Designator=U8(SOIC127P600X175-14N)
Add component (AddParameter): Name = "MPN"; Value = "SN74HCS08DR"; VariantName = "[No Variations]"
Added Component: Designator=U9(SOP65P640X120-29N)
Add component (AddParameter): Name = "MPN"; Value = "TPS4H160-Q1"; VariantName = "[No Variations]"
Add component (AddParameter): Name = "Supplier"; Value = "595-TPS4H160BQPWPRQ1"; VariantName = "[No Variations]"
Added Component: Designator=Y1(FP-ABM3-MFG)
Add component (AddParameter): Name = "Case/Package"; Value = "CSMD"; VariantName = "[No Variations]"
Add component (AddParameter): Name = "Depth"; Value = "3.2mm"; VariantName = "[No Variations]"
Add component (AddParameter): Name = "ESR (Equivalent Series Resistance)"; Value = "140R"; VariantName = "[No Variations]"
Add component (AddParameter): Name = "Frequency"; Value = "8MHz"; VariantName = "[No Variations]"
Add component (AddParameter): Name = "Frequency Stability"; Value = "30ppm"; VariantName = "[No Variations]"
Add component (AddParameter): Name = "Frequency Tolerance"; Value = "20ppm"; VariantName = "[No Variations]"
Add component (AddParameter): Name = "Height"; Value = "0.051inch"; VariantName = "[No Variations]"
Add component (AddParameter): Name = "Lead Free"; Value = "Lead Free"; VariantName = "[No Variations]"
Add component (AddParameter): Name = "Length"; Value = "5mm"; VariantName = "[No Variations]"
Add component (AddParameter): Name = "Load Capacitance"; Value = "18pF"; VariantName = "[No Variations]"
Add component (AddParameter): Name = "Max Operating Temperature"; Value = "85°C"; VariantName = "[No Variations]"
Add component (AddParameter): Name = "Min Operating Temperature"; Value = "-40°C"; VariantName = "[No Variations]"
Add component (AddParameter): Name = "Mount"; Value = "Surface Mount"; VariantName = "[No Variations]"
Add component (AddParameter): Name = "Number of Pins"; Value = "2"; VariantName = "[No Variations]"
Add component (AddParameter): Name = "Package Quantity"; Value = "1000"; VariantName = "[No Variations]"
Add component (AddParameter): Name = "Packaging"; Value = "Tape and Reel"; VariantName = "[No Variations]"
Add component (AddParameter): Name = "Radiation Hardening"; Value = "No"; VariantName = "[No Variations]"
Add component (AddParameter): Name = "Resistor Type"; Value = "Ceramic"; VariantName = "[No Variations]"
Add component (AddParameter): Name = "RoHS Compliant"; Value = "Yes"; VariantName = "[No Variations]"
Add component (AddParameter): Name = "Series Resistance"; Value = "500R"; VariantName = "[No Variations]"
Add component (AddParameter): Name = "Termination"; Value = "SMD/SMT"; VariantName = "[No Variations]"
Add component (AddParameter): Name = "Tolerance"; Value = "20ppm"; VariantName = "[No Variations]"
Add component (AddParameter): Name = "Width"; Value = "3.2mm"; VariantName = "[No Variations]"
Added Pin To Net: NetName=GND Pin=C1-1
Added Pin To Net: NetName=GND Pin=C2-1
Added Pin To Net: NetName=GND Pin=C3-1
Added Pin To Net: NetName=GND Pin=C4-1
Added Pin To Net: NetName=GND Pin=C5-1
Added Pin To Net: NetName=GND Pin=C6-1
Added Pin To Net: NetName=GND Pin=C7-1
Added Pin To Net: NetName=GND Pin=C8-1
Added Pin To Net: NetName=GND Pin=C9-1
Added Pin To Net: NetName=GND Pin=C10-1
Added Pin To Net: NetName=GND Pin=C11-1
Added Pin To Net: NetName=GND Pin=C12-1
Added Pin To Net: NetName=GND Pin=C13-1
Added Pin To Net: NetName=GND Pin=C14-1
Added Pin To Net: NetName=GND Pin=C15-2
Added Pin To Net: NetName=GND Pin=C16-2
Added Pin To Net: NetName=NetC17_1 Pin=C17-1
Added Pin To Net: NetName=NetC17_2 Pin=C17-2
Added Pin To Net: NetName=GND Pin=C18-1
Added Pin To Net: NetName=GND Pin=C19-1
Added Pin To Net: NetName=GND Pin=C20-1
Added Pin To Net: NetName=GND Pin=C21-2
Added Pin To Net: NetName=GND Pin=C22-2
Added Pin To Net: NetName=GND Pin=C23-1
Added Pin To Net: NetName=GND Pin=C24-1
Added Pin To Net: NetName=GND Pin=C25-1
Added Pin To Net: NetName=GND Pin=C26-1
Added Pin To Net: NetName=GND Pin=C27-1
Added Pin To Net: NetName=NRST Pin=C27-2
Added Pin To Net: NetName=GND Pin=C28-2
Added Pin To Net: NetName=GND Pin=C29-1
Added Pin To Net: NetName=NetC29_2 Pin=C29-2
Added Pin To Net: NetName=GND Pin=C30-1
Added Pin To Net: NetName=NetC29_2 Pin=C30-2
Added Pin To Net: NetName=GND Pin=C31-1
Added Pin To Net: NetName=GND Pin=C32-1
Added Pin To Net: NetName=GND Pin=C33-1
Added Pin To Net: NetName=GND Pin=C34-1
Added Pin To Net: NetName=GND Pin=C35-1
Added Pin To Net: NetName=GND Pin=C36-1
Added Pin To Net: NetName=GND Pin=C37-1
Added Pin To Net: NetName=GND Pin=C38-1
Added Pin To Net: NetName=OSC_IN Pin=C38-2
Added Pin To Net: NetName=GND Pin=C39-1
Added Pin To Net: NetName=OSC_OUT Pin=C39-2
Added Pin To Net: NetName=GND Pin=C40-1
Added Pin To Net: NetName=GND Pin=C41-1
Added Pin To Net: NetName=GND Pin=C42-2
Added Pin To Net: NetName=GND Pin=C43-1
Added Pin To Net: NetName=GND Pin=C44-1
Added Pin To Net: NetName=GND Pin=C45-1
Added Pin To Net: NetName=GND Pin=C46-1
Added Pin To Net: NetName=GND Pin=C47-1
Added Pin To Net: NetName=GND Pin=C48-1
Added Pin To Net: NetName=GND Pin=C49-1
Added Pin To Net: NetName=GND Pin=C50-1
Added Pin To Net: NetName=GND Pin=C53-1
Added Pin To Net: NetName=NetC17_2 Pin=D8-1
Added Pin To Net: NetName=GND Pin=D8-2
Added Pin To Net: NetName=GND Pin=D9-1
Added Pin To Net: NetName=GND Pin=D12-3
Added Pin To Net: NetName=GND Pin=D13-1
Added Pin To Net: NetName=GND Pin=D14-1
Added Pin To Net: NetName=GND Pin=D15-1
Added Pin To Net: NetName=GND Pin=D16-1
Added Pin To Net: NetName=GND Pin=D17-1
Added Pin To Net: NetName=GND Pin=D18-1
Added Pin To Net: NetName=GND Pin=D19-1
Added Pin To Net: NetName=GND Pin=D20-1
Added Pin To Net: NetName=GND Pin=D21-1
Added Pin To Net: NetName=GND Pin=D22-1
Added Pin To Net: NetName=GND Pin=D23-1
Added Pin To Net: NetName=USB_N Pin=D23-2
Added Pin To Net: NetName=GND Pin=D24-1
Added Pin To Net: NetName=USB_P Pin=D24-2
Added Pin To Net: NetName=GND Pin=D25-2
Added Pin To Net: NetName=GND Pin=D26-2
Added Pin To Net: NetName=GND Pin=D27-2
Added Pin To Net: NetName=GND Pin=D28-2
Added Pin To Net: NetName=GND Pin=D29-2
Added Pin To Net: NetName=GND Pin=D30-2
Added Pin To Net: NetName=GND Pin=D31-2
Added Pin To Net: NetName=GND Pin=D32-2
Added Pin To Net: NetName=GND Pin=D33-2
Added Pin To Net: NetName=GND Pin=D34-2
Added Pin To Net: NetName=GND Pin=D35-2
Added Pin To Net: NetName=GND Pin=D36-2
Added Pin To Net: NetName=GND Pin=D37-2
Added Pin To Net: NetName=GND Pin=D38-2
Added Pin To Net: NetName=GND Pin=D39-2
Added Pin To Net: NetName=NetC17_2 Pin=F1-2
Added Pin To Net: NetName=NetC29_2 Pin=FB1-1
Added Pin To Net: NetName=GND Pin=J1-2
Added Pin To Net: NetName=GND Pin=J2-2
Added Pin To Net: NetName=GND Pin=J3-2
Added Pin To Net: NetName=GND Pin=J4-2
Added Pin To Net: NetName=GND Pin=J5-2
Added Pin To Net: NetName=GND Pin=J6-2
Added Pin To Net: NetName=GND Pin=J7-2
Added Pin To Net: NetName=GND Pin=J8-3
Added Pin To Net: NetName=GND Pin=J8-4
Added Pin To Net: NetName=GND Pin=J9-4
Added Pin To Net: NetName=GND Pin=J9-5
Added Pin To Net: NetName=GND Pin=J9-6
Added Pin To Net: NetName=GND Pin=J10-A1_B12
Added Pin To Net: NetName=GND Pin=J10-B1_A12
Added Pin To Net: NetName=GND Pin=J10-S1
Added Pin To Net: NetName=GND Pin=J10-S2
Added Pin To Net: NetName=GND Pin=J10-S3
Added Pin To Net: NetName=GND Pin=J10-S4
Added Pin To Net: NetName=USB_N Pin=L2-3
Added Pin To Net: NetName=USB_P Pin=L2-4
Added Pin To Net: NetName=NetC17_2 Pin=M1-S
Added Pin To Net: NetName=NetC17_2 Pin=M1-S
Added Pin To Net: NetName=NetC17_2 Pin=M1-S
Added Pin To Net: NetName=SWDIO Pin=P1-2
Added Pin To Net: NetName=GND Pin=P1-3
Added Pin To Net: NetName=GND Pin=P1-5
Added Pin To Net: NetName=GND Pin=P1-9
Added Pin To Net: NetName=NRST Pin=P1-10
Added Pin To Net: NetName=NetR2_1 Pin=R2-1
Added Pin To Net: NetName=GND Pin=R3-1
Added Pin To Net: NetName=GND Pin=R4-1
Added Pin To Net: NetName=NetR2_1 Pin=R4-2
Added Pin To Net: NetName=GND Pin=R7-1
Added Pin To Net: NetName=GND Pin=R8-1
Added Pin To Net: NetName=GND Pin=R9-1
Added Pin To Net: NetName=GND Pin=R10-1
Added Pin To Net: NetName=GND Pin=R13-1
Added Pin To Net: NetName=GND Pin=R14-1
Added Pin To Net: NetName=GND Pin=R17-1
Added Pin To Net: NetName=GND Pin=R18-1
Added Pin To Net: NetName=GND Pin=R19-1
Added Pin To Net: NetName=GND Pin=R20-1
Added Pin To Net: NetName=GND Pin=R23-1
Added Pin To Net: NetName=GND Pin=R24-1
Added Pin To Net: NetName=GND Pin=R28-1
Added Pin To Net: NetName=GND Pin=R29-1
Added Pin To Net: NetName=GND Pin=R30-1
Added Pin To Net: NetName=GND Pin=R31-1
Added Pin To Net: NetName=GND Pin=R32-1
Added Pin To Net: NetName=GND Pin=R34-1
Added Pin To Net: NetName=GND Pin=R35-1
Added Pin To Net: NetName=GND Pin=R37-1
Added Pin To Net: NetName=GND Pin=R39-1
Added Pin To Net: NetName=NRST Pin=R42-1
Added Pin To Net: NetName=GND Pin=R54-2
Added Pin To Net: NetName=GND Pin=R55-2
Added Pin To Net: NetName=GND Pin=R60-1
Added Pin To Net: NetName=GND Pin=R62-1
Added Pin To Net: NetName=GND Pin=R63-1
Added Pin To Net: NetName=GND Pin=R64-1
Added Pin To Net: NetName=GND Pin=R65-1
Added Pin To Net: NetName=GND Pin=R66-1
Added Pin To Net: NetName=GND Pin=R67-1
Added Pin To Net: NetName=GND Pin=R69-2
Added Pin To Net: NetName=GND Pin=R71-1
Added Pin To Net: NetName=GND Pin=R72-1
Added Pin To Net: NetName=GND Pin=R75-2
Added Pin To Net: NetName=GND Pin=R77-1
Added Pin To Net: NetName=GND Pin=RV1-1
Added Pin To Net: NetName=NetR2_1 Pin=SW2-3
Added Pin To Net: NetName=GND Pin=SW9-1
Added Pin To Net: NetName=GND Pin=SW9-2
Added Pin To Net: NetName=GND Pin=SW9-3
Added Pin To Net: NetName=GND Pin=SW9-4
Added Pin To Net: NetName=CAN_TX Pin=TP5-1
Added Pin To Net: NetName=CAN_RX Pin=TP6-1
Added Pin To Net: NetName=GND Pin=TP7-1
Added Pin To Net: NetName=NetC17_1 Pin=U1-1
Added Pin To Net: NetName=GND Pin=U1-2
Added Pin To Net: NetName=NetC17_2 Pin=U1-3
Added Pin To Net: NetName=NetC17_2 Pin=U1-6
Added Pin To Net: NetName=GND Pin=U2-1
Added Pin To Net: NetName=GND Pin=U2-5
Added Pin To Net: NetName=GND Pin=U3-1
Added Pin To Net: NetName=CAN_TX Pin=U4-1
Added Pin To Net: NetName=GND Pin=U4-2
Added Pin To Net: NetName=NetC29_2 Pin=U4-3
Added Pin To Net: NetName=CAN_RX Pin=U4-4
Added Pin To Net: NetName=GND Pin=U5-9
Added Pin To Net: NetName=OSC_IN Pin=U5-10
Added Pin To Net: NetName=OSC_OUT Pin=U5-11
Added Pin To Net: NetName=NRST Pin=U5-12
Added Pin To Net: NetName=USB_N Pin=U5-43
Added Pin To Net: NetName=USB_P Pin=U5-44
Added Pin To Net: NetName=SWDIO Pin=U5-45
Added Pin To Net: NetName=CAN_RX Pin=U5-62
Added Pin To Net: NetName=CAN_TX Pin=U5-63
Added Pin To Net: NetName=GND Pin=U6-7
Added Pin To Net: NetName=GND Pin=U7-1
Added Pin To Net: NetName=GND Pin=U7-12
Added Pin To Net: NetName=GND Pin=U7-13
Added Pin To Net: NetName=GND Pin=U7-29
Added Pin To Net: NetName=GND Pin=U8-7
Added Pin To Net: NetName=GND Pin=U8-12
Added Pin To Net: NetName=GND Pin=U8-13
Added Pin To Net: NetName=GND Pin=U9-1
Added Pin To Net: NetName=GND Pin=U9-6
Added Pin To Net: NetName=GND Pin=U9-12
Added Pin To Net: NetName=GND Pin=U9-13
Added Pin To Net: NetName=GND Pin=U9-29
Added Pin To Net: NetName=OSC_IN Pin=Y1-1
Added Pin To Net: NetName=OSC_OUT Pin=Y1-2
Added Pin To Net: NetName=+3V3 Pin=B1-1
Added Pin To Net: NetName=+3V3 Pin=C24-2
Added Pin To Net: NetName=+3V3 Pin=C33-2
Added Pin To Net: NetName=+3V3 Pin=C34-2
Added Pin To Net: NetName=+3V3 Pin=C35-2
Added Pin To Net: NetName=+3V3 Pin=C36-2
Added Pin To Net: NetName=+3V3 Pin=C37-2
Added Pin To Net: NetName=+3V3 Pin=C44-2
Added Pin To Net: NetName=+3V3 Pin=C49-2
Added Pin To Net: NetName=+3V3 Pin=D1-1
Added Pin To Net: NetName=+3V3 Pin=D2-1
Added Pin To Net: NetName=+3V3 Pin=D3-1
Added Pin To Net: NetName=+3V3 Pin=D4-1
Added Pin To Net: NetName=+3V3 Pin=D5-1
Added Pin To Net: NetName=+3V3 Pin=D6-1
Added Pin To Net: NetName=+3V3 Pin=D7-1
Added Pin To Net: NetName=+3V3 Pin=D40-1
Added Pin To Net: NetName=+3V3 Pin=D41-1
Added Pin To Net: NetName=+3V3 Pin=FB1-2
Added Pin To Net: NetName=+3V3 Pin=P1-1
Added Pin To Net: NetName=+3V3 Pin=R40-1
Added Pin To Net: NetName=+3V3 Pin=R41-2
Added Pin To Net: NetName=+3V3 Pin=R42-2
Added Pin To Net: NetName=+3V3 Pin=R43-1
Added Pin To Net: NetName=+3V3 Pin=R56-1
Added Pin To Net: NetName=+3V3 Pin=R61-1
Added Pin To Net: NetName=+3V3 Pin=SW1-2
Added Pin To Net: NetName=+3V3 Pin=SW2-2
Added Pin To Net: NetName=+3V3 Pin=SW3-2
Added Pin To Net: NetName=+3V3 Pin=SW4-2
Added Pin To Net: NetName=+3V3 Pin=SW5-2
Added Pin To Net: NetName=+3V3 Pin=SW6-2
Added Pin To Net: NetName=+3V3 Pin=SW7-2
Added Pin To Net: NetName=+3V3 Pin=TP4-1
Added Pin To Net: NetName=+3V3 Pin=U3-2
Added Pin To Net: NetName=+3V3 Pin=U3-4
Added Pin To Net: NetName=+3V3 Pin=U5-6
Added Pin To Net: NetName=+3V3 Pin=U5-8
Added Pin To Net: NetName=+3V3 Pin=U6-14
Added Pin To Net: NetName=+3V3 Pin=U8-14
Added Net: Name=+3V3
Added Pin To Net: NetName=+5V_BUCK Pin=C21-1
Added Pin To Net: NetName=+5V_BUCK Pin=D10-A
Added Pin To Net: NetName=+5V_BUCK Pin=TP3-1
Added Pin To Net: NetName=+5V_BUCK Pin=U2-3
Added Net: Name=+5V_BUCK
Added Pin To Net: NetName=+24V_VIN Pin=F1-1
Added Pin To Net: NetName=+24V_VIN Pin=J9-1
Added Pin To Net: NetName=+24V_VIN Pin=J9-2
Added Pin To Net: NetName=+24V_VIN Pin=J9-3
Added Pin To Net: NetName=+24V_VIN Pin=TP1-1
Added Net: Name=+24V_VIN
Added Pin To Net: NetName=CAN_N Pin=C31-2
Added Pin To Net: NetName=CAN_N Pin=D12-2
Added Pin To Net: NetName=CAN_N Pin=J8-2
Added Pin To Net: NetName=CAN_N Pin=R44-1
Added Net: Name=CAN_N
Added Pin To Net: NetName=CAN_P Pin=C32-2
Added Pin To Net: NetName=CAN_P Pin=D12-1
Added Pin To Net: NetName=CAN_P Pin=J8-1
Added Pin To Net: NetName=CAN_P Pin=R44-2
Added Net: Name=CAN_P
Added Pin To Net: NetName=CAN_RS Pin=R43-2
Added Pin To Net: NetName=CAN_RS Pin=U4-8
Added Pin To Net: NetName=CAN_RS Pin=U5-42
Added Net: Name=CAN_RS
Added Pin To Net: NetName=DRIVER_CS1 Pin=R57-2
Added Pin To Net: NetName=DRIVER_CS1 Pin=R72-2
Added Pin To Net: NetName=DRIVER_CS1 Pin=U7-10
Added Net: Name=DRIVER_CS1
Added Pin To Net: NetName=DRIVER_CS2 Pin=R68-2
Added Pin To Net: NetName=DRIVER_CS2 Pin=R77-2
Added Pin To Net: NetName=DRIVER_CS2 Pin=U9-10
Added Net: Name=DRIVER_CS2
Added Pin To Net: NetName=DRIVER_FAULT1 Pin=R56-2
Added Pin To Net: NetName=DRIVER_FAULT1 Pin=U5-25
Added Pin To Net: NetName=DRIVER_FAULT1 Pin=U7-9
Added Net: Name=DRIVER_FAULT1
Added Pin To Net: NetName=DRIVER_FAULT2 Pin=R61-2
Added Pin To Net: NetName=DRIVER_FAULT2 Pin=U5-26
Added Pin To Net: NetName=DRIVER_FAULT2 Pin=U9-9
Added Net: Name=DRIVER_FAULT2
Added Pin To Net: NetName=DRV_CS1 Pin=C48-2
Added Pin To Net: NetName=DRV_CS1 Pin=D40-2
Added Pin To Net: NetName=DRV_CS1 Pin=R57-1
Added Pin To Net: NetName=DRV_CS1 Pin=U5-23
Added Net: Name=DRV_CS1
Added Pin To Net: NetName=DRV_CS2 Pin=C53-2
Added Pin To Net: NetName=DRV_CS2 Pin=D41-2
Added Pin To Net: NetName=DRV_CS2 Pin=R68-1
Added Pin To Net: NetName=DRV_CS2 Pin=U5-24
Added Net: Name=DRV_CS2
Added Pin To Net: NetName=DRV_DIAG_EN1 Pin=R70-2
Added Pin To Net: NetName=DRV_DIAG_EN1 Pin=U5-17
Added Net: Name=DRV_DIAG_EN1
Added Pin To Net: NetName=DRV_DIAG_EN2 Pin=R76-2
Added Pin To Net: NetName=DRV_DIAG_EN2 Pin=U5-18
Added Net: Name=DRV_DIAG_EN2
Added Pin To Net: NetName=DRV_SEH1 Pin=R58-2
Added Pin To Net: NetName=DRV_SEH1 Pin=U5-19
Added Net: Name=DRV_SEH1
Added Pin To Net: NetName=DRV_SEH2 Pin=R73-2
Added Pin To Net: NetName=DRV_SEH2 Pin=U5-37
Added Net: Name=DRV_SEH2
Added Pin To Net: NetName=DRV_SEL1 Pin=R59-2
Added Pin To Net: NetName=DRV_SEL1 Pin=U5-20
Added Net: Name=DRV_SEL1
Added Pin To Net: NetName=DRV_SEL2 Pin=R74-2
Added Pin To Net: NetName=DRV_SEL2 Pin=U5-21
Added Net: Name=DRV_SEL2
Added Pin To Net: NetName=EN_LANE1 Pin=R60-2
Added Pin To Net: NetName=EN_LANE1 Pin=U5-30
Added Pin To Net: NetName=EN_LANE1 Pin=U6-2
Added Net: Name=EN_LANE1
Added Pin To Net: NetName=EN_LANE2 Pin=R62-2
Added Pin To Net: NetName=EN_LANE2 Pin=U5-31
Added Pin To Net: NetName=EN_LANE2 Pin=U6-5
Added Net: Name=EN_LANE2
Added Pin To Net: NetName=EN_LANE3 Pin=R63-2
Added Pin To Net: NetName=EN_LANE3 Pin=U5-32
Added Pin To Net: NetName=EN_LANE3 Pin=U6-10
Added Net: Name=EN_LANE3
Added Pin To Net: NetName=EN_LANE4 Pin=R64-2
Added Pin To Net: NetName=EN_LANE4 Pin=U5-33
Added Pin To Net: NetName=EN_LANE4 Pin=U6-13
Added Net: Name=EN_LANE4
Added Pin To Net: NetName=EN_LANE5 Pin=R65-2
Added Pin To Net: NetName=EN_LANE5 Pin=U5-34
Added Pin To Net: NetName=EN_LANE5 Pin=U8-2
Added Net: Name=EN_LANE5
Added Pin To Net: NetName=EN_LANE6 Pin=R66-2
Added Pin To Net: NetName=EN_LANE6 Pin=U5-35
Added Pin To Net: NetName=EN_LANE6 Pin=U8-5
Added Net: Name=EN_LANE6
Added Pin To Net: NetName=EN_LANE7 Pin=R67-2
Added Pin To Net: NetName=EN_LANE7 Pin=U5-40
Added Pin To Net: NetName=EN_LANE7 Pin=U8-10
Added Net: Name=EN_LANE7
Added Pin To Net: NetName=LANE1_LED Pin=R47-1
Added Pin To Net: NetName=LANE1_LED Pin=U5-27
Added Net: Name=LANE1_LED
Added Pin To Net: NetName=LANE1_SIG Pin=C3-2
Added Pin To Net: NetName=LANE1_SIG Pin=D1-2
Added Pin To Net: NetName=LANE1_SIG Pin=R5-2
Added Pin To Net: NetName=LANE1_SIG Pin=R7-2
Added Pin To Net: NetName=LANE1_SIG Pin=U5-13
Added Net: Name=LANE1_SIG
Added Pin To Net: NetName=LANE2_LED Pin=R48-1
Added Pin To Net: NetName=LANE2_LED Pin=U5-28
Added Net: Name=LANE2_LED
Added Pin To Net: NetName=LANE2_SIG Pin=C4-2
Added Pin To Net: NetName=LANE2_SIG Pin=D2-2
Added Pin To Net: NetName=LANE2_SIG Pin=R6-2
Added Pin To Net: NetName=LANE2_SIG Pin=R9-2
Added Pin To Net: NetName=LANE2_SIG Pin=U5-14
Added Net: Name=LANE2_SIG
Added Pin To Net: NetName=LANE3_LED Pin=R49-1
Added Pin To Net: NetName=LANE3_LED Pin=U5-29
Added Net: Name=LANE3_LED
Added Pin To Net: NetName=LANE3_SIG Pin=C7-2
Added Pin To Net: NetName=LANE3_SIG Pin=D3-2
Added Pin To Net: NetName=LANE3_SIG Pin=R15-2
Added Pin To Net: NetName=LANE3_SIG Pin=R17-2
Added Pin To Net: NetName=LANE3_SIG Pin=U5-15
Added Net: Name=LANE3_SIG
Added Pin To Net: NetName=LANE4_LED Pin=R50-1
Added Pin To Net: NetName=LANE4_LED Pin=U5-57
Added Net: Name=LANE4_LED
Added Pin To Net: NetName=LANE4_SIG Pin=C8-2
Added Pin To Net: NetName=LANE4_SIG Pin=D4-2
Added Pin To Net: NetName=LANE4_SIG Pin=R16-2
Added Pin To Net: NetName=LANE4_SIG Pin=R19-2
Added Pin To Net: NetName=LANE4_SIG Pin=U5-16
Added Net: Name=LANE4_SIG
Added Pin To Net: NetName=LANE5_LED Pin=R51-1
Added Pin To Net: NetName=LANE5_LED Pin=U5-58
Added Net: Name=LANE5_LED
Added Pin To Net: NetName=LANE5_SIG Pin=C11-2
Added Pin To Net: NetName=LANE5_SIG Pin=D5-2
Added Pin To Net: NetName=LANE5_SIG Pin=R25-2
Added Pin To Net: NetName=LANE5_SIG Pin=R28-2
Added Pin To Net: NetName=LANE5_SIG Pin=U5-38
Added Net: Name=LANE5_SIG
Added Pin To Net: NetName=LANE6_LED Pin=R52-1
Added Pin To Net: NetName=LANE6_LED Pin=U5-59
Added Net: Name=LANE6_LED
Added Pin To Net: NetName=LANE6_SIG Pin=C12-2
Added Pin To Net: NetName=LANE6_SIG Pin=D6-2
Added Pin To Net: NetName=LANE6_SIG Pin=R26-2
Added Pin To Net: NetName=LANE6_SIG Pin=R30-2
Added Pin To Net: NetName=LANE6_SIG Pin=U5-39
Added Net: Name=LANE6_SIG
Added Pin To Net: NetName=LANE7_LED Pin=R53-1
Added Pin To Net: NetName=LANE7_LED Pin=U5-60
Added Net: Name=LANE7_LED
Added Pin To Net: NetName=LANE7_SIG Pin=C14-2
Added Pin To Net: NetName=LANE7_SIG Pin=D7-2
Added Pin To Net: NetName=LANE7_SIG Pin=R33-2
Added Pin To Net: NetName=LANE7_SIG Pin=R34-2
Added Pin To Net: NetName=LANE7_SIG Pin=U5-48
Added Net: Name=LANE7_SIG
Added Pin To Net: NetName=LANE_IN1 Pin=U6-3
Added Pin To Net: NetName=LANE_IN1 Pin=U7-3
Added Net: Name=LANE_IN1
Added Pin To Net: NetName=LANE_IN2 Pin=U6-6
Added Pin To Net: NetName=LANE_IN2 Pin=U7-4
Added Net: Name=LANE_IN2
Added Pin To Net: NetName=LANE_IN3 Pin=U6-8
Added Pin To Net: NetName=LANE_IN3 Pin=U7-5
Added Net: Name=LANE_IN3
Added Pin To Net: NetName=LANE_IN4 Pin=U6-11
Added Pin To Net: NetName=LANE_IN4 Pin=U7-6
Added Net: Name=LANE_IN4
Added Pin To Net: NetName=LANE_IN5 Pin=U8-3
Added Pin To Net: NetName=LANE_IN5 Pin=U9-3
Added Net: Name=LANE_IN5
Added Pin To Net: NetName=LANE_IN6 Pin=U8-6
Added Pin To Net: NetName=LANE_IN6 Pin=U9-4
Added Net: Name=LANE_IN6
Added Pin To Net: NetName=LANE_IN7 Pin=U8-8
Added Pin To Net: NetName=LANE_IN7 Pin=U9-5
Added Net: Name=LANE_IN7
Added Pin To Net: NetName=LANE_OUT1 Pin=D25-1
Added Pin To Net: NetName=LANE_OUT1 Pin=J1-1
Added Pin To Net: NetName=LANE_OUT1 Pin=U7-27
Added Pin To Net: NetName=LANE_OUT1 Pin=U7-28
Added Net: Name=LANE_OUT1
Added Pin To Net: NetName=LANE_OUT2 Pin=D26-1
Added Pin To Net: NetName=LANE_OUT2 Pin=J2-1
Added Pin To Net: NetName=LANE_OUT2 Pin=U7-25
Added Pin To Net: NetName=LANE_OUT2 Pin=U7-26
Added Net: Name=LANE_OUT2
Added Pin To Net: NetName=LANE_OUT3 Pin=D29-1
Added Pin To Net: NetName=LANE_OUT3 Pin=J3-1
Added Pin To Net: NetName=LANE_OUT3 Pin=U7-17
Added Pin To Net: NetName=LANE_OUT3 Pin=U7-18
Added Net: Name=LANE_OUT3
Added Pin To Net: NetName=LANE_OUT4 Pin=D30-1
Added Pin To Net: NetName=LANE_OUT4 Pin=J4-1
Added Pin To Net: NetName=LANE_OUT4 Pin=U7-15
Added Pin To Net: NetName=LANE_OUT4 Pin=U7-16
Added Net: Name=LANE_OUT4
Added Pin To Net: NetName=LANE_OUT5 Pin=D33-1
Added Pin To Net: NetName=LANE_OUT5 Pin=J5-1
Added Pin To Net: NetName=LANE_OUT5 Pin=U9-27
Added Pin To Net: NetName=LANE_OUT5 Pin=U9-28
Added Net: Name=LANE_OUT5
Added Pin To Net: NetName=LANE_OUT6 Pin=D34-1
Added Pin To Net: NetName=LANE_OUT6 Pin=J6-1
Added Pin To Net: NetName=LANE_OUT6 Pin=U9-25
Added Pin To Net: NetName=LANE_OUT6 Pin=U9-26
Added Net: Name=LANE_OUT6
Added Pin To Net: NetName=LANE_OUT7 Pin=D37-1
Added Pin To Net: NetName=LANE_OUT7 Pin=J7-1
Added Pin To Net: NetName=LANE_OUT7 Pin=U9-17
Added Pin To Net: NetName=LANE_OUT7 Pin=U9-18
Added Net: Name=LANE_OUT7
Added Pin To Net: NetName=LED_CAN Pin=R46-1
Added Pin To Net: NetName=LED_CAN Pin=U5-61
Added Net: Name=LED_CAN
Added Pin To Net: NetName=LED_STAT Pin=R45-1
Added Pin To Net: NetName=LED_STAT Pin=U5-47
Added Net: Name=LED_STAT
Added Pin To Net: NetName=NetC23_2 Pin=C23-2
Added Pin To Net: NetName=NetC23_2 Pin=L1-2
Added Pin To Net: NetName=NetC23_2 Pin=U2-2
Added Net: Name=NetC23_2
Added Pin To Net: NetName=NetC25_2 Pin=C25-2
Added Pin To Net: NetName=NetC25_2 Pin=D10-C
Added Pin To Net: NetName=NetC25_2 Pin=D11-C
Added Pin To Net: NetName=NetC25_2 Pin=U3-3
Added Net: Name=NetC25_2
Added Pin To Net: NetName=NetD13_2 Pin=D13-2
Added Pin To Net: NetName=NetD13_2 Pin=R45-2
Added Net: Name=NetD13_2
Added Pin To Net: NetName=NetD14_2 Pin=D14-2
Added Pin To Net: NetName=NetD14_2 Pin=R46-2
Added Net: Name=NetD14_2
Added Pin To Net: NetName=NetD15_2 Pin=D15-2
Added Pin To Net: NetName=NetD15_2 Pin=R47-2
Added Net: Name=NetD15_2
Added Pin To Net: NetName=NetD16_2 Pin=D16-2
Added Pin To Net: NetName=NetD16_2 Pin=R48-2
Added Net: Name=NetD16_2
Added Pin To Net: NetName=NetD17_2 Pin=D17-2
Added Pin To Net: NetName=NetD17_2 Pin=R49-2
Added Net: Name=NetD17_2
Added Pin To Net: NetName=NetD18_2 Pin=D18-2
Added Pin To Net: NetName=NetD18_2 Pin=R50-2
Added Net: Name=NetD18_2
Added Pin To Net: NetName=NetD19_2 Pin=D19-2
Added Pin To Net: NetName=NetD19_2 Pin=R51-2
Added Net: Name=NetD19_2
Added Pin To Net: NetName=NetD20_2 Pin=D20-2
Added Pin To Net: NetName=NetD20_2 Pin=R52-2
Added Net: Name=NetD20_2
Added Pin To Net: NetName=NetD21_2 Pin=D21-2
Added Pin To Net: NetName=NetD21_2 Pin=R53-2
Added Net: Name=NetD21_2
Added Pin To Net: NetName=NetD27_1 Pin=D27-1
Added Pin To Net: NetName=NetD27_1 Pin=J1-3
Added Pin To Net: NetName=NetD27_1 Pin=R5-1
Added Pin To Net: NetName=NetD27_1 Pin=R8-2
Added Net: Name=NetD27_1
Added Pin To Net: NetName=NetD28_1 Pin=D28-1
Added Pin To Net: NetName=NetD28_1 Pin=J2-3
Added Pin To Net: NetName=NetD28_1 Pin=R6-1
Added Pin To Net: NetName=NetD28_1 Pin=R10-2
Added Net: Name=NetD28_1
Added Pin To Net: NetName=NetD31_1 Pin=D31-1
Added Pin To Net: NetName=NetD31_1 Pin=J3-3
Added Pin To Net: NetName=NetD31_1 Pin=R15-1
Added Pin To Net: NetName=NetD31_1 Pin=R18-2
Added Net: Name=NetD31_1
Added Pin To Net: NetName=NetD32_1 Pin=D32-1
Added Pin To Net: NetName=NetD32_1 Pin=J4-3
Added Pin To Net: NetName=NetD32_1 Pin=R16-1
Added Pin To Net: NetName=NetD32_1 Pin=R20-2
Added Net: Name=NetD32_1
Added Pin To Net: NetName=NetD35_1 Pin=D35-1
Added Pin To Net: NetName=NetD35_1 Pin=J5-3
Added Pin To Net: NetName=NetD35_1 Pin=R25-1
Added Pin To Net: NetName=NetD35_1 Pin=R29-2
Added Net: Name=NetD35_1
Added Pin To Net: NetName=NetD36_1 Pin=D36-1
Added Pin To Net: NetName=NetD36_1 Pin=J6-3
Added Pin To Net: NetName=NetD36_1 Pin=R26-1
Added Pin To Net: NetName=NetD36_1 Pin=R31-2
Added Net: Name=NetD36_1
Added Pin To Net: NetName=NetD38_1 Pin=D38-1
Added Pin To Net: NetName=NetD38_1 Pin=J7-3
Added Pin To Net: NetName=NetD38_1 Pin=R33-1
Added Pin To Net: NetName=NetD38_1 Pin=R35-2
Added Net: Name=NetD38_1
Added Pin To Net: NetName=NetD39_1 Pin=D39-1
Added Pin To Net: NetName=NetD39_1 Pin=R40-2
Added Net: Name=NetD39_1
Added Pin To Net: NetName=NetJ10_A5 Pin=J10-A5
Added Pin To Net: NetName=NetJ10_A5 Pin=R54-1
Added Net: Name=NetJ10_A5
Added Pin To Net: NetName=NetJ10_A6 Pin=J10-A6
Added Pin To Net: NetName=NetJ10_A6 Pin=J10-B6
Added Pin To Net: NetName=NetJ10_A6 Pin=L2-1
Added Net: Name=NetJ10_A6
Added Pin To Net: NetName=NetJ10_A7 Pin=J10-A7
Added Pin To Net: NetName=NetJ10_A7 Pin=J10-B7
Added Pin To Net: NetName=NetJ10_A7 Pin=L2-2
Added Net: Name=NetJ10_A7
Added Pin To Net: NetName=NetJ10_B5 Pin=J10-B5
Added Pin To Net: NetName=NetJ10_B5 Pin=R55-1
Added Net: Name=NetJ10_B5
Added Pin To Net: NetName=NetM1_G Pin=M1-G
Added Pin To Net: NetName=NetM1_G Pin=U1-5
Added Net: Name=NetM1_G
Added Pin To Net: NetName=NetR1_1 Pin=R1-1
Added Pin To Net: NetName=NetR1_1 Pin=R3-2
Added Pin To Net: NetName=NetR1_1 Pin=SW1-3
Added Net: Name=NetR1_1
Added Pin To Net: NetName=NetR11_1 Pin=R11-1
Added Pin To Net: NetName=NetR11_1 Pin=R14-2
Added Pin To Net: NetName=NetR11_1 Pin=SW4-3
Added Net: Name=NetR11_1
Added Pin To Net: NetName=NetR12_1 Pin=R12-1
Added Pin To Net: NetName=NetR12_1 Pin=R13-2
Added Pin To Net: NetName=NetR12_1 Pin=SW3-3
Added Net: Name=NetR12_1
Added Pin To Net: NetName=NetR21_1 Pin=R21-1
Added Pin To Net: NetName=NetR21_1 Pin=R23-2
Added Pin To Net: NetName=NetR21_1 Pin=SW5-3
Added Net: Name=NetR21_1
Added Pin To Net: NetName=NetR22_1 Pin=R22-1
Added Pin To Net: NetName=NetR22_1 Pin=R24-2
Added Pin To Net: NetName=NetR22_1 Pin=SW6-3
Added Net: Name=NetR22_1
Added Pin To Net: NetName=NetR27_1 Pin=R27-1
Added Pin To Net: NetName=NetR27_1 Pin=R32-2
Added Pin To Net: NetName=NetR27_1 Pin=SW7-3
Added Net: Name=NetR27_1
Added Pin To Net: NetName=NetR58_1 Pin=R58-1
Added Pin To Net: NetName=NetR58_1 Pin=U7-7
Added Net: Name=NetR58_1
Added Pin To Net: NetName=NetR59_1 Pin=R59-1
Added Pin To Net: NetName=NetR59_1 Pin=U7-8
Added Net: Name=NetR59_1
Added Pin To Net: NetName=NetR69_1 Pin=R69-1
Added Pin To Net: NetName=NetR69_1 Pin=U7-11
Added Net: Name=NetR69_1
Added Pin To Net: NetName=NetR70_1 Pin=R70-1
Added Pin To Net: NetName=NetR70_1 Pin=U7-14
Added Net: Name=NetR70_1
Added Pin To Net: NetName=NetR73_1 Pin=R73-1
Added Pin To Net: NetName=NetR73_1 Pin=U9-7
Added Net: Name=NetR73_1
Added Pin To Net: NetName=NetR74_1 Pin=R74-1
Added Pin To Net: NetName=NetR74_1 Pin=U9-8
Added Net: Name=NetR74_1
Added Pin To Net: NetName=NetR75_1 Pin=R75-1
Added Pin To Net: NetName=NetR75_1 Pin=U9-11
Added Net: Name=NetR75_1
Added Pin To Net: NetName=NetR76_1 Pin=R76-1
Added Pin To Net: NetName=NetR76_1 Pin=U9-14
Added Net: Name=NetR76_1
Added Pin To Net: NetName=NetSW9_5 Pin=SW9-5
Added Pin To Net: NetName=NetSW9_5 Pin=U5-2
Added Net: Name=NetSW9_5
Added Pin To Net: NetName=NetSW9_6 Pin=SW9-6
Added Pin To Net: NetName=NetSW9_6 Pin=U5-3
Added Net: Name=NetSW9_6
Added Pin To Net: NetName=NetSW9_7 Pin=SW9-7
Added Pin To Net: NetName=NetSW9_7 Pin=U5-4
Added Net: Name=NetSW9_7
Added Pin To Net: NetName=NetSW9_8 Pin=SW9-8
Added Pin To Net: NetName=NetSW9_8 Pin=U5-5
Added Net: Name=NetSW9_8
Added Pin To Net: NetName=NetT1_1 Pin=U4-7
Added Net: Name=NetT1_1
Added Pin To Net: NetName=NetT1_2 Pin=U4-6
Added Net: Name=NetT1_2
Added Pin To Net: NetName=SW_LANE1 Pin=C1-2
Added Pin To Net: NetName=SW_LANE1 Pin=R1-2
Added Pin To Net: NetName=SW_LANE1 Pin=U5-50
Added Pin To Net: NetName=SW_LANE1 Pin=U6-1
Added Net: Name=SW_LANE1
Added Pin To Net: NetName=SW_LANE2 Pin=C2-2
Added Pin To Net: NetName=SW_LANE2 Pin=R2-2
Added Pin To Net: NetName=SW_LANE2 Pin=U5-51
Added Pin To Net: NetName=SW_LANE2 Pin=U6-4
Added Net: Name=SW_LANE2
Added Pin To Net: NetName=SW_LANE3 Pin=C5-2
Added Pin To Net: NetName=SW_LANE3 Pin=R12-2
Added Pin To Net: NetName=SW_LANE3 Pin=U5-52
Added Pin To Net: NetName=SW_LANE3 Pin=U6-9
Added Net: Name=SW_LANE3
Added Pin To Net: NetName=SW_LANE4 Pin=C6-2
Added Pin To Net: NetName=SW_LANE4 Pin=R11-2
Added Pin To Net: NetName=SW_LANE4 Pin=U5-53
Added Pin To Net: NetName=SW_LANE4 Pin=U6-12
Added Net: Name=SW_LANE4
Added Pin To Net: NetName=SW_LANE5 Pin=C9-2
Added Pin To Net: NetName=SW_LANE5 Pin=R21-2
Added Pin To Net: NetName=SW_LANE5 Pin=U5-54
Added Pin To Net: NetName=SW_LANE5 Pin=U8-1
Added Net: Name=SW_LANE5
Added Pin To Net: NetName=SW_LANE6 Pin=C10-2
Added Pin To Net: NetName=SW_LANE6 Pin=R22-2
Added Pin To Net: NetName=SW_LANE6 Pin=U5-55
Added Pin To Net: NetName=SW_LANE6 Pin=U8-4
Added Net: Name=SW_LANE6
Added Pin To Net: NetName=SW_LANE7 Pin=C13-2
Added Pin To Net: NetName=SW_LANE7 Pin=R27-2
Added Pin To Net: NetName=SW_LANE7 Pin=U5-56
Added Pin To Net: NetName=SW_LANE7 Pin=U8-9
Added Net: Name=SW_LANE7
Added Pin To Net: NetName=SWCLK/BOOT Pin=P1-4
Added Pin To Net: NetName=SWCLK/BOOT Pin=R41-1
Added Pin To Net: NetName=SWCLK/BOOT Pin=R71-2
Added Pin To Net: NetName=SWCLK/BOOT Pin=U5-46
Added Net: Name=SWCLK/BOOT
Added Pin To Net: NetName=USB_VBUS_DET Pin=C26-2
Added Pin To Net: NetName=USB_VBUS_DET Pin=R38-1
Added Pin To Net: NetName=USB_VBUS_DET Pin=R39-2
Added Pin To Net: NetName=USB_VBUS_DET Pin=U5-36
Added Net: Name=USB_VBUS_DET
Added Pin To Net: NetName=VBUS Pin=C43-2
Added Pin To Net: NetName=VBUS Pin=D11-A
Added Pin To Net: NetName=VBUS Pin=D22-2
Added Pin To Net: NetName=VBUS Pin=J10-A4_B9
Added Pin To Net: NetName=VBUS Pin=J10-B4_A9
Added Pin To Net: NetName=VBUS Pin=R38-2
Added Net: Name=VBUS
Added Pin To Net: NetName=VM_SENSE Pin=C20-2
Added Pin To Net: NetName=VM_SENSE Pin=R36-1
Added Pin To Net: NetName=VM_SENSE Pin=R37-2
Added Pin To Net: NetName=VM_SENSE Pin=U5-22
Added Net: Name=VM_SENSE
Added Pin To Net: NetName=VM Pin=C15-1
Added Pin To Net: NetName=VM Pin=C16-1
Added Pin To Net: NetName=VM Pin=C18-2
Added Pin To Net: NetName=VM Pin=C19-2
Added Pin To Net: NetName=VM Pin=C22-1
Added Pin To Net: NetName=VM Pin=C28-1
Added Pin To Net: NetName=VM Pin=C42-1
Added Pin To Net: NetName=VM Pin=C45-2
Added Pin To Net: NetName=VM Pin=C46-2
Added Pin To Net: NetName=VM Pin=C47-2
Added Pin To Net: NetName=VM Pin=C50-2
Added Pin To Net: NetName=VM Pin=D9-2
Added Pin To Net: NetName=VM Pin=L1-1
Added Pin To Net: NetName=VM Pin=M1-D
Added Pin To Net: NetName=VM Pin=M1-D
Added Pin To Net: NetName=VM Pin=M1-D
Added Pin To Net: NetName=VM Pin=M1-D
Added Pin To Net: NetName=VM Pin=M1-D
Added Pin To Net: NetName=VM Pin=R36-2
Added Pin To Net: NetName=VM Pin=RV1-2
Added Pin To Net: NetName=VM Pin=TP2-1
Added Pin To Net: NetName=VM Pin=U1-4
Added Pin To Net: NetName=VM Pin=U7-20
Added Pin To Net: NetName=VM Pin=U7-21
Added Pin To Net: NetName=VM Pin=U7-22
Added Pin To Net: NetName=VM Pin=U7-23
Added Pin To Net: NetName=VM Pin=U9-20
Added Pin To Net: NetName=VM Pin=U9-21
Added Pin To Net: NetName=VM Pin=U9-22
Added Pin To Net: NetName=VM Pin=U9-23
Added Net: Name=VM
Added Pin To Net: NetName=VREF Pin=B1-2
Added Pin To Net: NetName=VREF Pin=C40-2
Added Pin To Net: NetName=VREF Pin=C41-2
Added Pin To Net: NetName=VREF Pin=U5-7
Added Net: Name=VREF
Added Class: Name=03_CONNECTOR
Added Class: Name=04_POWER
Added Class: Name=05_MCU
Added Class: Name=07_USB
Added Class: Name=08_PWM_DRIVER
Added Class: Name=CAN
Added Class: Name=USB
Added Member To Class: ClassName=06_CANBUS Member=Component C29 CAP CER 10UF 10V X5R 0603
Added Member To Class: ClassName=06_CANBUS Member=Component C30 100nF
Added Member To Class: ClassName=06_CANBUS Member=Component C31 CAP CER 100PF 50V C0G/NP0 0603
Added Member To Class: ClassName=06_CANBUS Member=Component C32 CAP CER 100PF 50V C0G/NP0 0603
Added Member To Class: ClassName=06_CANBUS Member=Component D12 CAN
Added Member To Class: ClassName=06_CANBUS Member=Component FB1 BLM21PG121SN1D
Added Member To Class: ClassName=06_CANBUS Member=Component R43 RES 10K OHM 1% 1/8W 0603
Added Member To Class: ClassName=06_CANBUS Member=Component R44 120 Ohms
Add Class Member: Failed to add class member : Component T1 ACT45B-510-2P
Added Member To Class: ClassName=06_CANBUS Member=Component TP5 Testpoint
Added Member To Class: ClassName=06_CANBUS Member=Component TP6 Testpoint
Added Member To Class: ClassName=06_CANBUS Member=Component U4 SN65HVD231QDR
Added Rule: Name=Schematic Supply Nets_6
Added Rule: Name=Schematic Supply Nets_7
Added Rule: Name=Schematic Supply Nets_8
Added Rule: Name=Schematic Supply Nets_9
Change Class Name : Old Net Name=USB New Net Name=DIFF_USB
